0	41	mouse, west
1	60	jump to brown rock
2	18	bozbar horse
3	77	examine goblin
4	32	take tea
5	70	put ticket in slot
6	32	take shield
7	53	show ring to michael
8	15	put bronze on left
9	63	touch control stud
10	77	examine statues
11	83	drink water
12	12	push green button
13	32	get sprig
14	52	drop food
15	17	turn on lantern
16	12	push piano south
17	82	give carton to hacker
18	23	open handbag
19	3	look at shape
20	52	drop mine
21	32	get canary
22	52	drop shiny key
23	52	drop third brick
24	64	tie tinsel to coin
25	52	drop pigeon
26	12	push right button
27	12	push yellow
28	32	take brown rod
29	43	read prayer
30	64	tie rope to rod
31	82	give teddy to woman
32	32	get worm
33	15	put sphere on pentagram
34	77	x magazines
35	32	get rusty key
36	82	give cola to britney
37	32	get weeds with fork
38	70	put cave cube in bottom right socket
39	82	dragon, give ring to me
40	59	say boo
41	23	open blue box
42	82	give gram to ed
43	82	give jewels to guard
44	59	echo
45	77	examine ball
46	32	get miniaturization card
47	35	search garbage
48	12	push play
49	52	drop padlock
50	23	open tin
51	15	put flask under spout
52	82	give note to man
53	32	take dornberries
54	77	x sydney
55	27	talk to sleaze
56	25	ask morgan about dragon
57	32	take stopper
58	25	ask bum about anna
59	53	show crossbow to dragon
60	32	take dish
61	56	throw club at aquarium
62	70	put white in unit
63	70	put peg in hole
64	3	look behind painting
65	52	drop silver
66	32	take all
67	18	mix cauldron with spoon
68	4	set thermostat to warm
69	55	light salt with bug
70	77	x coffee
71	52	drop small key
72	28	slide k
73	3	look up
74	31	dungeon master, turn dial to 8 and press button
75	24	press east wall
76	37	remove brick with crowbar
77	32	get key, jewels and whistle
78	77	x officer
79	25	ask gnome about page
80	17	turn on lamp
81	32	get coin
82	10	rub locket
83	18	bunyon
84	32	get silver
85	32	get shimmering scroll
86	77	x kettle
87	21	wear fur
88	82	give fragment to green rock
89	52	drop package
90	32	get egg
91	47	enter
92	77	x female
93	70	put small plug in plotter
94	35	search slabs
95	37	remove new brick with crowbar
96	24	press black
97	23	open lab door
98	32	take pigeon
99	77	examine rolls
100	24	press brown button
101	3	look in pit
102	23	open shark repellent
103	70	put all in zipper except book
104	23	open pouch
105	23	open secret panel
106	52	drop bowl
107	32	get crow
108	32	take no tea
109	77	examine sundial
110	39	unlock chain with keys
111	56	throw silver at white
112	82	give case to jenny
113	32	get scarf
114	32	take moldy book
115	82	give paper to gnome
116	70	put coin in jukebox
117	23	open cauldron
118	24	press blue button
119	32	get note
120	77	x guard
121	35	search machines
122	15	put long steel key on keyring
123	23	open front door
124	33	pour liquid on body
125	23	open william coffin
126	77	x chairs
127	3	look in fountain
128	32	get coat
129	70	put letter opener in keyhole
130	32	get battery
131	43	read subway
132	19	close outer door
133	82	give amulet to bum
134	43	read page
135	77	x thug
136	43	read white scroll
137	77	examine screen
138	70	put heart in statue
139	77	examine map
140	32	take robe
141	32	get green card
142	32	get horn
143	3	look in tear
144	77	examine radio
145	25	ask bum about brother
146	38	break seal with pickaxe
147	73	stand on bench
148	32	get leaflet
149	70	put bag in case
150	77	x soft things
151	56	throw iron key at cat
152	25	ask gnome about mother
153	32	take spell book from zipper
154	32	take book
155	70	put key in hole
156	49	drive to the embankment
157	12	push button 3
158	77	examine pedlar
159	35	search sludge
160	51	cut clingfilm with knife
161	77	examine items
162	62	buy candy from hawker
163	33	pour water on powder
164	19	close cabinet
165	8	wave sceptre
166	77	examine hive
167	70	put trident in case
168	18	gnusto foblub
169	23	open drawer
170	13	pull chain
171	77	examine volt meter
172	32	get accordion
173	5	shoot mushroom with crossbow
174	78	turn neith
175	32	take lump
176	32	get rose
177	18	gnusto vaxum spell
178	79	burn speck
179	76	point it at me
180	77	examine charles
181	15	put sweater on table
182	32	get hyrax
183	32	take sketch
184	67	fill bath
185	23	open net
186	32	get fluff
187	32	take implementeers
188	66	learn feeyuk
189	8	wave it in moonlight
190	32	get bell
191	32	get maiden
192	32	take vial
193	23	open gate
194	3	look in displaycase
195	18	krebf shredded scroll
196	32	take plank
197	35	search picture of cat
198	77	x comb
199	32	take coal
200	13	pull knob
201	12	push south wall
202	32	get bottle
203	52	drop nasty knife
204	52	drop pack
205	52	drop it and kit
206	32	get antimacassar
207	32	take egg from pot
208	32	get rod
209	2	look up ternalim in fresto
210	77	examine hole
211	74	turn off machine
212	18	blorple 12
213	19	close link
214	77	x pan
215	77	x ball
216	32	get gas
217	17	turn on autopilot
218	41	go ledge
219	50	wait
220	18	foe
221	18	pick cuffs with needle
222	32	get pouch
223	32	get pump
224	52	drop all but pincer
225	32	get gigantic bowl
226	53	show spreadsheet
227	32	take cola
228	69	sit on dragon
229	72	y
230	15	put it on tomb
231	32	take gnomon
232	78	turn dial left
233	32	take whip
234	59	say rat to picasso
235	32	get gold leaf scroll
236	12	push ball south
237	32	get violin, necklace, ruby, zorkmid, stamp, crown and dragon
238	39	unlock chain with brooch
239	59	say minirva
240	77	x wheels
241	53	show earth crystal to trent
242	15	put bazooka on claw
243	78	turn wireless on
244	77	x hawk
245	12	push filthy n
246	81	smash cabinet
247	77	x dusty brick
248	23	open crate with poker
249	52	drop passbook
250	32	get jewellery box
251	77	x tower
252	32	get interface
253	65	g
254	12	push table e
255	33	pour hot porridge in gigantic bowl
256	25	ask allarah about jewel
257	32	take gold box
258	52	drop pot
259	77	x mirror
260	35	search snow
261	32	take printer
262	25	ask bly about problem
263	32	take picture
264	52	drop briefcase
265	18	frotz bottle
266	8	wave stick
267	32	get tarot box
268	32	get alpha
269	15	put x12 on first pile
270	77	x cat
271	23	open case
272	66	learn nitfol
273	32	get oil can
274	70	put cloth in water
275	37	remove tank
276	32	take silver rod
277	22	ask librarian for book
278	70	put satchel in front of panel
279	23	open oven
280	66	learn shazok
281	12	push pram south
282	15	put kettle on stove
283	47	enter white door
284	15	put magnet on mine
285	21	wear cloak
286	19	shut panel
287	78	turn sceptre
288	32	get electromagnet
289	63	touch waterfall
290	17	turn on slide projector
291	56	throw stone at thing
292	3	look under jukebox
293	57	take off veil
294	70	put pouch in toolkit
295	32	get pillar
296	3	look at device
297	18	yonk malyon spell
298	52	drop suit
299	70	put fluff in bag
300	68	4
301	77	examine dusty book
302	25	ask farmer about oyster
303	32	get improbability drive
304	3	look at frank
305	23	open grate
306	82	give violin, necklace, ruby, stamp, zorkmid, crown and dragon to demon
307	32	take sword
308	12	push piano east
309	82	give pork to wolf
310	52	drop grater
311	77	x porous wall
312	77	examine lever
313	21	wear it
314	75	eat fruit
315	24	press red button
316	18	frotz burin
317	80	dig in tub
318	32	take shovel
319	82	give flask to bum
320	23	open notebook
321	32	get token
322	25	ask harry about eddie smaldone
323	18	gnusto meef spell
324	28	slide i
325	82	give pumpkin to fairy godmother
326	77	x counter
327	70	put new battery in torch
328	32	take ticket
329	82	give lens to norbert
330	32	get rod of life
331	2	look up verlac
332	82	give card to alan
333	3	look under bed
334	32	get wine
335	32	take briefcase
336	2	look up edward in record
337	19	close raincoat
338	18	huncho me
339	32	get scroll
340	70	put opener in keyhole
341	38	break glass with hammer
342	32	get lamp, glass and ampoule
343	32	take ash
344	32	get oil
345	78	turn knob to high
346	32	get novel
347	43	read pages
348	32	get teapot, mat, letter opener, matchbook and paper
349	25	ask dragon about trinket
350	17	turn on switch
351	70	put ledger in pot
352	77	x grill
353	32	get brain
354	77	x old man
355	23	open wrapper
356	32	take 1
357	12	push bookcase
358	21	wear balm
359	32	get bread
360	32	get stick
361	70	put red cake in pool
362	3	look at shadow
363	15	put it on hand
364	83	drink whiskey
365	47	enter hole
366	63	touch man
367	77	examine bookcase
368	77	x metal thing
369	32	take clock
370	32	get line
371	61	hit dragon with sword
372	70	put wire in slot
373	52	drop vase
374	32	get treasure
375	3	look into wagon
376	18	kulcad stairs
377	77	x curtain
378	70	put chasm cube in bottom left socket
379	52	drop pager
380	43	read opal scratch with glass
381	23	open manhole with crowbar
382	14	lower flag
383	32	take egg
384	12	push filthy s
385	18	mosaic, lagach
386	77	x indicator
387	35	search workbench
388	40	move carpet
389	32	take all but lantern
390	70	put trophy in depression
391	75	eat it
392	32	take silver coin
393	77	x huge statue
394	32	take 9
395	77	x opener
396	56	throw sword into lake
397	77	x studs
398	77	x terrock
399	18	anoppe
400	47	enter boat
401	25	ask george about town
402	24	press north wall
403	55	light torch with newspaper
404	32	get sceptre
405	18	yomin ogre
406	77	examine meteor
407	77	examine arthur
408	32	take spreadsheet
409	32	get sharp pick
410	32	get clear sphere
411	32	get gloves
412	13	pull ropes
413	31	rock, sw
414	18	gnusto scroll
415	53	show warranty
416	5	shoot prey
417	52	drop key
418	32	take probe
419	77	x tree
420	70	put shiny in pot
421	70	put amulet in slot
422	70	put cereal in pot
423	82	give coin to gnome
424	70	put coin in zipper
425	37	remove old battery
426	18	izyuk myself
427	24	press button
428	77	examine rose
429	52	drop emerald
430	56	throw all but book into lower chute
431	18	gnusto liskon
432	43	read notice
433	59	say my name
434	32	get all
435	15	put soap on zipper
436	25	ask alan about novel
437	32	get crossbow
438	19	close locket
439	36	strike rod of ice
440	21	wear tourniquet
441	70	put glass in crack
442	32	take hoard
443	47	enter shack
444	32	get knife
445	70	put decaf in pot
446	32	get lamp
447	55	light lantern
448	12	push green
449	55	light gas
450	35	search straw
451	23	open torch
452	78	turn it left 7
453	82	demon, give me wand
454	66	learn blorb
455	12	push demeter southwest
456	32	get rods from coffin
457	70	put thumb in hole
458	25	ask female about bar
459	83	drink drink
460	77	x writing
461	52	drop birdcage
462	43	read wall
463	59	plugh
464	70	put homing in hatch
465	32	take trophy
466	42	get out of pentagram
467	49	drive to covent garden
468	23	open dumpster
469	32	get clothes
470	31	turtle, se and get scroll then nw
471	52	drop dagger
472	77	x bay
473	13	pull rods
474	32	get sapphire
475	3	look through astrolabe
476	18	espnis thug
477	33	pour fluid in hole
478	31	hole, n
479	32	get star
480	15	put gown on hook
481	32	take amethysts
482	36	strike returning
483	23	open compartment
484	35	search valuables
485	66	learn swanko
486	32	take rag
487	24	press green button
488	24	press switch a
489	76	point it at mural
490	32	take ticket 5802
491	18	gnusto gaspar spell
492	47	enter dory
493	77	examine box
494	32	take flour
495	25	ask gnome about prinout
496	32	get flask
497	19	close jar
498	19	close zipper
499	47	enter pram
500	70	put pan in oven
501	32	get can
502	32	get suit
503	34	clean podium
504	52	drop telescope
505	77	x forcefield stud
506	18	vaxum being
507	70	put match in raincoat
508	32	take rod
509	24	press med
510	32	get orange vial
511	25	ask george about dehlila
512	46	write 3 on cube
513	52	drop gigantic bowl
514	53	show pole to gnome
515	13	pull third peg
516	52	drop toupee
517	70	put opal cluster in knapsack
518	63	touch information
519	4	set dial to 948
520	52	drop mousetrap
521	24	press down
522	23	open copier
523	59	say "float"
524	43	read warning note
525	82	give match to man
526	77	examine skeleton
527	24	press forcefield
528	53	show blue to trent
529	32	take painting
530	51	cut blue tassel
531	77	x gate
532	18	gnusto egdelp
533	32	get bag
534	52	drop knapsack
535	77	x copy
536	77	examine rope
537	43	read crumpled scroll
538	52	drop finch
539	24	press sequence stud
540	53	show ticket to gravedigger
541	33	pour wine in green goblet
542	78	turn dial
543	32	get implement
544	77	x light
545	77	x switch
546	32	take rune
547	21	wear shroud
548	34	clean table with cloth
549	70	put bit in tea
550	43	read torn
551	32	get pots
552	52	drop crampons
553	77	x transmit stud
554	52	drop cork
555	43	read of unseen terror
556	32	get brass key
557	72	sleaze
558	47	enter roller
559	40	move block
560	77	x ariana
561	23	open west door
562	63	touch w rune with rose
563	3	look under cushion
564	63	touch orange
565	3	look in cabinet
566	32	get album
567	23	open satchel
568	77	examine pram
569	77	x skeleton
570	32	get amulet and scroll
571	64	tie scarf to signpost
572	52	drop scroll
573	70	put dynamite in toaster
574	18	click designers_manual
575	70	put headdress in pot
576	76	point down
577	62	buy telescope
578	19	close matchbook
579	32	get short poem
580	76	point it at goats
581	18	gnusto swanko
582	70	put book in cabinet
583	23	open tapestry
584	32	get golden chalice
585	34	clean lump
586	77	examine light
587	3	look at screen
588	66	learn tossio
589	32	take gray rod
590	70	put ring, book in sack
591	32	get branch
592	77	examine chasm
593	56	throw rock at stick
594	32	get ring
595	32	take sweater
596	70	put butter in pot
597	52	drop jacket
598	32	take pebble
599	61	hit floor with axe
600	32	take limb
601	23	open access panel
602	18	feeyuk me
603	53	show case to jenny
604	70	put ladder in well
605	52	drop spade
606	32	take knife
607	23	knight, open flagstone
608	32	get black scroll
609	32	take keys with pole
610	23	open mailbox
611	66	learn throck
612	32	take feather
613	22	ask tip for tool
614	38	break cabinet
615	3	look in coat
616	32	get parcel from cupboard
617	32	take gores
618	32	take newspaper
619	32	get topaz
620	4	set constellations to horse
621	77	examine fence
622	23	open briefcase
623	77	examine crypt
624	15	put flathead on circle
625	41	e
626	32	take balsa beam
627	53	show ribbon to chuckles
628	41	go under wall
629	77	x cubicles
630	16	lift plywood cover
631	77	x cupboard
632	32	get flag
633	77	x gauge
634	83	drink ochre potion
635	32	get newspaper
636	35	search stand
637	39	unlock grating with rusty key
638	70	put gold in toolkit
639	63	touch notch
640	66	learn izyuk spell
641	63	touch flower
642	77	examine fawkes
643	33	pour water in silver chalice
644	25	ask barman about job
645	49	drive to tower of london
646	43	read flimsy scroll
647	32	get ace
648	70	put coin in pocket
649	23	open cover
650	32	get wrought iron key
651	24	press channel
652	52	drop brown
653	32	get crampons
654	70	put worm in fountain
655	77	x cutout
656	3	look in panel
657	70	put honey in cauldron
658	13	pull torch
659	80	dig ground
660	23	open navy-blue box
661	16	raise lever
662	77	x panel
663	70	put figurine in case
664	66	learn ozmoo
665	18	blorple 9
666	70	put torch in basket
667	32	get grater
668	15	put clover on coin
669	32	get spray
670	43	read writings
671	4	set second wheel to 2
672	32	get gold
673	37	remove brick
674	47	enter square
675	77	x wallet
676	17	turn on machine
677	18	gnusto swanzo spell
678	32	take cushion
679	32	get card
680	15	put collar on dog
681	32	get yellow
682	56	throw rod
683	70	put sheet in tray
684	70	put card in pocket
685	83	drink beer
686	23	open filing cabinet
687	32	get locket
688	40	move bench
689	52	drop lump
690	32	take 3
691	23	open curtains
692	42	get out of bunk
693	32	take necklace
694	48	note tables
695	39	unlock door with brass key
696	82	give pass to reunite
697	52	drop cardboardbox
698	21	wear gown
699	77	x leaf
700	77	examine moss
701	7	smell car
702	39	unlock box with screwdriver
703	77	examine toadstool
704	28	slide miniaturization card through slot
705	43	read book
706	25	ask kemp about circuit breaker
707	56	throw rag at fire
708	54	climb idol
709	77	examine wight
710	32	get zorkmid
711	32	get sash
712	25	ask k9 about control
713	77	x label
714	82	give gram to danielle
715	18	taclor me
716	32	take circuit
717	77	examine tomb
718	11	shazok storm
719	32	get cup
720	66	learn espnis
721	21	wear shirt
722	18	gnusto snavig
723	21	wear sweater
724	17	turn on homing
725	17	turn on drive
726	18	huncho vase
727	32	take cereal
728	35	search oats
729	25	ask dragon about red
730	78	turn dial left 4
731	70	put stone in opening
732	52	drop trident
733	43	read parchment
734	24	press switch b
735	70	put diamond cluster in first hole
736	25	ask pedlar about suitcase
737	3	look in bucket
738	25	ask fairy godmother about dress
739	32	take gothic key
740	32	take pass
741	32	get stone
742	33	pour water on plant
743	23	open fur sack
744	70	put coal in basket
745	32	take hairpin
746	70	put acorns in net
747	52	drop radio and pole
748	70	put bomb in sewer
749	41	go to gnome
750	15	put ladder under trap
751	77	x natives
752	23	open door
753	52	drop fruit
754	32	get lump
755	32	take sapphire
756	17	turn radio on
757	32	get lens
758	5	shoot pod with bazooka
759	35	search waterfall
760	32	get blue
761	32	get it
762	18	gnusto espnis
763	47	get in basket
764	34	clean skeleton with moss
765	32	take iron key
766	52	drop scrawled
767	78	turn dial to 4
768	3	look into relay
769	39	unlock car
770	69	sit in medium-sized chair
771	32	get all from cabinet
772	52	drop plug
773	32	get dragon and paper
774	52	drop dummy
775	64	tie chest to rope
776	32	get pistol
777	32	get dagger
778	32	get puzzle box and flute
779	70	put flimsy scroll in zipper
780	80	dig rock with axe
781	35	search gnome
782	70	put it in projector
783	32	get teddy
784	3	look in hole
785	24	press emergency button
786	77	x card
787	13	pull line
788	61	hit icicle with umbrella
789	32	take lamp
790	32	get keys
791	39	unlock it with gothic key
792	52	drop ring
793	77	x rack
794	40	move wardrobe
795	32	take gun
796	77	x implementor
797	23	open cell door
798	3	look at mural
799	77	x well
800	54	climb beanstalk
801	32	get kitchen card and upper card
802	52	drop blue paper and yellow paper
803	56	throw stick at herman
804	51	cut rope with knife
805	32	get hammer
806	8	wave pole
807	33	pour coffee in drain
808	2	look up william on nameplate
809	58	insert capsule into reactor
810	77	x mine
811	22	ask sydney for hat
812	32	get bucket
813	64	tie rope to branch
814	32	take note
815	32	take oak
816	32	get pole
817	51	cut rope with dagger
818	25	ask fairy godmother about horse
819	32	take card
820	3	look in safe
821	32	get guano, scroll and amber vial
822	70	put it in opening
823	28	slide c
824	83	drink coke
825	77	examine shroud
826	57	take off jacket
827	77	x box
828	32	get flint
829	18	blorple 10
830	80	dig in sand
831	15	put brass key on keyring
832	52	drop bird
833	32	get rod of sacrifice
834	70	put coin in interest
835	25	ask man about eranti
836	78	turn nephthys
837	3	look at list
838	77	examine notice
839	77	x electric panel
840	18	guncho krill
841	32	take yellow powder
842	32	get candles
843	77	x trapdoor
844	52	drop bladder
845	56	throw star at young woman
846	52	drop gores
847	70	put hand in hive
848	32	get oar
849	70	put match in toolkit
850	32	get lockpick
851	18	gnusto fiznav
852	12	push bed
853	32	take cup
854	74	turn off saw
855	21	wear veil
856	32	get pencil
857	25	ask holmes about ash
858	3	look at paintings
859	36	strike rod of infinity
860	12	push rock
861	43	read glittering scroll
862	23	open quartz cover
863	32	get all from basket
864	77	examine blossoms
865	43	read dusty scroll
866	18	fweep me
867	17	turn on walkie
868	77	examine dagger
869	41	stage
870	43	read crypt
871	32	get shovel
872	52	drop vial
873	25	ask bly about monster
874	77	x marker
875	32	get toolkit
876	41	ne
877	12	push pram e
878	21	wear dress
879	11	shake pack
880	32	take all from basis
881	70	put battery in panel
882	23	open jeep
883	32	get torch
884	52	drop egg
885	82	give cola to guard
886	39	unlock chest
887	77	examine chair
888	64	tie rope to k9
889	70	put flour in pan
890	82	give book to gnome
891	15	put chain on hook
892	23	open matchbox
893	41	go to pig
894	54	climb can
895	23	open aqua vial
896	18	blorple 5
897	82	give silver coin to oarsman
898	32	get diamond cluster
899	11	shake branch
900	24	press powerup
901	68	1
902	32	get gem
903	82	give magazine to doc
904	52	drop upper card
905	77	examine coconuts
906	43	read back of blue paper
907	75	eat bread
908	54	climb tree
909	32	get bananas
910	77	x grille
911	32	get white
912	70	put packet in pot
913	77	x horse
914	52	drop ox
915	70	put c battery in drill
916	52	drop dodo
917	37	remove gas mask
918	18	meef weeds
919	70	put toy in pot
920	77	examine barrow
921	32	take ash tray
922	32	get homing
923	77	examine fin
924	77	examine toaster
925	63	touch generator
926	2	look up croseus in album
927	43	read warped
928	32	take pig
929	32	get blue paper
930	43	read slip of paper
931	78	turn wheel right
932	18	strike match
933	77	x chest
934	77	examine reeds
935	43	read letter
936	32	get skis
937	32	take napkin
938	23	open door with crowbar
939	23	open fridge
940	32	get poetry
941	81	smash case with broom
942	32	get file
943	15	put all on box
944	70	put sceptre in second socket
945	70	put bit in cup
946	21	wear snorkel
947	70	put red sphere in ruby stand
948	77	examine cylinder
949	70	put green sphere in pot
950	77	x grenade
951	41	mouse, south
952	31	remove opener and drop it
953	23	open wallet
954	70	put butter in pan
955	77	x machine
956	77	x photograph
957	32	take capsule
958	70	put it in bag
959	25	ask technician about security gates
960	32	take tiepin
961	21	wear gloves
962	32	get blue sphere
963	70	put screwdriver in toolkit
964	28	slide s
965	43	read cracked
966	52	drop pickaxe
967	32	get rod of fire
968	77	examine mesa
969	59	oracle, hello
970	37	remove first brick
971	24	press techno
972	17	turn on bulb
973	32	get piece
974	46	write 8 on cube
975	66	learn pulver
976	78	turn isis
977	18	fie
978	25	ask charles about chest
979	82	give corn to bird
980	32	take x1, x10
981	3	look under bunk
982	23	open toilet
983	32	get epic poem
984	77	examine slot
985	77	x district attorney
986	15	put house on triangle
987	32	get paper
988	30	play whistle
989	77	x sonar
990	32	take umbrella
991	23	open bag
992	32	get cage
993	23	open envelope
994	9	lie in bed
995	82	give gram to jim
996	70	put it in niche
997	18	blorple 8
998	32	take tube and torch
999	67	fill jug
1000	77	x handle
1001	47	enter outflow pipe
1002	53	show mouse to elephant
1003	62	buy flashlight and repellent
1004	32	take shaft
1005	32	get garter
1006	25	ask officer about convention
1007	39	unlock handcuffs with key
1008	18	bozbar tortoise
1009	81	smash seal
1010	77	examine emerald
1011	18	meef vines
1012	4	set right dial to 4
1013	35	search top
1014	32	take fragment from zipper
1015	52	drop walkie
1016	32	get ekmek
1017	23	open bio-lock door
1018	37	remove third brick
1019	52	drop journal and key
1020	70	put match in wax
1021	77	x gnome
1022	52	drop firework
1023	32	take dusty scroll
1024	52	drop hair dryer
1025	53	show it to holmes
1026	37	remove towel
1027	43	read notes
1028	25	ask hermit about entrance
1029	52	drop historical
1030	38	break door
1031	77	x books
1032	18	gnusto ozmoo spell
1033	77	examine fusebox
1034	32	get microphone
1035	3	look in keg
1036	37	remove junk with forklift
1037	77	examine pedestal
1038	32	take balsa beam from northern niche
1039	32	get meter
1040	77	x bushes
1041	53	show $500
1042	52	drop green
1043	4	set fifth wheel to 3
1044	41	down
1045	52	drop magnet
1046	24	press lever
1047	4	set center dial to 3
1048	25	ask female about male
1049	70	put bottle in zipper
1050	32	take peanut butter
1051	32	get soap
1052	64	tie rope to altar
1053	77	x panels
1054	47	enter right end of plank
1055	18	urbzig mace
1056	32	get invitation
1057	66	learn girgol
1058	52	drop bread
1059	77	x tables
1060	70	put rasp into thing
1061	31	robot, east and south
1062	32	take ruby
1063	82	give headdress to shaman
1064	70	put line in socket
1065	12	push boulders
1066	66	learn vaxum
1067	18	blorple 4
1068	70	put dagger in chest
1069	47	enter stall
1070	21	wear coat
1071	24	press down button
1072	22	ask for mycroft holmes
1073	17	turn on torch
1074	52	drop perfume
1075	25	ask what gnome looking for
1076	32	get cheese
1077	18	gnusto luncho
1078	67	fill milkbottle with pondwater
1079	32	get red, blue and green cake
1080	43	read spreadsheet
1081	32	take flag
1082	43	read diary
1083	15	put icicle on lump
1084	32	take wire
1085	52	drop drive
1086	78	turn selkis
1087	70	put gum in cauldron
1088	32	take cube
1089	32	tell pigeon to get ruby
1090	38	break bubble with axe
1091	32	get carton
1092	12	push pine panel
1093	32	get nugget
1094	25	ask about evidence
1095	59	boo
1096	3	look under floorboard
1097	12	push dusty s
1098	61	hit bung with mace
1099	52	drop it and pliers
1100	43	read topaz scratch with glass
1101	23	open blue bottle
1102	58	insert cube in opening
1103	15	put pallet on boulder
1104	31	hole, e
1105	77	x note
1106	82	give celery to barb
1107	27	talk to queenie
1108	59	say ptolemy
1109	25	ask belboz about figure
1110	15	put wheel on peg
1111	32	take scrawled
1112	11	sharpen knife on rock
1113	77	examine dynamite
1114	68	seat
1115	32	take stool
1116	58	insert opal cluster in fourth hole
1117	32	take scroll
1118	0	listen to wall
1119	60	jump to roof
1120	77	x papers
1121	52	drop chest
1122	3	look for pig
1123	47	enter curtain
1124	24	press gray button
1125	32	get green
1126	77	x invite
1127	82	give ticket to rimshaw
1128	77	x door
1129	8	wave handkerchief
1130	77	examine cauldron
1131	66	learn taclor
1132	32	take 12
1133	52	drop matchbox
1134	70	put crossbow in sack
1135	39	unlock lock with lockpick
1136	32	take white scroll
1137	16	lift grate
1138	32	get x3, x4, x5, x6
1139	66	learn urbzig
1140	77	x whiteboard
1141	3	look at queenie
1142	15	put net on hole
1143	53	show card to librarian
1144	52	drop all but lens
1145	23	open guage
1146	77	x security gates
1147	32	get wheel
1148	15	put lye on moss
1149	52	drop can
1150	12	push button enter
1151	32	take rags
1152	18	mix pan
1153	32	get chalice
1154	32	get all from demijohn
1155	25	ask k9 about k9
1156	32	get stamp
1157	8	wave clover
1158	70	put black rod in hole
1159	32	get scarab
1160	37	remove armour
1161	66	learn foblub
1162	55	light fuse with match
1163	3	look through binoculars at shelter
1164	70	put fig in urn
1165	32	take old book
1166	46	write 10 on cube
1167	32	get coffin
1168	77	x boxes
1169	32	take bread
1170	47	enter gazebo
1171	28	slide a
1172	23	open freezer
1173	50	wait for 35 minutes
1174	82	give candy to lizard
1175	40	move barrel
1176	56	throw ball in pond
1177	23	open secret door
1178	52	drop all except 10, book
1179	78	turn wheel off
1180	70	put moss in nest
1181	17	turn on space heater
1182	18	click on more
1183	70	put medicine bottle in shaft
1184	39	unlock box 600 with key
1185	18	throck shrub
1186	37	remove stethoscope
1187	53	show invitation to butler
1188	77	examine thyme
1189	39	unlock chain with key
1190	57	take off scarf
1191	43	read ledger
1192	56	throw club at herman
1193	4	set compass to hawk
1194	32	take slip
1195	25	ask k9 about reactor
1196	66	learn huncho
1197	32	get book
1198	82	give ticket 2306 to barker
1199	23	adventurer, open door
1200	3	look in it
1201	18	covert
1202	18	urbzig snake
1203	32	take box
1204	70	put hand in cauldron
1205	42	exit
1206	52	drop statuette
1207	70	put it in coffin
1208	77	examine stars
1209	56	throw bottle at thing
1210	18	foblub yupple
1211	32	get flippers
1212	52	drop label
1213	32	get hat
1214	32	take axe
1215	43	read paper
1216	70	put bar in case
1217	36	strike rod of luck
1218	59	say carte
1219	77	examine satellite
1220	32	get nasty knife
1221	23	open raincoat
1222	35	search furniture
1223	18	malyon idol
1224	32	get trowel
1225	32	take bowl
1226	62	buy blue carpet
1227	15	put printer on table
1228	32	get puzzle box
1229	0	listen to girl
1230	70	put rag in pot
1231	33	pour water on net
1232	19	close cold box
1233	82	give bread to old man
1234	66	learn bozbar
1235	32	take marker
1236	23	open bin
1237	15	put bronze key on keyring
1238	63	touch wood with pole
1239	82	give towel to arthur
1240	77	examine sheets
1241	77	examine switch b
1242	52	drop door
1243	25	ask gnome about statue
1244	32	get dumbells
1245	53	show brick to gnome
1246	52	drop branch
1247	70	put it in receptacle
1248	70	put stone in fire
1249	82	give gram to meghan
1250	59	say alakazam
1251	77	examine large chair
1252	70	put ebony in southern niche
1253	32	get eggs
1254	50	z
1255	77	examine walkie
1256	32	get match
1257	23	open washing machine with poker
1258	2	look up index in history book
1259	79	burn rope with candle
1260	24	press project status stud
1261	52	drop cloth
1262	13	pull pin
1263	77	examine woman
1264	70	put pot in case
1265	62	buy beer
1266	52	drop cutter, flask and axe
1267	4	set compass to swallow
1268	77	x bones
1269	77	x status display
1270	59	hello sailor
1271	3	look in pocket
1272	25	ask proprietor about amulet
1273	40	move rail with bar
1274	82	give gloves to zombie
1275	32	take dirty scroll
1276	3	l
1277	23	open kit
1278	54	climb pillar
1279	37	remove balls
1280	52	drop teapot, rose, candy and gold key
1281	23	open cube
1282	32	take packet
1283	39	unlock cabinet with shiny key
1284	32	take leaf
1285	18	manaz
1286	82	give pork chops to wolf
1287	52	drop dragon and paper
1288	77	x powerup stud
1289	70	put link in drawer
1290	32	take berries from pot
1291	77	x keys
1292	32	get off carpet
1293	70	put cube in pot
1294	45	tell gnome about grunk
1295	52	drop bottle
1296	77	x shape
1297	41	southwest
1298	32	take x1,x2,x7,x8
1299	15	put laudanum on pork
1300	70	put golden cluster in knapsack
1301	77	examine post
1302	32	get necklace
1303	81	smash padlock with pickaxe
1304	77	examine huge bed
1305	23	open wooden door
1306	77	examine herbs
1307	6	kill dragon
1308	77	examine diagram
1309	23	open towel
1310	15	put flag on bed
1311	52	drop thing
1312	82	give toy to sydney
1313	70	put torch in case
1314	32	get kit
1315	31	hole, s
1316	75	eat bar
1317	26	blow in tube
1318	20	follow mouse
1319	53	show ruby to pigeon
1320	52	drop knife
1321	15	put gear on post
1322	52	drop biscuit, paper
1323	77	examine children
1324	32	get orb
1325	12	push coffin w
1326	18	gnusto caskly
1327	78	turn h
1328	80	dig in ground
1329	52	drop all
1330	77	x stove
1331	82	give pork to crocodile
1332	18	fee
1333	13	pull pipe
1334	66	learn meef, meef and swanzo
1335	32	get pork chops
1336	82	give it to girl
1337	61	hit dog
1338	76	point wand at menhir
1339	32	get blue card
1340	37	remove cloak
1341	77	x lye
1342	77	examine mousetrap
1343	21	wear armour
1344	77	x insect
1345	39	unlock door with iron key
1346	77	x attendant
1347	25	ask hawker about candy
1348	32	get tobacco,knife,pipe
1349	75	eat food
1350	52	drop rusty knife
1351	38	break window
1352	25	ask delbin about ale
1353	77	x flue
1354	27	talk to man
1355	1	wake homer
1356	32	take light
1357	32	get test
1358	31	hole, w
1359	77	x desks
1360	73	stand on disc
1361	32	get pot
1362	32	get cloak
1363	43	read green
1364	8	wave spindle
1365	13	pull slide
1366	32	get mask
1367	70	put screwdriver in basket
1368	14	lower grate
1369	77	x chopper
1370	43	read back of brown paper
1371	18	caskly chewed scroll
1372	23	open receptacle
1373	70	put astrolabe in mounting
1374	77	examine toadstools
1375	46	write 11 on cube
1376	18	liskon self
1377	77	x librarian
1378	32	take sticker
1379	52	drop honey
1380	59	say wheel
1381	32	take bar
1382	32	take x10
1383	52	drop camera
1384	70	put control in top socket
1385	70	put bladder in geyser
1386	21	wear shield
1387	52	drop green rod
1388	78	turn crank
1389	77	x computers
1390	32	take rice
1391	2	look up cholok in leshosh
1392	13	pull antenna
1393	70	put fuse in generator
1394	32	get fork
1395	27	talk to reunite
1396	59	here kitty kitty
1397	18	click on edit
1398	52	drop dino
1399	32	get frog
1400	13	pull quartz
1401	82	give pass to sleaze
1402	52	drop wire
1403	59	say -120 to garrulous
1404	63	touch thing with pole
1405	23	open terminal
1406	49	drive to the monument
1407	70	put knife in zipper
1408	52	drop wine
1409	39	unlock bronze door with key
1410	77	examine output
1411	32	take kettle
1412	63	touch table
1413	4	set dial to 776
1414	52	guards, drop rifles
1415	12	push locker east
1416	53	show box to guard
1417	37	remove plug
1418	62	buy ticket
1419	28	slide e
1420	23	open outer door
1421	77	x sequence stud
1422	21	wear breeches
1423	13	cheryl, pull rods
1424	32	get up
1425	4	set slider to 31
1426	23	open historical
1427	59	say candle
1428	18	tinsot water
1429	83	drink tea
1430	4	set first wheel to 9
1431	20	follow ford
1432	23	open green bottle
1433	32	get all from coffin
1434	32	take boots
1435	23	open carton
1436	82	give gram to andrea
1437	52	drop map
1438	77	x key
1439	33	pour liquid on torch
1440	77	examine searchlight
1441	32	take staff
1442	52	drop portrait and bills
1443	32	get gear
1444	32	take right foot
1445	70	put emerald in green boot
1446	66	learn frotz
1447	19	close roof
1448	52	drop all but candle
1449	25	ask george about bag
1450	78	turn wheel
1451	32	take wand
1452	15	put eight on pack
1453	23	open jar
1454	52	drop crown
1455	32	take hand
1456	25	ask man about hammer
1457	53	show ledger to magistrate
1458	77	x barrels
1459	32	get magic bean
1460	32	take ribbon
1461	23	open washing machine
1462	18	ledak painting
1463	15	put gold coin on right
1464	77	examine safe
1465	33	pour cold porridge in gigantic bowl
1466	82	give ring to butler
1467	32	take red flag
1468	77	x printouts
1469	83	drink potion
1470	32	take zipper
1471	76	point machine at tree
1472	18	liskon snake
1473	20	follow gnome
1474	43	read matchbook
1475	77	x homing
1476	70	put clear sphere in diamond stand
1477	52	drop painting
1478	77	x hermit
1479	77	examine coin
1480	25	ask belboz about me
1481	74	turn off electricity
1482	70	put ball in machine
1483	32	take log
1484	23	open dresser
1485	82	give gram to alicia
1486	32	take dorkmid
1487	77	x slot
1488	73	stand on beam
1489	70	put ruby in red boot
1490	59	tina, hello
1491	52	drop coin
1492	42	exit scimitar
1493	42	get out of long line
1494	32	take damp scroll
1495	70	put ship in mounted bottle
1496	37	remove clothes
1497	32	get booklet
1498	77	examine plate
1499	77	examine glass case
1500	23	open lid with spade
1501	78	turn ring to fifth symbol
1502	23	open jewellery box
1503	32	take binoculars
1504	52	drop leaflet
1505	32	take stick
1506	70	put invite in copier
1507	24	press buy
1508	32	take packet from pot
1509	32	take crunchy cereal
1510	32	get box and journal
1511	32	get corn
1512	3	look at statue through telescope
1513	17	turn reactor on
1514	15	put silver coin on left
1515	23	open sack
1516	32	take celery
1517	32	get embers
1518	51	cut cable
1519	37	remove fifth brick
1520	5	shoot rope with crossbow
1521	43	read ripped
1522	25	ask computestor about videophone
1523	19	close canteen
1524	77	x cage
1525	32	take butter from pot
1526	32	get silver locket
1527	82	give cereal to hermit
1528	52	drop clipper
1529	32	get bees
1530	16	lift seat
1531	41	go through south wall
1532	52	drop kitchen card
1533	47	enter window
1534	32	get cloth
1535	49	drive to pinchin lane
1536	77	x male
1537	52	drop volcano in water
1538	23	open orange vial
1539	32	get plans
1540	32	get key
1541	23	open bird
1542	32	take section
1543	77	x frank
1544	32	get knapsack
1545	77	x horriblis
1546	55	light torch
1547	2	look up wilhelm in record
1548	77	x flower
1549	18	zifmia adventurer
1550	15	put branch under boulder
1551	32	get robe
1552	77	examine memorial
1553	77	examine wand
1554	17	turn on microphone
1555	32	take trunk
1556	43	read map
1557	52	drop axe
1558	3	look in fissure
1559	41	northwest
1560	77	x east mural
1561	82	give $56
1562	18	bekdab golem
1563	51	cut coconut with axe
1564	78	turn e
1565	23	open journal
1566	77	x crowbar
1567	3	look under stairs
1568	15	put large key on keyring
1569	48	note counter
1570	77	x bladder
1571	52	drop pipe
1572	70	put compass rose in carving
1573	39	unlock door with keys
1574	32	take x1, x2, x7, x12
1575	32	get piece of paper and business card
1576	32	get chest
1577	41	go north
1578	18	tossio golem
1579	78	turn ring to sixth symbol
1580	37	remove second board
1581	43	read card
1582	52	drop necklace and dragon
1583	75	eat red goo
1584	40	move desk
1585	77	examine dog
1586	52	drop candle
1587	70	put x1 in first
1588	39	unlock chest with brass key
1589	25	ask bum about himself
1590	28	slide n
1591	23	open window
1592	32	get portrait
1593	70	put golden chalice in knapsack
1594	77	x self
1595	77	examine shadow
1596	43	read garnet scratch with glass
1597	70	put card in slot
1598	0	listen
1599	32	take fragment
1600	3	l up terrock in leshosh
1601	77	examine symbols
1602	18	play arcade
1603	13	pull tinsel
1604	70	put lemming in cage
1605	70	put toner in slot
1606	32	take pan
1607	77	x rags
1608	35	search boots
1609	70	put scraps in forge
1610	12	push joystick east
1611	23	open zipper
1612	25	ask belboz about cube
1613	55	light flashlight
1614	32	get rod of ice
1615	41	go through north wall
1616	32	get porridge oats
1617	16	robot, lift cage
1618	15	put red flag on spotted
1619	77	examine plant
1620	59	say even
1621	56	throw book at outcrop
1622	70	put sketch in projector
1623	32	take safe
1624	77	x river
1625	70	put embers in coat
1626	32	get husbandry
1627	27	talk to boy
1628	19	close oven
1629	12	push chandelier
1630	52	drop them
1631	77	x body
1632	82	give sushi to samurai
1633	23	open bottle
1634	32	take myrrh
1635	12	push left button
1636	32	take thyme
1637	17	turn drill on
1638	15	put oak on table
1639	32	get page
1640	52	drop drill
1641	77	x shelves
1642	27	talk to gnome about mogglev
1643	52	drop bench
1644	43	read memo
1645	70	put featureless rod in coffin
1646	15	put peanut butter on celery
1647	32	get tablets
1648	66	learn ledak
1649	70	put lye in coat
1650	37	remove watch
1651	4	set radio to 1170
1652	18	yomin tortoise
1653	56	throw red at smoke
1654	76	point to coconut
1655	52	drop peridots
1656	32	get eight of wands
1657	52	drop cage
1658	7	smell smoke
1659	70	put emerald cluster in knapsack
1660	77	x cooler
1661	56	throw gun at herman
1662	70	put torch in golden chalice
1663	32	get beef
1664	32	get rapier
1665	70	put brick in hole
1666	52	drop canteen and shuttle card
1667	77	examine mouth
1668	70	put maiden in projector
1669	77	examine hooks
1670	47	get in bucket
1671	70	put mirror 1 in caliper
1672	13	pull railing
1673	32	take ledger
1674	18	strike it
1675	49	drive to whitehall
1676	72	answer "a well"
1677	77	x plants
1678	12	push bell
1679	32	get pack
1680	21	wear badge
1681	75	eat brown goo
1682	77	x flowers
1683	77	x stalk
1684	23	open catch
1685	12	push autopilot button
1686	77	examine key
1687	17	turn projector on
1688	32	get water
1689	3	look under sill
1690	32	get secateurs
1691	3	look under table
1692	18	blorple 1
1693	77	examine blue carpet
1694	13	pull anchor
1695	70	put silver sphere in pot
1696	23	open can
1697	82	give envelope to woman
1698	70	put dust in vent
1699	37	remove glasses
1700	25	ask marion about encyclopedia
1701	70	put gold in plate
1702	33	pour water on detective
1703	12	push table n
1704	41	south
1705	53	show egg to adventurer then east
1706	23	open trunk
1707	32	get bench
1708	32	get spectacles
1709	70	put red in glasses
1710	32	get wrench
1711	32	take perfume
1712	32	take thing
1713	51	cut line with axe
1714	77	examine corpse
1715	32	get vellum scroll
1716	77	x west mural
1717	23	open flask
1718	32	get club
1719	3	look out window
1720	77	x table
1721	70	put gnomon in hole
1722	2	consult scriptures about planes
1723	52	drop nugget
1724	70	put all except book in zipper
1725	24	press white
1726	77	x barkeep
1727	32	get spar
1728	77	x thing
1729	41	northeast
1730	12	push west wall
1731	77	x respirator
1732	66	learn malyon
1733	77	x mask
1734	79	burn string
1735	82	give form to female
1736	59	hello
1737	70	put brown sphere in pot
1738	32	take toy
1739	57	take off gown
1740	70	put token in slot
1741	32	take poetry
1742	52	drop card
1743	40	move lighted portrait
1744	7	smell it
1745	25	ask him about librarian
1746	38	break windows
1747	77	examine refuse
1748	32	get red card
1749	77	x button
1750	7	smell dirty floor
1751	32	take decaf from pot
1752	52	drop calendar
1753	25	ask woman about ruby
1754	25	ask george about beetlebaum
1755	54	climb on stage
1756	32	get pork
1757	32	take spade
1758	43	read it
1759	43	read plaque
1760	12	push button
1761	32	get label
1762	36	strike rod of bronze
1763	32	take comb
1764	52	drop teapot
1765	70	put 10 in box
1766	18	blorple 2
1767	18	foblub man
1768	77	x magnetite
1769	32	get pliers
1770	32	get spices
1771	32	take torch
1772	43	read torn square
1773	70	put it in hat
1774	32	take list
1775	18	taclor kobold
1776	18	swanko spirit
1777	24	press status stud
1778	77	x plaque
1779	77	examine switch a
1780	77	x minerals
1781	32	get coins
1782	77	x crack
1783	52	drop booklet
1784	77	x globe
1785	32	take water
1786	23	open locket
1787	24	press start
1788	31	open box then get cube
1789	18	rezrov gate
1790	23	open hatch
1791	32	get paddle
1792	52	drop firestone
1793	77	x electronics
1794	12	push coffin n
1795	19	close breaker
1796	23	open office door
1797	43	read scriptures
1798	4	set compass to crane
1799	18	gnusto krebf spell
1800	26	blow shawm
1801	77	examine crabs
1802	77	x moss
1803	77	x trees
1804	18	mural, lagach
1805	70	put amber in socket
1806	23	open furnace
1807	67	fill tank with air
1808	70	put mace cube in top right socket
1809	52	drop lamp
1810	52	drop all but flashlight
1811	53	show card to chuckles
1812	78	turn m
1813	18	blorple 3
1814	45	tell bum about skull
1815	43	read poetry
1816	32	get bauble
1817	77	x contact points
1818	2	look up 1420 in map
1819	46	write mace on featureless
1820	35	search ruins
1821	52	drop matchbook
1822	78	turn knob
1823	19	close cage
1824	32	take bean pole
1825	32	get large key
1826	23	open tray
1827	19	close slot
1828	46	write 5 on cube
1829	32	get lye
1830	23	open it
1831	3	look under sofa
1832	77	x fungus
1833	23	open royal-blue box
1834	53	show bar to tina
1835	32	take smoke rod
1836	32	take analgesic
1837	70	put yellow powder in kettle
1838	15	put umbrella on pool
1839	25	ask pedlar about beans
1840	18	xyzzy
1841	6	kill skink
1842	77	examine stump
1843	70	put six coins in overhead
1844	77	examine thumb
1845	32	take all from chest
1846	77	x crane
1847	43	read emerald scratch with glass
1848	24	press island
1849	12	push statue
1850	41	go stump
1851	34	clean dirty floor with moss
1852	32	get mud
1853	82	give paper to girl
1854	43	read history book
1855	19	close trapdoor
1856	32	get finch
1857	82	give card to woman
1858	60	jump
1859	5	shoot window
1860	35	search desk
1861	3	look under loudspeaker
1862	32	take sugar from pot
1863	32	take gumball
1864	18	gnusto melbor spell
1865	23	open chest
1866	80	dig earth
1867	77	x watch
1868	32	take vase
1869	46	write chasm on featureless cube
1870	32	get crown
1871	41	tell floyd to go north
1872	3	look under stove
1873	32	get bear
1874	77	examine model
1875	32	get flute
1876	77	x boot
1877	74	turn off torch
1878	32	get slip of paper
1879	18	pick lock with sharp pick
1880	77	examine computer
1881	12	push pet
1882	77	examine dial
1883	70	put arrow in crossbow
1884	28	slide shuttle card through slot
1885	70	put gram in basket
1886	53	show keepsake to knight
1887	82	give mirror 1 to michael
1888	52	drop spoon
1889	12	push test button
1890	32	take red
1891	32	get beam
1892	66	learn zemdor
1893	25	ask hacker about keys
1894	32	get magazine
1895	24	press ignition
1896	56	throw club at belt
1897	77	x mukhtar
1898	39	unlock filing cabinet with key
1899	17	turn on light
1900	53	show star crystal to trent
1901	77	examine carvings
1902	18	click lpr
1903	32	take lantern
1904	28	slide ticket under front
1905	2	look up eustacia in album
1906	56	throw ball at umbrella
1907	43	read faded
1908	52	drop popcorn
1909	32	take all but parchment
1910	58	insert wishbringer in sculpture
1911	52	drop multi
1912	12	push button 1
1913	70	put probe in slab
1914	52	drop crown, stamp, zorkmid and ruby
1915	30	play syrinx
1916	32	get grimoire from box
1917	27	talk to alltext
1918	77	x sheet
1919	15	put copper key on keyring
1920	32	take purse
1921	39	unlock west door
1922	32	get indigo card
1923	47	enter cloud
1924	31	rock, n
1925	52	drop all bricks
1926	77	examine ring
1927	32	roustabout, get net
1928	70	put pass in slot
1929	74	turn off flashlight
1930	70	put all in crate
1931	56	throw wishbone at ghost
1932	70	put large plug in large receptacle
1933	23	open purple book
1934	72	no
1935	3	look in bottle
1936	32	take beads
1937	77	examine islet
1938	18	rezrov door
1939	70	put sack in tesseract
1940	32	take thumb
1941	70	put crystal in space
1942	32	get figurine
1943	70	put piece in locket
1944	25	ask him about nelson
1945	72	sword
1946	70	put rods in socket
1947	23	open grating
1948	60	jump out window
1949	32	take crumpled scroll
1950	52	drop bar
1951	32	get gloves and crowbar
1952	32	get x12
1953	77	x blade
1954	32	get acorns
1955	52	drop yo-yo
1956	18	espnis idol
1957	18	click ftp
1958	59	tell gnome about grunk
1959	13	pull branch
1960	51	cut flower
1961	77	examine dish
1962	70	put canteen in knapsack
1963	15	put skull on statue
1964	51	cut growth with cutter
1965	3	l in hatch
1966	75	eat gigantic quantity of just-right porridge
1967	32	get rubies
1968	37	remove ring
1969	69	sit on chair
1970	82	give shilling to wiggins
1971	32	get all from closet
1972	70	put coal in furnace
1973	32	get drill
1974	52	drop whistle
1975	63	touch powerup stud
1976	77	examine red statuette
1977	32	get drawing paper
1978	17	turn on engine
1979	70	put all in pocket
1980	82	give note to mr crisp
1981	69	sit in large chair
1982	32	take crumpled
1983	70	put pliers into thing
1984	70	put link in chalice
1985	43	read back of yellow paper
1986	76	point sacrifice at board
1987	68	jacket
1988	56	throw stone at creature
1989	23	open pram
1990	18	gnusto cleesh spell
1991	32	get relay
1992	32	take volcano
1993	10	rub flower
1994	32	take bag
1995	32	get dead mouse
1996	10	rub it with crayon
1997	78	turn ring
1998	59	exodus
1999	32	get c battery
2000	77	examine pigeons
2001	32	get tools
2002	25	ask george about frank
2003	52	drop sack
2004	77	x mushroom
2005	48	note dryer
2006	59	aragon
2007	70	put all in zipper
2008	1	wake up old man
2009	9	lie down
2010	32	get tea
2011	26	blow dust
2012	32	get buoy
2013	15	put pack on gum
2014	3	look at fireplace
2015	70	put whistle in pot
2016	80	dig sand
2017	78	turn it on
2018	2	look up elijah inrecord
2019	41	ahead
2020	17	turn on hair dryer
2021	3	look at ron
2022	52	drop hoard
2023	77	x apparatus
2024	32	get gum
2025	32	get mail
2026	21	wear watch
2027	32	get cutter
2028	32	get cube
2029	70	put rods in coffin
2030	77	x floorboards
2031	62	buy drink
2032	70	put bracelet in case
2033	12	push poseidon northeast
2034	32	get bearskin rug
2035	77	examine magpie
2036	77	x dispenser
2037	60	jump to beanstalk
2038	32	get 3
2039	52	drop gloves
2040	70	put coin in slot
2041	25	ask skier about scroll
2042	32	get coal
2043	52	drop chain
2044	32	take shawm
2045	43	read hieroglyphs
2046	67	fill hat with water
2047	32	take stone
2048	37	remove padlock
2049	32	get luck
2050	47	get in forklift
2051	42	exit shack
2052	23	open canteen
2053	19	close door
2054	32	get eight
2055	70	put blue sphere in sapphire stand
2056	77	examine film projector
2057	15	put raisins on celery
2058	53	show keys to michael
2059	32	take carpet
2060	32	get matches
2061	70	put torch in well
2062	77	x windy tunnel
2063	77	examine teachers
2064	78	turn valve
2065	15	put mail on satchel
2066	77	examine tracks
2067	43	read grave
2068	61	hit lamp
2069	70	put egg in pot
2070	18	liskon me
2071	23	open book
2072	59	idiot
2073	43	read crumpled
2074	70	put sprig in cauldron
2075	52	drop sword
2076	18	malyon dragon
2077	21	wear glasses
2078	32	take toupee
2079	77	x hawks
2080	52	drop rope
2081	58	insert shiny board in panel
2082	43	read waxy scroll
2083	77	examine tide
2084	67	fill bucket with water
2085	8	wave wand at underwear
2086	52	drop flint
2087	32	get awl
2088	52	drop buoy
2089	77	x gaping
2090	77	x shadow
2091	77	x dust
2092	77	x k9
2093	52	drop scarf
2094	53	show red to trent
2095	32	get pyramid
2096	77	x kite
2097	32	take pen
2098	59	say ialdabaoloth
2099	32	tell floyd to get shiny board
2100	9	prosser, lie in the mud
2101	32	take silver
2102	55	light newspaper with pipe
2103	21	wear wings
2104	18	frotz lantern
2105	77	x paint splotches
2106	77	x pen
2107	77	x camera
2108	53	show can to pet
2109	32	take radio
2110	32	take statuette
2111	37	remove frock
2112	35	search seat
2113	63	touch calibration
2114	69	sit in cask
2115	15	put feather on left
2116	82	give alpha to apollonius
2117	41	west
2118	3	l in cabinet
2119	77	x scanner
2120	26	blow spices at lafond
2121	8	wave hairband
2122	51	cut jacket with glass
2123	23	open box with tool
2124	32	get canister
2125	24	press 5
2126	56	throw laser into void
2127	8	wave beads
2128	52	drop glasses
2129	31	robot, north and press triangular button
2130	41	nw
2131	70	put guano in cannon
2132	39	unlock icebox with square key
2133	32	get fruit
2134	77	x pile
2135	77	examine tree
2136	32	get pumpkin
2137	82	give ticket 5802 to barker
2138	77	x top shelf
2139	77	examine snooker table
2140	24	press knob
2141	77	x coat
2142	70	put ebony in eastern niche
2143	9	lie in tiny little bed
2144	32	take garlic
2145	40	move floorboards
2146	32	get aqua vial
2147	55	light firewood with match
2148	70	put carton in oven
2149	32	get fig
2150	77	x pair
2151	27	talk to woman
2152	50	dungeon master, wait
2153	52	drop dusty brick
2154	52	drop shim
2155	70	put white in slot
2156	32	get hydrant
2157	32	get volume
2158	39	unlock northern door with flat key
2159	21	wear sandals
2160	52	drop fish
2161	23	open pacquet of paper
2162	41	left
2163	23	open crypt
2164	77	examine door
2165	23	open lab uniform
2166	3	l in box
2167	76	point it at thorns
2168	35	search ice
2169	42	get out of basket
2170	82	give eggs
2171	70	put rope in unit
2172	32	get ticket
2173	75	eat blue cake
2174	12	push dispenser button
2175	52	drop crayon and pacquet
2176	70	put red rod in hole
2177	56	throw sceptre in boat
2178	32	take green bottle
2179	55	light firework
2180	21	wear boots
2181	70	put sugar in pan
2182	42	get out of boat
2183	21	wear air tank
2184	32	get ox
2185	24	press white panel
2186	77	examine silver coin
2187	43	read sign
2188	10	rub oil on mirror 1
2189	78	turn ring to second symbol
2190	52	drop pan
2191	68	3
2192	52	drop knife and crowbar
2193	43	read research paper
2194	18	gnusto shiny scroll
2195	31	rock, e
2196	43	read twisted
2197	70	put bauble in case
2198	77	x building
2199	64	tie bucket to rope
2200	54	climb porous wall
2201	77	examine card
2202	41	go to windy cave
2203	32	take scrap
2204	77	examine machine
2205	32	take burin from zipper
2206	82	give box of chocolates to jemima
2207	77	x prep table
2208	32	get peg
2209	32	get vase
2210	59	blizzard
2211	35	search mess
2212	54	climb down rope
2213	70	put star crystal in dagger
2214	77	x gun
2215	53	show photograph to charles
2216	32	get paint
2217	32	get watch
2218	23	open safe
2219	12	push dusty n
2220	70	put trunk in case
2221	23	open hatch with screwdriver
2222	21	wear wet suit
2223	32	get dragon
2224	32	take pole
2225	52	drop rune
2226	53	show scrap to chuckles
2227	15	put handcuffs on rods
2228	52	drop garlic
2229	32	get garlic
2230	52	drop banana
2231	77	x pedestal
2232	18	urbzig toy
2233	42	leave bed
2234	32	take chest
2235	70	put gray rod in pot
2236	18	gnusto exex spell
2237	15	put beam across doorway
2238	77	examine bottle
2239	32	take small key
2240	78	turn wheel left
2241	77	x boat
2242	12	push yellow button
2243	18	blorb adventurer
2244	18	izyuk me
2245	20	follow pig
2246	70	put silver in slot
2247	32	get brick
2248	32	get popcorn
2249	63	touch pad
2250	77	x block
2251	36	strike rod of fire
2252	21	wear locket
2253	28	slide lower card through slot
2254	32	get collar
2255	23	open vial
2256	35	search window
2257	73	stand on chair
2258	32	take lens
2259	70	put coin in net
2260	32	take clover
2261	41	go panel
2262	6	kill eranti
2263	18	snavig grue
2264	77	x clover
2265	52	drop ladder
2266	39	unlock compartment
2267	52	drop net
2268	46	write 9 on cube
2269	24	press bottom
2270	23	open clam with trident
2271	43	read old book
2272	77	x creature
2273	15	put towel over drain
2274	77	x console
2275	32	get out
2276	68	satchel
2277	18	gnusto tossio
2278	23	open chest with needle
2279	18	frotz me
2280	77	examine body
2281	58	insert emerald cluster in third hole
2282	18	zemdor ale
2283	77	x hole
2284	23	open dish washer
2285	32	get glass
2286	55	light coal
2287	77	x probe
2288	82	give encyclopedia to marion
2289	52	drop skink
2290	33	pour vodka in cola
2291	78	turn dial to 1
2292	63	touch mirror
2293	70	put gold in slot
2294	78	turn dial to 47
2295	32	take all from pot
2296	77	x swallow
2297	32	take vellum scroll
2298	32	take manual
2299	12	push newspaper under door
2300	56	throw meat in passage
2301	12	push fountain
2302	32	get arrow
2303	70	put spell book in zipper
2304	70	put skink in cauldron
2305	19	close plate
2306	32	take blue carpet
2307	58	insert red card in slot
2308	3	look at stephanie
2309	52	drop ticket
2310	47	enter dumb waiter
2311	32	get paintbrush
2312	23	open back door
2313	32	get rusty knife
2314	35	search pocket
2315	23	open cupboard
2316	43	read brittle scroll
2317	37	remove suit
2318	52	drop mud
2319	18	gnusto shazok
2320	70	put lens in spotlight
2321	77	x temple
2322	9	lie on couch
2323	77	x brick
2324	32	get trident
2325	0	listen to conversation
2326	32	get torn square
2327	2	look up mordecai in record
2328	32	get rope
2329	70	put all into thing
2330	76	point east
2331	56	throw rope into chute
2332	23	open box
2333	39	unlock hatch with brass key
2334	53	show note to chuckles
2335	83	drink wine
2336	35	search thicket
2337	35	search grate
2338	63	touch
2339	15	put x1, x2, x7 on first pile
2340	24	press 0
2341	41	out
2342	77	x carpark
2343	21	wear goggles
2344	53	show book to gnome
2345	25	ask bum about crypt
2346	32	get medicine bottle
2347	66	learn bekdab
2348	25	ask fairy godmother about cinderella
2349	43	read missive
2350	51	cut line with dagger
2351	77	x couch
2352	12	push coffin s
2353	52	drop key and brush
2354	50	wait for 36 hours
2355	32	get rods from sack
2356	64	tie wire to hook
2357	21	wear them
2358	32	take shroud
2359	23	open air supply system with tool
2360	52	drop dumbells
2361	32	take peridots
2362	8	wave scroll
2363	52	drop water
2364	32	get remote control
2365	52	drop pile
2366	32	get string
2367	32	take mask
2368	32	get wallet
2369	3	look in rowboat
2370	32	get flashlight
2371	63	touch mist
2372	14	lower short pole
2373	43	read tag
2374	39	unlock door
2375	70	put bug in sack
2376	47	dock
2377	41	n
2378	40	move rug
2379	81	smash window with coffer
2380	55	light candle
2381	13	pull lining
2382	25	ask marion about nelson
2383	13	pull mat
2384	18	blorple x10
2385	18	ozmoo myself
2386	13	pull hose
2387	21	wear flippers
2388	25	ask charles about temple
2389	77	x it
2390	77	x device
2391	32	take sack
2392	21	wear amulet
2393	77	examine electrodes
2394	70	put scarab in small recess
2395	25	ask her about rare books
2396	52	drop bandage
2397	35	search refuse
2398	78	turn switch with screwdriver
2399	52	drop remote control
2400	23	open trapdoor
2401	32	get sphere
2402	18	caskly moldy book
2403	11	shake safe
2404	19	close shield
2405	43	read writing
2406	53	show skull to bum
2407	13	pull clean hook
2408	77	x posse
2409	23	open pizza box
2410	13	pull leaves
2411	32	get laser
2412	43	read faded scroll
2413	32	get magic porridge pot
2414	21	wear pendant
2415	2	look up indanaz in leshosh
2416	43	read leaflet
2417	35	search clothes
2418	18	gnoeval
2419	56	throw sand
2420	70	put pan in water
2421	18	gnusto feeyuk
2422	42	get out of cask
2423	32	get ruby cluster
2424	70	put brown rod in hole
2425	52	drop antimacassar
2426	20	turtle, follow me
2427	66	learn blorple
2428	77	x technician
2429	15	put beam under lintel
2430	52	drop mirror
2431	3	look
2432	72	reply
2433	66	learn tinsot
2434	58	insult joe
2435	77	examine packet
2436	70	put strength in right socket
2437	39	unlock crypt
2438	77	x bar
2439	23	open car
2440	32	get gumball
2441	52	drop radio
2442	46	write 6 on cube
2443	19	close lid
2444	32	get candle
2445	77	x compass
2446	47	enter waterfall
2447	52	drop wet suit
2448	49	drive to buckingham palace
2449	32	get honey
2450	48	note sink
2451	77	examine plans
2452	67	fill teapot
2453	77	x stranger
2454	52	drop shovel
2455	77	examine shiny scroll
2456	77	examine porridge oats
2457	47	enter inflow pipe
2458	14	lower basket
2459	32	take gold coin from right pan
2460	52	drop red hat
2461	70	put clock in pot
2462	18	tinsot fragment
2463	77	x rods
2464	77	x generator access
2465	32	get plotter
2466	18	yomin barker
2467	61	hit elf
2468	32	get film and slide
2469	70	put lens in telescope
2470	53	show brick to pig
2471	68	paper
2472	41	go to statue
2473	66	learn snavig
2474	32	take pillow
2475	59	eddie, hello
2476	77	x right screen
2477	77	x wire
2478	68	2
2479	12	push wireless north
2480	37	remove shim
2481	16	raise basket
2482	77	examine lights
2483	32	take 7
2484	78	turn c
2485	43	read muddy scroll
2486	82	give tablets to trent
2487	6	kill sofia with opener
2488	32	take whistle
2489	43	read instructions
2490	41	right
2491	32	ask wiggins to get garnet
2492	77	examine ash
2493	46	write 2 on cube
2494	47	enter door
2495	77	examine dresser
2496	15	put mat under door
2497	52	drop pillow
2498	25	ask woman about roadrunner
2499	54	climb ladder
2500	69	sit in tiny little chair
2501	77	x pack
2502	21	wear ring
2503	82	give gold locket to creature
2504	32	get gown
2505	78	turn roller on
2506	12	push button 7
2507	23	dragon, open door
2508	77	examine cups
2509	43	read ornate scroll
2510	18	gondar dragon
2511	18	blorple 11
2512	32	get violet card
2513	82	give hairpin to mary
2514	58	insert green card in slot
2515	70	put egg in pan
2516	12	push moldy s
2517	77	x printer
2518	77	x man
2519	77	x ladder
2520	32	get toaster
2521	58	insert film in film projector
2522	77	examine lump
2523	23	open metal cover
2524	23	open tank
2525	77	examine slip
2526	82	give gram to silas
2527	25	ask dragon about jewel
2528	32	take key
2529	32	take skink
2530	32	get painting
2531	5	shoot thad
2532	18	rezrov cabinet
2533	66	learn gloth
2534	59	tell bum about skull
2535	32	get teleportation card and battery
2536	70	put diamond in basket
2537	63	touch obelisk
2538	18	gnusto taclor
2539	41	sw
2540	32	get figure
2541	32	take door
2542	21	wear balls
2543	21	wear crampons
2544	52	drop flat key
2545	32	get mirror 1
2546	32	get food
2547	54	climb piano
2548	77	x bag
2549	77	x drain
2550	43	read stained scroll
2551	56	throw it at rabbit
2552	39	unlock grate with keys
2553	32	take dagger
2554	4	set left dial to 7
2555	77	x form
2556	32	take suitcase
2557	32	take flour from pot
2558	32	take wings
2559	32	take bandage
2560	25	ask dragon about black
2561	18	frotz candle
2562	25	ask dragon about white
2563	37	remove bit
2564	32	take tongs
2565	47	get in floor
2566	52	drop soap
2567	27	talk to stephanie
2568	32	get needle
2569	32	get package
2570	82	give brain to timelord
2571	32	take dusty brick
2572	32	get broom
2573	77	x vial
2574	52	drop hammer
2575	3	look at bookshelf
2576	52	drop stethoscope
2577	32	take a picture
2578	82	give pincer to marvin
2579	42	get out of cot
2580	35	search pizza
2581	18	gnusto huncho
2582	66	learn rezrov
2583	56	throw rope north
2584	43	read damp scroll
2585	32	get wig
2586	74	turn drill off
2587	77	examine television
2588	15	put balloon on pentagon
2589	77	x pots
2590	3	look in overalls
2591	54	climb rope
2592	32	get pizza box
2593	41	s
2594	70	put eyes in body
2595	24	press yellow button
2596	82	give pan to guard
2597	77	examine waterfall
2598	19	close furnace
2599	23	open tube
2600	77	examine dining table
2601	77	x knob
2602	32	get stained scroll
2603	23	open desk
2604	32	get bricks
2605	32	get off chair
2606	61	hit box
2607	12	push joystick west
2608	32	take balloon
2609	17	turn on magnet
2610	17	turn on floyd
2611	32	get pages
2612	2	look up partaim in fresto
2613	18	rezrov alabaster
2614	77	x left screen
2615	25	ask gnome about color magnet
2616	15	put ladder under tree
2617	8	wave crook
2618	43	read note
2619	70	put paper in pocket
2620	78	turn gnomon
2621	12	push golden machine south
2622	32	take paper bird
2623	62	buy bag
2624	32	get bills
2625	77	x storm
2626	32	take it
2627	77	x bed
2628	77	examine sapphire
2629	32	take needle
2630	70	put mana in bottom socket
2631	77	x juke
2632	66	learn fiznav
2633	25	ask allarah about black
2634	76	point at coconut
2635	32	get whistle
2636	32	take sceptre
2637	55	light it
2638	27	talk to britney
2639	52	drop first brick
2640	33	pour milk in cauldron
2641	19	close it
2642	77	x arrangement
2643	55	light torch with fire
2644	42	get out of bed
2645	32	get rasp
2646	15	put it on yellowed paper
2647	52	drop eggs
2648	70	put jar in purse
2649	32	get pillow
2650	32	take kitten
2651	43	read lettering
2652	77	examine panel
2653	33	pour wax on floor
2654	32	get pendant
2655	69	sit
2656	32	get skull
2657	15	put gum on stick
2658	38	break ampoule
2659	35	search wreck
2660	32	get ruby
2661	15	put blanket on grue
2662	47	enter cab
2663	13	pull flower
2664	70	put white in toolkit
2665	32	take bucket
2666	32	get opal
2667	15	put timber across chute
2668	67	fill tank
2669	25	ask k9 about sequence
2670	3	look under lily pad
2671	70	put stick in pile
2672	32	take beam from southern niche
2673	6	kill thief with nasty knife
2674	58	insult vincent
2675	22	ask cheryl for hologram
2676	32	get vial, calendar and matchbook
2677	23	open coffer
2678	18	click on paper
2679	32	get flash
2680	32	get bird
2681	39	unlock gate
2682	52	drop candles
2683	32	get lantern
2684	15	put star on pack
2685	70	put coffin in case
2686	70	put coin in loans
2687	18	caskly hut
2688	32	take all but pram
2689	77	x arcade
2690	43	read sapphire scratch with glass
2691	32	get firestone
2692	32	get hook
2693	52	drop cracked
2694	77	x bubble
2695	59	odysseus
2696	77	x chandelier
2697	52	drop shroud
2698	47	enter shower
2699	77	x coin
2700	41	in
2701	3	look at scene
2702	52	drop bag
2703	3	look in nest
2704	77	x toner
2705	32	get wishbringer
2706	25	ask male about invitation
2707	82	give money to hawker
2708	32	take coconut
2709	76	point at cola
2710	56	throw body in pit
2711	77	examine coffin
2712	52	drop pencil
2713	12	push rod
2714	77	x bulbs
2715	32	get ladder
2716	77	examine white door
2717	43	read envelope
2718	18	golmac me
2719	32	get lamp and sword
2720	32	get towel
2721	25	ask k9 about door
2722	77	examine enclosure
2723	39	unlock jewellery box with gold key
2724	70	put painting in case
2725	77	examine garlic
2726	77	x information stud
2727	22	ask coach for trophy
2728	13	pull cloth
2729	32	get jar
2730	32	take stand
2731	15	put ash on journal
2732	32	get treatise
2733	32	take pallet
2734	32	take paper
2735	59	say yello
2736	11	shake pan
2737	70	put ebony in northern niche
2738	18	gnusto rezrov spell
2739	32	get moss
2740	77	x lever
2741	8	wave it
2742	66	learn caskly
2743	23	open lid
2744	70	put laudanum in blue goblet
2745	25	ask her about key
2746	25	ask governor about key
2747	15	put mukhtar on table
2748	32	get padlock
2749	43	read list
2750	32	take ladder
2751	32	get salt
2752	70	put smoke rod in pot
2753	70	put skull in case
2754	23	open slot
2755	32	get axe
2756	3	look in cauldron
2757	30	play accordion
2758	77	x sketch
2759	12	push statue n
2760	35	search bones
2761	77	x farm
2762	18	frotz coin
2763	18	still life, lagach
2764	24	press white, gray, black, red, black
2765	4	set third wheel to 8
2766	18	gnusto ledak
2767	70	put white rod in pot
2768	33	pour wine in blue goblet
2769	77	x column
2770	76	point it at knight
2771	77	examine keg
2772	32	get tray
2773	32	get blanket
2774	21	wear gas mask
2775	32	get pearl
2776	52	drop splinter
2777	32	take dino
2778	32	take opener
2779	77	x pig
2780	52	drop letter
2781	32	get heart from boat
2782	77	x hat
2783	37	remove hood
2784	12	push statue w
2785	32	get blueprint
2786	70	put diamond in case
2787	19	close circuit breaker
2788	8	wave spar
2789	52	drop wig
2790	76	point it at metal
2791	22	ask mary for ladder
2792	32	take mud
2793	70	put bread in zipper
2794	32	take amber
2795	77	examine icicles
2796	77	x safe
2797	21	wear spectacles
2798	63	touch panel
2799	23	open locker
2800	52	drop brass key
2801	75	eat toadstone
2802	62	buy sandwich
2803	69	sit on carpet
2804	32	take 10
2805	52	drop decaf
2806	52	drop match
2807	32	take match
2808	18	throck weed
2809	15	put steel key on keyring
2810	32	take handkerchief
2811	32	get clover
2812	23	open cage
2813	52	drop secateurs
2814	3	look at controls
2815	78	turn ring to third symbol
2816	64	tie rope to railing
2817	12	push button 9
2818	24	press 2
2819	39	unlock cupboard with key
2820	25	ask allarah about red
2821	58	insert new battery in laser
2822	77	x control
2823	82	give garter to papa
2824	52	drop pouch
2825	13	pull weed
2826	21	wear cap
2827	32	get device
2828	32	get stethoscope
2829	63	touch ne rune with rose
2830	38	break frame
2831	13	pull second peg
2832	52	drop balsa wood beam
2833	32	take ball
2834	77	x hand
2835	43	read ruby scratch with glass
2836	75	eat beef
2837	27	talk to empirious
2838	77	x jail
2839	59	away
2840	23	open wardrobe
2841	77	x duct
2842	19	close access panel
2843	12	push moldy n
2844	18	gnusto gloth
2845	32	get crook
2846	77	examine bones
2847	30	play flute
2848	43	read culture
2849	3	look in crypt
2850	32	get brown
2851	52	drop slip
2852	32	get sword
2853	32	get pan
2854	54	climb out of pipe
2855	32	take bird
2856	32	take x8, x9, x10, x11
2857	71	pray to kraxis
2858	77	examine bubble
2859	40	move cover
2860	82	give fluff to arthur
2861	58	insert orange card in slot
2862	67	fill pot with water
2863	77	examine switch
2864	22	ask for pigeon
2865	23	open matchbook
2866	32	get cue ball
2867	77	examine table
2868	77	x project status stud
2869	25	ask male about female
2870	70	put silver rod in top
2871	52	drop flashlight
2872	77	examine it
2873	52	drop flippers
2874	15	put it on henry's tomb
2875	54	climb up piano
2876	70	put all in toolkit
2877	64	tie rope to timber
2878	25	ask gnome about fire
2879	43	read business card
2880	12	push pram east
2881	32	get screwdriver
2882	19	close reactor
2883	77	examine boots
2884	24	press green
2885	77	x contraption
2886	52	drop meter
2887	70	put ladder across rift
2888	32	take toad
2889	55	light candle with fire
2890	77	x blank card
2891	32	get tweezers
2892	47	enter access panel
2893	12	push painting
2894	32	get boots
2895	32	get black
2896	77	x copier
2897	37	remove coat
2898	32	take foot
2899	23	open umbrella
2900	52	drop clock
2901	19	close valve
2902	32	take syringe
2903	32	take term paper
2904	33	pour water on beanstalk
2905	41	north
2906	61	hit creature with hook
2907	32	get glasses
2908	56	throw axe at dwarf
2909	24	press up button
2910	77	examine plant pots
2911	32	get pile
2912	18	rewind tape
2913	6	kill troll with sword
2914	35	search grass
2915	32	take astrolabe
2916	32	get real mirror
2917	32	get amber
2918	25	ask alan about key
2919	82	give coin to bartender
2920	56	throw green at gray
2921	32	take headdress
2922	6	kill figure with sword
2923	2	look up wilhelm in album
2924	13	pull lever
2925	82	give garnet to akbar
2926	52	drop stone
2927	32	get balm
2928	70	put jar in knapsack
2929	43	read sticker
2930	39	unlock door with key
2931	76	point at vodka
2932	82	give silver to barker
2933	23	open brown bottle
2934	32	get chain
2935	25	ask male about daddy
2936	70	put string in brick
2937	32	take grenade
2938	56	throw it
2939	70	put tobacco in pipe
2940	70	put coal in machine
2941	1	wake gnome
2942	32	get portrait and bills
2943	12	push lever
2944	8	wave bean pole
2945	32	take watch
2946	15	put key on keyring
2947	70	put x10 in second
2948	42	get out of chair
2949	8	wave staff
2950	70	put ace in projector
2951	59	say kaluze
2952	32	get ampoule
2953	53	show violet to trent
2954	13	pull shaft
2955	70	put torch in hand
2956	25	ask doc about syringe
2957	32	get matchbook
2958	41	norbert
2959	32	get chisel
2960	17	turn on film projector
2961	70	put sceptre in first socket
2962	63	touch red
2963	23	open panel
2964	82	give case to harry
2965	18	nitfol frogs
2966	43	read scrawled
2967	77	examine tombs
2968	32	take all from basket
2969	2	look up kebarn in leshosh
2970	70	put emerald in case
2971	3	look in pram
2972	25	ask angela about affliction
2973	55	light candles with match
2974	3	look in box
2975	32	get all from cupboard
2976	77	examine ship
2977	70	put blue in glasses
2978	80	dig ground with axe
2979	52	drop blanket
2980	32	get container
2981	52	drop screw
2982	77	x feather
2983	3	look into cage
2984	82	give key to alan
2985	80	dig plot with shovel
2986	60	jump onto riser
2987	11	shake lamp
2988	3	look at furnace
2989	63	touch yellow
2990	3	look shelf
2991	77	x barman
2992	38	break bottle
2993	77	examine statue
2994	70	put vase in opening
2995	52	drop chair
2996	32	get canteen
2997	32	take all except key, whip, stool
2998	52	drop pin
2999	53	show green to trent
3000	37	remove hat
3001	70	put canary in case
3002	32	get beer
3003	12	push boulder
3004	32	get dynamite
3005	39	unlock door with steel key
3006	32	get earth crystal
3007	70	put flour in pot
3008	23	open toolshed
3009	15	put towel on your head
3010	77	x wall
3011	77	x keypad
3012	22	ask hacker for master key
3013	82	give manual
3014	52	drop lockpick
3015	32	get jewelry
3016	77	x grass
3017	52	drop jewelry
3018	10	rub bug
3019	75	eat green goo
3020	13	pull dial
3021	25	ask trent about elizabeth
3022	59	guard, hello
3023	47	enter tardis
3024	39	unlock toolshed with small key
3025	61	hit crulley with coffer
3026	60	jump lake
3027	55	light lamp
3028	78	turn switch off
3029	59	dehlila
3030	78	turn it right 5
3031	12	push piano north
3032	76	point rod of returning at me
3033	24	press 4
3034	77	x dent
3035	3	look in mouth
3036	46	write 1 on cube
3037	77	examine white  statuette
3038	78	turn dial to 639
3039	25	ask wolf about pigs
3040	18	blorple 7
3041	22	ask gnome for ball
3042	32	get chewed scroll
3043	40	move crank
3044	9	lie down in front of bulldozer
3045	77	x wheel
3046	12	push blue
3047	12	push can against wall
3048	77	examine bird
3049	72	swordfish
3050	47	enter coffin
3051	66	learn krebf
3052	46	write on whiteboard with marker
3053	18	vaxum adventurer
3054	71	pray
3055	32	get scraps
3056	26	blow it
3057	63	touch nw rune with rose
3058	77	x nest
3059	52	drop fifth brick
3060	52	drop coconut
3061	21	wear robe
3062	32	get glider
3063	32	get film
3064	39	unlock door with wrought iron key
3065	8	wave wand at magic porridge pot
3066	70	put firework in toolkit
3067	43	read blueprint
3068	18	swanzo belboz
3069	23	open coffin
3070	77	examine tiny metal
3071	56	throw brown at black
3072	18	tase sleaze
3073	23	open northern door
3074	77	x fan
3075	3	look in telescope
3076	59	say time
3077	32	get head
3078	58	insert interface in nutrimat
3079	18	aimfiz belboz
3080	40	move bookshelf
3081	59	say oil
3082	32	take lemming
3083	32	take yellow pill
3084	23	open pot
3085	75	eat green
3086	82	give umbrella to girl
3087	52	drop pole
3088	4	set fourth wheel to 9
3089	18	frotz temple
3090	39	unlock wardrobe with key
3091	70	put branch in pit
3092	82	give rag to skier
3093	48	note it
3094	8	wave stone
3095	18	lobal me
3096	52	drop all but brain
3097	70	put book in large recess
3098	25	ask allarah about white
3099	32	get milkbottle
3100	32	get vial
3101	46	write 4 on cube
3102	55	light pipe with match
3103	77	x patch
3104	37	remove handcuffs
3105	28	slide teleportation card through slot
3106	41	fore
3107	43	read killing
3108	25	ask hermit about exit
3109	25	ask george about gumball
3110	66	learn liskon
3111	66	learn exex
3112	32	get bone
3113	82	give bone to poodle
3114	32	take coin from basis
3115	77	x painting
3116	77	x treant
3117	17	turn on stove
3118	77	x blocks
3119	47	enter pub
3120	70	put egg in case
3121	52	drop stool and bucket
3122	52	drop toy
3123	9	lie on bed
3124	35	search crates
3125	62	buy c battery and putty
3126	32	take butter
3127	52	drop paper
3128	32	take hamburger
3129	82	give mouse to fairy godmother
3130	46	write cave on cube
3131	52	drop pump
3132	19	close panel
3133	52	drop pyramid
3134	18	lleps urbzig
3135	32	get sketch
3136	52	drop broom
3137	32	get all but dagger
3138	52	put all down
3139	77	examine cage
3140	23	open claws
3141	32	take jug
3142	32	take bronze coin from left pan
3143	35	search couch
3144	77	x shelf
3145	18	fwoosh
3146	52	drop coins
3147	53	show amulet to michael
3148	35	search painting
3149	28	slide kitchen card through slot
3150	77	x statue
3151	77	x car
3152	32	take jar
3153	37	remove mask
3154	32	get air tank
3155	40	move moose
3156	21	wear skis
3157	32	get satchel
3158	78	turn dial to 11
3159	52	drop spices
3160	32	take gloves
3161	70	put cube in cauldron
3162	82	give kappa to callimachus
3163	70	put chalice in case
3164	62	buy box
3165	70	put all in thing
3166	18	gnusto fweep spell
3167	70	put sceptre in case
3168	40	move handle
3169	32	get red sphere
3170	32	take flat key
3171	32	take key from zipper
3172	41	d
3173	52	drop head
3174	77	x clingfilm
3175	32	get fish
3176	32	get mousetrap
3177	70	put packet in pan
3178	43	read huge tome
3179	32	take screwdriver
3180	23	open trap door
3181	58	insert ruby cluster in second hole
3182	32	get letter opener
3183	23	open cabinet
3184	82	give paper to professor
3185	15	put ashes on coin
3186	70	put hand in liquid
3187	70	put silver chalice in knapsack
3188	77	examine boulders
3189	12	push railing
3190	47	get in golden machine
3191	65	again
3192	77	x thad
3193	82	give goggles to cheryl
3194	32	get box
3195	32	get safe
3196	32	get hand
3197	82	give rose to knight
3198	77	examine wardrobe
3199	82	give bananas
3200	43	read label
3201	23	marvin, open the hatch
3202	32	get bomb
3203	66	learn gondar
3204	54	climb on table
3205	32	get memo
3206	18	pulver river
3207	32	get spindle
3208	32	get wand
3209	32	get firewood
3210	18	oozelumny
3211	23	open shield
3212	32	take emerald
3213	18	tinsot channel
3214	62	buy electromagnet
3215	77	x sign
3216	52	drop all cubes
3217	52	drop flask
3218	77	examine urchin
3219	2	look up yetzuiz in fresto
3220	78	turn bolt with wrench
3221	43	read booklet
3222	66	learn zifmia
3223	25	ask k9 about cybermen
3224	32	get shuttle card
3225	15	put red flag on speckled
3226	52	drop shawm
3227	32	get firework
3228	32	take gold key
3229	23	open crate
3230	19	close receptacle
3231	25	ask barkeep about thad
3232	77	x rock
3233	70	put wisdom in left socket
3234	32	get teapot
3235	51	cut blue wire
3236	46	write 7 on cube
3237	32	get emerald cluster
3238	32	get timber
3239	35	search guard
3240	15	put maiden on pack
3241	43	read spotted scroll
3242	70	put prize cube in top left socket
3243	37	remove cap
3244	77	x dials
3245	60	jump off equipment
3246	32	take bottle
3247	15	put firewood on hearth
3248	32	get bean pole
3249	37	remove bandage
3250	79	burn pole with torch
3251	52	drop stand
3252	32	take coin
3253	32	take spar
3254	77	x me
3255	20	k9, follow me
3256	77	examine bridge
3257	53	show file to district attorney
3258	23	open jewelry box
3259	43	read news in newspaper
3260	3	look in crack
3261	32	get mug
3262	38	break branch
3263	32	take thick brick
3264	77	examine thin man
3265	70	put celery in purse
3266	83	drink medicine
3267	32	take white rod
3268	23	open curtain
3269	32	get net
3270	32	get bladder
3271	32	get fan
3272	32	get mirror
3273	75	eat stew
3274	32	take wood
3275	23	open demijohn
3276	41	se
3277	77	x stairs
3278	3	look in closet
3279	72	yes
3280	77	x servers
3281	32	get smelly scroll
3282	15	put oil on hatch
3283	82	give blue goblet to butler
3284	15	put towel on valve
3285	32	take burin
3286	23	open stone door
3287	76	point it at rod of life
3288	77	examine air tank
3289	23	open piano
3290	42	get out of bucket
3291	77	x generator
3292	82	give torch to gnome
3293	15	put pebble on second disk
3294	77	x sandstone
3295	32	take crowbar
3296	44	sleep
3297	77	x screen
3298	17	turn radio off
3299	12	push ass
3300	32	get wet suit
3301	30	play organ
3302	23	open closet
3303	43	read moldy book
3304	32	get spoon
3305	77	x murals
3306	77	examine stamps
3307	21	wear hat
3308	48	note stools
3309	23	open toolkit
3310	77	x viewscreen
3311	18	gnusto bekdab
3312	32	get sack
3313	32	get bazooka
3314	32	take black rod
3315	69	sit on green rock
3316	77	x slabs
3317	82	give copy to male
3318	77	examine floor
3319	18	gnusto tinsot
3320	52	drop microphone
3321	52	drop matches
3322	21	wear razor
3323	64	tie rope to handle
3324	32	get yellow card
3325	12	push red
3326	43	read vellum scroll
3327	24	press west wall
3328	32	take toner
3329	32	take envelope
3330	41	go chandelier
3331	32	get passbook and room key
3332	77	x paper
3333	32	get caliper
3334	32	take red rod
3335	76	point it at lemniscus
3336	54	climb scarf
3337	77	examine book
3338	59	plover
3339	35	search ash
3340	32	take green rod
3341	32	take bread from zipper
3342	70	put gold in unit
3343	52	drop mask
3344	32	take tinsel
3345	77	x water
3346	52	put sword down
3347	52	drop bucket
3348	32	get candy and gold key
3349	56	throw box at outcropping
3350	66	learn fweep
3351	39	unlock cabinet with key
3352	12	push demeter northwest
3353	32	get envelope
3354	77	x forest
3355	82	give book to twin
3356	32	get all from drawer
3357	32	get all cards
3358	28	slide upper card through slot
3359	78	turn dial right 3
3360	77	examine boy
3361	70	put entrails in body
3362	32	take blue
3363	32	get printer
3364	58	insert oar in oarlock
3365	25	ask male about officer
3366	3	look under mat
3367	43	read sports in newspaper
3368	41	up
3369	29	i
3370	52	drop kit
3371	75	eat peanuts
3372	13	pull cord
3373	18	click if-archive
3374	70	put coins in fur sack
3375	52	drop sticker
3376	7	smell
3377	32	take zm$100000
3378	77	examine bandage
3379	67	fill bowl
3380	32	take rope
3381	77	x figure
3382	51	cut branch with knife
3383	52	drop zm$100000
3384	82	give gold key, portrait and bills to demon
3385	17	turn on computestor
3386	18	jindak
3387	52	drop plans
3388	22	ask for akbar
3389	39	unlock hatch
3390	19	close tray
3391	23	open floyd
3392	23	open stump
3393	32	get bracelet
3394	52	drop lantern
3395	82	give novel to alan
3396	22	ask spirit for name
3397	12	push red button
3398	52	drop all except bottle
3399	77	x desk
3400	3	look under seat
3401	56	throw plank
3402	32	get pickaxe
3403	43	read scroll
3404	43	read journal
3405	43	read blackened
3406	3	look at woods
3407	32	get etching
3408	70	put it in thing
3409	32	get crumpled scroll
3410	77	x clock
3411	52	drop box
3412	58	insert good bedistor in cube
3413	54	climb down
3414	3	look at tag through lens
3415	64	tie chain to me
3416	58	insert indigo card in slot
3417	32	take cage
3418	70	put all in fireplace
3419	52	drop wrench
3420	77	examine grimoire
3421	32	take hammer
3422	32	take glasses
3423	32	get scalpel
3424	32	take pot
3425	23	open white door
3426	0	listen to dial
3427	23	open package
3428	52	drop fork
3429	28	slide o
3430	41	southeast
3431	76	point to key
3432	52	drop carpet
3433	77	examine flytrap
3434	32	take sand
3435	18	snavig grouper
3436	15	put golden chalice on left disc
3437	49	drive to trafalgar square
3438	77	x knife
3439	67	fill it with water
3440	47	enter handcar
3441	2	look up squirrel in leshosh
3442	2	look up trophy in history book
3443	77	examine barrels
3444	24	press south wall
3445	18	fiznav boat
3446	70	put splinter into crevice
3447	82	give safe to mark
3448	61	hit board
3449	23	open slab
3450	35	search shelves
3451	52	drop diamonds
3452	32	get balls
3453	23	open outer
3454	77	x pool
3455	19	close drawer
3456	52	drop stick
3457	52	drop crumpled
3458	2	look up heinrich in record
3459	18	gloth dough
3460	77	x footprints
3461	4	set throttle to fast
3462	32	get daisy
3463	32	get candy
3464	39	unlock padlock with key
3465	32	get ball
3466	21	wear suit
3467	59	say to twin "the combination is 639"
3468	32	get fire
3469	32	take note and card
3470	32	take wrapper
3471	52	drop carton
3472	58	insert violet card in slot
3473	23	open buoy
3474	41	w
3475	25	ask detective about chelsea
3476	35	search shape
3477	15	put x8 on second pile
3478	77	examine winch
3479	32	take red scroll
3480	32	take ebony
3481	32	get featureless rod
3482	18	gnusto throck
3483	23	open icebox
3484	32	get silver chalice
3485	32	take raincoat
3486	32	get mine
3487	12	push wand
3488	53	show envelope to johnny
3489	82	give fish to grue
3490	32	get golden cluster
3491	32	get red statuette
3492	32	take keys
3493	17	turn on videophone
3494	32	get poe
3495	52	drop shield
3496	32	get coffer
3497	32	take walkie
3498	78	turn dial to 3
3499	23	open forge
3500	32	get orange card
3501	42	get out of golden machine
3502	21	wear clothes
3503	43	read letter to woman
3504	52	drop rubies
3505	37	remove skis
3506	41	east
3507	32	take eyes with tongs
3508	42	get out of web
3509	46	write prize on featureless
3510	63	touch blue
3511	77	examine drill
3512	77	x fountain
3513	40	move stone
3514	32	get penguin
3515	36	strike rod of husbandry
3516	77	x pass
3517	31	repeatedly "turn sceptre" until the coffin opens
3518	32	get berries
3519	77	x tray
3520	73	stand on charles
3521	23	open portrait
3522	78	turn it
3523	77	x dragon
3524	52	drop magazine
3525	38	break wall
3526	32	get map
3527	82	give gram to queenie
3528	12	push table s
3529	15	put dart on claw
3530	52	drop plotter
3531	70	put paper in receptacle
3532	15	put on parka
3533	16	raise beam
3534	68	city
3535	39	unlock drawer
3536	70	put scalpel in toolkit
3537	32	get rod of returning
3538	18	launch command
3539	18	zemdor blue box
3540	33	pour liquid on slime
3541	28	slide l
3542	75	eat tiny bowl of porridge
3543	52	drop all except bread
3544	63	touch tool stud
3545	23	open tarot box
3546	14	lower ladder
3547	13	pull breaker
3548	32	take all from toolshed
3549	77	x dresser
3550	32	get staff
3551	25	ask pitchman about dr nostrum
3552	3	look inside tube
3553	17	turn on electricity
3554	70	put stick in hole
3555	40	move slab
3556	66	learn jindak
3557	70	put box in zipper
3558	12	push golden machine east
3559	52	drop notice
3560	77	x coach
3561	78	turn ring to seventh symbol
3562	52	drop aqua vial
3563	35	search fountain
3564	19	close tapestry
3565	15	put silver chalice on right disc
3566	80	dig
3567	82	give food to bear
3568	78	turn dial right
3569	56	throw bricks
3570	43	read brochure
3571	37	remove gloves
3572	77	x cup
3573	18	exex turtle
3574	52	drop rug
3575	19	close pizza box
3576	32	take veil
3577	18	gnusto crumpled
3578	52	drop all but pager
3579	32	get indigo vial
3580	21	wear mask
3581	32	get rock
3582	77	x city
3583	41	go through curtain
3584	23	open container
3585	21	wear fish
3586	77	examine sculpture
3587	77	examine bench
3588	18	melbor myself
3589	18	egdelp golem
3590	32	get diamonds
3591	15	put hand on statue
3592	32	get bones with chopsticks
3593	53	show torch to gnome
3594	77	examine axe
3595	41	aft
3596	35	search foundation
3597	82	give drink to frank
3598	18	foo
3599	12	push ball southwest
3600	52	drop umbrella
3601	70	put red powder in kettle
3602	77	x plate
3603	50	wait for johnny
3604	82	give thumb to robot
3605	59	say firefly to jim
3606	47	get in machine
3607	52	drop keys
3608	32	take headphones
3609	52	drop newspaper
3610	32	get link
3611	70	put short poem in alpha
3612	70	put red sphere in pot
3613	15	put patch on pipe
3614	32	get emerald
3615	32	get matchbox
3616	3	look in cannon
3617	18	frotz book
3618	74	turn off lamp
3619	52	drop pearl
3620	66	learn melbor
3621	35	search table
3622	32	get diamond
3623	32	get new battery
3624	52	drop cap
3625	77	x mural
3626	70	put ruby cluster in knapsack
3627	19	close torch
3628	70	put grenade in cupboard
3629	43	read newspaper
3630	32	take chelsea
3631	77	x outcrop
3632	39	unlock box with key
3633	66	learn lleps
3634	78	turn ring to fourth symbol
3635	77	x shaman
3636	70	put volcano in pot
3637	43	read features in newspaper
3638	25	ask delbin about minirva
3639	21	wear jacket
3640	82	give hat to pelican
3641	18	gnusto wigro
3642	35	search wine rack
3643	77	x vent
3644	70	put knife in purse
3645	32	take splinter
3646	57	take off dress
3647	32	take red powder
3648	32	take can
3649	52	drop amulet
3650	18	agganrw
3651	67	fill canteen
3652	52	drop zipper
3653	32	take coin from zipper
3654	63	touch bottom
3655	77	examine missile
3656	16	raise short pole
3657	24	press 3
3658	32	get pacquet, paper and crayon
3659	32	take mouse
3660	76	point at blue carpet
3661	32	get particule
3662	72	berknip
3663	64	tie chain to rod
3664	12	push tree north
3665	19	close outer
3666	32	get all from table
3667	53	show note to charles
3668	58	insert blue card in slot
3669	32	get amulet
3670	58	insert beam in niches
3671	21	wear clown mask
3672	53	show hand to urchin
3673	52	drop book
3674	82	give bell
3675	29	inventory
3676	78	turn valve with crowbar
3677	43	read dirty scroll
3678	83	drink liquid
3679	52	drop bear
3680	77	examine fireplace
3681	12	push purple
3682	52	drop it
3683	61	hit plaster with pickaxe
3684	52	drop beer can
3685	32	take ticket 2306
3686	39	unlock cage
3687	52	drop bees
3688	77	examine lemming
3689	77	x crossbow
3690	21	wear sack
3691	32	get mace
3692	77	x bats
3693	77	x salt
3694	32	get bar
3695	66	learn izyuk
3696	28	slide t
3697	53	show term paper to frobar
3698	77	examine spade
3699	17	turn on flashlight
3700	15	put gum on ass
3701	32	get rug
3702	32	get sharp stone
3703	52	drop robe in shaft
3704	12	push second switch
3705	32	get tube
3706	15	put glob on case
3707	32	take thorn
3708	77	x book
3709	51	cut green with scalpel
3710	67	fill bottle
3711	32	take 4
3712	32	take seven coins from basis
3713	77	examine compressor
3714	70	put round stone into grating
3715	77	examine vegetable plot
3716	3	look behind tapestry
3717	54	climb down chimney
3718	43	read red scroll
3719	82	give ekmek to andromeda
3720	52	drop all except radio
3721	12	push it south
3722	25	ask male about work
3723	32	take flimsy scroll
3724	77	x white pillar
3725	70	put it in cannon
3726	77	x torn clothes
3727	23	open telescope
3728	77	x fuse
3729	3	look at little window
3730	12	push mountain
3731	52	drop container and assignment
3732	18	gnusto malyon spell
3733	32	get gold locket
3734	77	x carvings
3735	70	put berries in pan
3736	78	turn screw
3737	77	examine slipper
3738	32	take fuse
3739	70	put epic poem in kappa
3740	77	examine splinter
3741	3	look through window
3742	75	eat tablet
3743	18	vardik me
3744	52	drop tea
3745	56	throw axe at cord
3746	55	light match
3747	18	gnusto zemdor
3748	18	egdelp cabinet
3749	1	wake implementor
3750	70	put dornberries in pot
3751	32	get coke and carton
3752	52	drop tin
3753	52	drop bible
3754	77	examine remote control
3755	52	drop myrrh
3756	18	nitfol turtle
3757	43	read term paper
3758	77	x window
3759	15	put pouch under pipe
3760	77	examine log
3761	52	drop torch
3762	43	read frayed scroll
3763	66	learn yomin
3764	43	read gray scroll
3765	77	examine gnomon
3766	78	turn sphere
3767	47	get in web
3768	18	rezrov box
3769	61	hit comb
3770	3	look at ring
3771	38	break padlock with hook
3772	3	look at window pane
3773	18	swing rope
3774	66	learn lobal
3775	54	climb stand
3776	70	put bladder in sack
3777	41	u
3778	77	x pipe
3779	23	open lamp
3780	58	insert slide in it
3781	32	take mousetrap
3782	12	push switch
3783	32	take dodo
3784	32	take paper with pole
3785	3	look in zipper
3786	77	examine washing machine
3787	43	read pale scroll
3788	77	examine cottage
3789	75	eat berries
3790	32	take hair dryer
3791	23	open throttle
3792	32	get shredded scroll
3793	69	sit down
3794	70	put silver coin in pocket
3795	59	say agamemnon
3796	48	note vomit
3797	77	examine parchment
3798	77	x bowl
3799	82	give form to barman
3800	66	learn lesoch
3801	70	put it in hole
3802	12	push knob
3803	21	wear sash
3804	77	examine boats
3805	32	get
3806	82	give magazine to madman
3807	70	put skink in pocket
3808	82	give puzzle box to proprietor
3809	15	put scraps on anvil
3810	70	put scarab in case
3811	52	drop screwdriver
3812	32	get tin
3813	21	wear stethoscope
3814	78	turn w
3815	70	put black in slot
3816	32	get kappa
3817	32	get steel key
3818	82	give opal, ruby, sapphire and emerald to guard
3819	32	take pincer
3820	32	get flowerpot
3821	42	get out of forklift
3822	63	touch transmit stud
3823	51	cut line with knife
3824	25	ask tip about grid
3825	35	search tray
3826	52	drop photo
3827	32	take dummy
3828	62	buy peanuts
3829	24	press red
3830	52	drop trap
3831	18	gnusto gondar spell
3832	15	put tree on square
3833	52	drop room key
3834	24	press blue
3835	32	get long steel key
3836	52	drop dusty book
3837	52	drop parchment
3838	77	x boots
3839	32	take club
3840	66	learn egdelp
3841	33	pour water on coin
3842	52	drop cup
3843	32	take erbium
3844	37	remove jacket
3845	24	press information
3846	23	open window with wrench
3847	31	rock, s
3848	46	write 12 on cube
3849	47	enter dish
3850	12	push dionysus southeast
3851	32	get brown paper
3852	17	turn on toaster
3853	77	examine headphones
3854	12	push dionysus southwest
3855	74	turn off lantern
3856	32	get opal cluster
3857	32	take green sphere
3858	43	read white book
3859	10	rub lamp
3860	67	fill battery
3861	37	remove goggles
3862	32	take icicle
3863	55	light candle with match
3864	18	gnusto zifmia spell
3865	77	examine blue statuette
3866	69	sit on large chair
3867	52	drop boots
3868	77	x robot
3869	58	insert yellow card in slot
3870	77	examine watch
3871	79	burn paper
3872	32	get apple
3873	52	drop spectacles
3874	70	put garlic in cauldron
3875	12	push bunk
3876	23	open packet
3877	32	take parka
3878	32	take compass rose
3879	1	wake falcon with salts
3880	47	enter car
3881	32	take beam from eastern niche
3882	19	close hatch
3883	32	take selfie
3884	37	remove fused bedistor with pliers
3885	77	examine pockets
3886	77	x chair
