ID	LABEL	TEXT
0	28	look at queenie
1	27	drop ring
2	25	get pork chops
3	51	x sandstone
4	39	buy ticket
5	27	drop teapot, rose, candy and gold key
6	25	get wrench
7	50	put beam under lintel
8	27	throw box at outcropping
9	46	burn pole with torch
10	30	give rose to knight
11	5	turn on torch
12	25	take astrolabe
13	50	put coin in loans
14	50	put gown on hook
15	14	tie bucket to rope
16	43	ask dragon about jewel
17	25	take packet from pot
18	30	give it to girl
19	51	examine magpie
20	3	write 1 on cube
21	24	wear them
22	50	put pack on gum
23	50	put decaf in pot
24	3	pour water on detective
25	3	unfold leaf
26	40	read spotted scroll
27	24	wear balm
28	51	x hole
29	3	drill safe with drill
30	38	open shark repellent
31	50	put bar in case
32	40	read faded scroll
33	25	take tinsel
34	25	get red sphere
35	2	drink medicine
36	25	get piece
37	27	drop beer can
38	35	hit lamp
39	25	get rods from sack
40	32	turn newel
41	25	get string
42	30	give $56
43	25	get microphone
44	25	get opal
45	27	push lever
46	3	exit shack
47	25	take zm$100000
48	50	put ladder under tree
49	50	put rag in pot
50	3	point east
51	25	take sapphire
52	26	remove padlock
53	38	open trunk
54	38	open telescope
55	16	ask hacker for master key
56	14	join golden rod to green rod
57	25	get coffin
58	25	take lemming
59	50	put toy in pot
60	27	pull cord
61	51	examine teachers
62	3	unlock door with iron key
63	27	pull branch
64	3	wind watch
65	27	drop eggs
66	14	mount horse
67	8	break wall
68	27	lift grate
69	3	note dryer
70	14	tie chain to me
71	37	squeeze flower
72	50	insert yellow card in slot
73	25	get garter
74	51	examine chair
75	3	look up yetzuiz in fresto
76	44	show hand to urchin
77	27	throw rope north
78	27	drop crampons
79	22	drive to buckingham palace
80	25	take silver
81	27	throw laser into void
82	51	x transmit stud
83	25	take red flag
84	43	ask delbin about minirva
85	25	get electromagnet
86	25	get gloves and crowbar
87	25	get bones with chopsticks
88	38	open flask
89	51	examine thyme
90	43	ask charles about chest
91	34	sit on green rock
92	25	take rune
93	49	cut line with dagger
94	33	learn blorple
95	41	hit lamp
96	25	get particule
97	25	take bronze coin from left pan
98	25	get brain
99	3	focus slide lens
100	27	drop crayon and pacquet
101	28	look into cage
102	50	put gold in slot
103	27	push piano north
104	27	drop plug
105	27	drop brass key
106	25	take vase
107	25	take mask
108	51	x computers
109	42	roll statue nw
110	25	get nasty knife
111	3	tip boot
112	50	put pan in water
113	38	open receptacle
114	18	city
115	3	unlock chain with keys
116	28	look in zipper
117	50	insert oar in oarlock
118	51	x chandelier
119	51	x pile
120	51	x juke
121	27	move bench
122	45	mouse, south
123	27	drop paper
124	50	put cave cube in bottom right socket
125	3	yonk malyon spell
126	3	stand on beam
127	36	get out of boat
128	45	go panel
129	50	put butter in pot
130	43	ask female about bar
131	9	rock, n
132	38	open window with wrench
133	25	get c battery
134	25	take card
135	51	x dusty brick
136	3	set radio to 1170
137	25	take glasses
138	51	examine satellite
139	3	unlock it with gothic key
140	51	examine pedestal
141	50	put card in slot
142	40	read opal scratch with glass
143	28	l in hatch
144	50	put dornberries in pot
145	38	open oven
146	40	read killing
147	27	move desk
148	27	drop candle
149	37	touch obelisk
150	51	x window
151	51	examine pedlar
152	25	get clear sphere
153	51	x control
154	50	put gold in toolkit
155	25	get hand
156	34	sit on chair
157	51	examine skeleton
158	3	point wand at menhir
159	28	l in cabinet
160	51	x bag
161	30	give garnet to akbar
162	25	get cloth
163	5	turn on floyd
164	32	turn valve with crowbar
165	27	drop multi
166	51	x mural
167	25	get spray
168	51	x lever
169	43	ask k9 about k9
170	5	turn radio off
171	27	push ball southwest
172	3	pour wine in green goblet
173	45	left
174	25	get husbandry
175	50	put match in wax
176	51	x dresser
177	51	x bed
178	32	turn dial
179	25	take pigeon
180	27	drop bread
181	3	unlock car
182	50	put bauble in case
183	33	learn gloth
184	51	x leaf
185	25	take no tea
186	27	push pet
187	25	take all from toolshed
188	40	read moldy book
189	31	search grate
190	25	get canteen
191	43	ask about evidence
192	33	learn melbor
193	3	gnusto malyon spell
194	3	get in forklift
195	48	talk to queenie
196	27	push boulder
197	25	get suit
198	50	put book in large recess
199	27	pull slide
200	50	put rods in coffin
201	50	insert slide in it
202	26	remove fifth brick
203	28	look under loudspeaker
204	17	jump onto riser
205	38	open lid with spade
206	3	gnusto meef spell
207	32	turn it on
208	32	turn it right 5
209	51	examine pram
210	25	get pendant
211	25	get eight of wands
212	25	take gold box
213	50	put golden chalice in knapsack
214	51	x fungus
215	3	set left dial to 7
216	9	rock, e
217	51	x pair
218	51	examine headphones
219	27	drop stand
220	50	insert red card in slot
221	25	get orb
222	50	put stone in fire
223	40	read sign
224	43	ask barman about job
225	25	take cube
226	3	liskon snake
227	50	put silver coin on left
228	51	examine table
229	27	pull dial
230	38	open crypt
231	25	take red rod
232	30	give gold locket to creature
233	3	caskly moldy book
234	27	push left button
235	50	jam branch under plate
236	25	take thumb
237	44	show it to holmes
238	3	enter door
239	3	rezrov box
240	51	x attendant
241	25	get treasure
242	25	get jewelry
243	25	get homing
244	25	take ebony
245	50	put torch in case
246	24	wear goggles
247	25	take mousetrap
248	38	open desk
249	3	set right dial to 4
250	25	get gas
251	51	examine stamps
252	41	hit dragon with sword
253	27	drop bees
254	3	blow dust
255	25	get x12
256	27	drop shovel
257	25	get drawing paper
258	27	drop grater
259	27	drop gloves
260	27	drop all but flashlight
261	3	gnusto wigro
262	50	put mace cube in top right socket
263	27	drop yo-yo
264	27	drop myrrh
265	40	read parchment
266	51	x whiteboard
267	49	chop tree
268	25	take capsule
269	25	get x3, x4, x5, x6
270	50	put fluff in bag
271	51	x stranger
272	17	jump to roof
273	42	turn wheel right
274	27	drop painting
275	3	unlock door with brass key
276	27	drop calendar
277	37	touch control stud
278	46	burn string
279	3	point it at lemniscus
280	51	x metal thing
281	27	pull pipe
282	51	examine dial
283	40	read sports in newspaper
284	2	eat brown goo
285	25	get shredded scroll
286	25	get sharp stone
287	45	in
288	38	open toolkit
289	38	open safe
290	27	drop dusty brick
291	52	shoot thad
292	25	take plank
293	27	move handle
294	25	get dead mouse
295	27	drop flat key
296	28	l in box
297	25	get sphere
298	30	give bananas
299	34	sit on dragon
300	39	buy drink
301	51	x rock
302	6	say my name
303	27	press bottom
304	32	turn knob to high
305	25	get buoy
306	50	put umbrella on pool
307	49	chop ice with axe
308	3	unwrap parcel
309	25	get green
310	25	take dodo
311	25	get blue sphere
312	27	drop rune
313	43	ask male about invitation
314	3	taclor me
315	43	ask k9 about reactor
316	3	lock door with key
317	45	n
318	25	take silver coin
319	43	ask allarah about jewel
320	25	get all but dagger
321	51	x farm
322	3	close roof
323	30	give lens to norbert
324	28	look under sill
325	25	get wine
326	25	get clothes
327	38	open locket
328	51	x door
329	25	get candle
330	40	read ripped
331	39	buy box
332	25	get letter opener
333	25	take ledger
334	50	put card in pocket
335	25	get pickaxe
336	50	put scraps in forge
337	3	steer towards rocky spire
338	0	fill it with water
339	6	exodus
340	27	drop bench
341	3	malyon idol
342	27	drop telescope
343	37	rub oil on mirror 1
344	25	take keys with pole
345	51	x carpark
346	25	get brass key
347	43	ask hermit about entrance
348	25	take headdress
349	26	remove goggles
350	27	drop journal and key
351	3	frotz book
352	25	take parka
353	50	put amber in socket
354	22	drive to covent garden
355	33	learn zifmia
356	11	pray
357	51	x fountain
358	40	read waxy scroll
359	25	get out
360	51	x stairs
361	51	x opener
362	3	pour milk in cauldron
363	27	press down
364	50	put emerald in green boot
365	50	put green sphere in pot
366	50	put dagger in chest
367	37	touch blue
368	27	drop wrench
369	3	gnusto vaxum spell
370	3	kick second window
371	28	look in it
372	39	buy candy from hawker
373	25	take 1
374	5	turn off torch
375	24	wear clothes
376	25	get lamp and sword
377	27	push wand
378	27	pull torch
379	27	drop bladder
380	45	go to gnome
381	27	drop emerald
382	25	take burin
383	27	drop cork
384	32	turn dial to 47
385	50	put ruby cluster in knapsack
386	51	x flowers
387	3	rezrov door
388	24	wear tourniquet
389	50	put fig in urn
390	17	climb up piano
391	25	take vial
392	25	take balloon
393	3	draw line from f to p
394	43	ask bum about himself
395	25	get teddy
396	40	read it
397	3	launch command
398	25	take section
399	25	get ace
400	25	get red statuette
401	27	move wardrobe
402	3	surf the net
403	50	put skink in cauldron
404	25	take book
405	25	take veil
406	27	press 0
407	38	open jewellery box
408	25	get bucket
409	27	push play
410	3	plug in television
411	28	look in crypt
412	25	take amethysts
413	25	take mud
414	51	examine lump
415	18	satchel
416	27	drop canteen and shuttle card
417	43	ask hacker about keys
418	38	open hatch
419	17	climb idol
420	25	get rod of life
421	43	ask woman about ruby
422	41	hit box
423	2	eat blue cake
424	25	get figure
425	51	x card
426	43	ask barkeep about thad
427	3	write prize on featureless
428	27	drop suit
429	25	take coin from zipper
430	51	examine book
431	25	take term paper
432	25	take 7
433	25	take ticket 5802
434	30	give pork to wolf
435	25	take paper
436	14	tie rope to k9
437	43	ask dragon about black
438	3	gnusto gondar spell
439	27	push demeter northwest
440	3	blow in tube
441	25	take green rod
442	50	put beam across doorway
443	30	give puzzle box to proprietor
444	28	listen
445	43	ask k9 about cybermen
446	31	search picture of cat
447	27	push boulders
448	3	gnusto snavig
449	51	examine dresser
450	27	drop firestone
451	44	show red to trent
452	26	remove glasses
453	27	drop it
454	51	examine statues
455	3	download video
456	40	read matchbook
457	27	drop pan
458	8	break glass with hammer
459	28	look at paintings
460	25	get cube
461	31	search shelves
462	25	get miniaturization card
463	25	get puzzle box
464	3	lower grate
465	51	examine sundial
466	25	get eight
467	50	insert interface in nutrimat
468	38	knight, open flagstone
469	3	fiznav boat
470	51	examine drill
471	3	rezrov cabinet
472	38	open cauldron
473	25	get caliper
474	50	put maiden on pack
475	27	drop door
476	50	put ticket in slot
477	51	examine red statuette
478	45	u
479	42	turn wireless on
480	51	examine mouth
481	51	x safe
482	50	put scarab in case
483	50	put knife in purse
484	38	open hatch with screwdriver
485	3	drill case with drill
486	38	open compartment
487	38	open tarot box
488	32	turn switch off
489	51	x temple
490	42	turn it left 7
491	42	wave beads
492	51	examine ring
493	30	give carton to hacker
494	37	kiss corpse
495	22	drive to the embankment
496	27	drop screwdriver
497	40	read lettering
498	6	say -120 to garrulous
499	27	drop umbrella
500	40	read crumpled scroll
501	3	cuss
502	25	get golden chalice
503	3	blow shawm
504	27	drop map
505	40	read gray scroll
506	25	get ladder
507	26	remove frock
508	25	get bench
509	3	untie chain
510	34	sit in medium-sized chair
511	51	x hermit
512	4	cover hole 6
513	3	liskon self
514	25	take blue
515	50	put sprig in cauldron
516	3	look up wilhelm in album
517	25	get chain
518	27	move stone
519	25	get diamond cluster
520	27	pull weed
521	25	get pearl
522	31	search machines
523	40	read flimsy scroll
524	33	learn frotz
525	30	give blue goblet to butler
526	38	open pouch
527	25	get boots
528	25	get sprig
529	34	prosser, lie in the mud
530	17	climb down
531	27	drop whistle
532	37	touch ne rune with rose
533	42	turn m
534	35	hit dragon with sword
535	49	cut line with knife
536	42	turn neith
537	38	open notebook
538	25	get mask
539	25	get epic poem
540	3	egdelp golem
541	2	drink water
542	50	put branch in pit
543	3	gnusto luncho
544	51	examine dynamite
545	50	insert opal cluster in fourth hole
546	25	take lump
547	51	x switch
548	30	give form to female
549	25	take flimsy scroll
550	50	put opener in keyhole
551	32	turn ring to second symbol
552	2	eat it
553	5	turn off lantern
554	51	examine symbols
555	25	get matchbook
556	25	get bread
557	42	turn screw
558	27	drop green rod
559	27	drop nugget
560	43	ask george about dehlila
561	30	give tablets to trent
562	3	urbzig toy
563	26	remove brick
564	25	take bird
565	15	reach into pool
566	44	show ruby to pigeon
567	25	get head
568	3	candles
569	38	open air supply system with tool
570	27	push rod
571	32	turn ring to third symbol
572	33	learn blorb
573	31	search table
574	51	x form
575	25	take limb
576	25	get bird
577	42	turn dial left 4
578	33	learn nitfol
579	3	close valve
580	50	put link in chalice
581	27	press information
582	51	x camera
583	40	read pages
584	25	take dish
585	25	get rod of sacrifice
586	3	foo
587	25	take pebble
588	42	turn page
589	3	pour liquid on torch
590	50	put icicle on lump
591	25	get oil can
592	50	put it on tomb
593	32	turn sphere
594	25	get ox
595	2	feed birds
596	27	pull knob
597	3	close pizza box
598	51	x hawks
599	50	put on parka
600	50	put book in cabinet
601	51	x mirror
602	30	give ticket 2306 to barker
603	28	look under stairs
604	25	take sketch
605	25	tell pigeon to get ruby
606	25	get penguin
607	50	put sphere on pentagram
608	27	pull shaft
609	51	x vial
610	50	put copper key on keyring
611	25	take ticket
612	27	drop bible
613	3	izyuk me
614	3	close circuit breaker
615	27	drop spices
616	28	look in panel
617	3	stand on chair
618	33	learn throck
619	25	take chelsea
620	50	put diamond in basket
621	25	get film
622	25	get scroll
623	3	water bean
624	25	get rods from coffin
625	27	drop banana
626	33	learn lleps
627	25	take thorn
628	48	talk to woman
629	50	put bronze on left
630	50	put brass key on keyring
631	33	learn vaxum
632	25	get flowerpot
633	50	put featureless rod in coffin
634	27	push autopilot button
635	51	x wheel
636	25	take key from zipper
637	25	take egg from pot
638	25	take kitten
639	17	climb pillar
640	50	put red flag on speckled
641	27	drop bird
642	32	turn sceptre
643	50	put match in toolkit
644	3	close link
645	50	insert ruby cluster in second hole
646	27	push button 9
647	25	take scrap
648	25	take syringe
649	33	learn ledak
650	51	x soft things
651	33	learn bozbar
652	3	anoppe
653	50	put emerald in case
654	51	x crowbar
655	51	examine bridge
656	25	take poetry
657	3	manaz
658	25	get candy and gold key
659	51	x brick
660	27	slide s
661	25	get diamonds
662	27	drop bar
663	53	strike rod of ice
664	25	take slip
665	25	take bean pole
666	44	show $500
667	27	drop decaf
668	51	x white pillar
669	25	take stand
670	9	remove opener and drop it
671	25	get up
672	30	give box of chocolates to jemima
673	27	drop notice
674	50	put ladder under trap
675	27	drop vase
676	51	examine fin
677	3	jindak
678	27	drop rubies
679	40	read map
680	25	get implement
681	30	give paper to girl
682	38	open dumpster
683	25	get dragon
684	28	look at fireplace
685	51	x copier
686	25	take flour from pot
687	38	open wallet
688	20	take off dress
689	40	read book
690	3	blorple 9
691	3	write 11 on cube
692	3	dock
693	30	give coin to bartender
694	36	get out of cot
695	27	drop pipe
696	31	search clothes
697	27	drop all but pincer
698	22	drive to tower of london
699	18	3
700	27	drop stone
701	20	take off gown
702	3	blorple 11
703	3	plug toaster into wall
704	32	turn w
705	28	look in keg
706	23	follow pig
707	50	hang it on hooks
708	38	open floyd
709	25	take spell book from zipper
710	3	raise beam
711	25	get mirror
712	25	take note and card
713	43	ask man about eranti
714	14	tie chain to rod
715	25	get piece of paper and business card
716	8	tear cloth
717	50	put gnomon in hole
718	51	examine crypt
719	25	get hyrax
720	32	turn wheel left
721	51	examine cups
722	53	strike rod of infinity
723	50	insert shiny board in panel
724	3	ride bird
725	27	pull ropes
726	25	get treatise
727	27	drop lantern
728	51	examine washing machine
729	25	take crunchy cereal
730	31	search top
731	45	right
732	42	turn crank
733	25	get bear
734	38	open guage
735	51	x dragon
736	51	x ariana
737	38	open lamp
738	51	x thug
739	27	drop magazine
740	20	take off scarf
741	27	drop tin
742	51	x boot
743	9	robot, north and press triangular button
744	51	examine electrodes
745	27	drop clipper
746	38	open william coffin
747	25	take wood
748	3	tinsot water
749	30	give brain to timelord
750	25	get booklet
751	50	put golden cluster in knapsack
752	25	get meter
753	50	put red powder in kettle
754	50	put shiny in pot
755	49	cut growth with cutter
756	25	get glass
757	27	press status stud
758	36	get out of bucket
759	51	examine urchin
760	38	open fur sack
761	17	walk 4 paces west
762	3	pour hot porridge in gigantic bowl
763	27	drop fifth brick
764	51	x studs
765	3	pick lock with sharp pick
766	50	put white in slot
767	50	put piece in locket
768	51	x left screen
769	51	x watch
770	42	shake pan
771	51	examine waterfall
772	25	get figurine
773	44	show warranty
774	50	put toner in slot
775	27	drop flashlight
776	25	take napkin
777	25	take pan
778	3	yomin barker
779	27	press south wall
780	30	give gold key, portrait and bills to demon
781	25	take stick
782	3	rewind tape
783	50	put new battery in torch
784	27	drop all cubes
785	34	lie on bed
786	4	hide ring under seat
787	30	give rag to skier
788	3	set third wheel to 8
789	50	put patch on pipe
790	50	insert new battery in laser
791	25	get accordion
792	51	examine bench
793	40	read plaque
794	25	get jewellery box
795	3	unlock compartment
796	51	x flue
797	27	drop boots
798	28	look under mat
799	25	take all from basket
800	42	turn dial to 47
801	25	get all from table
802	40	read business card
803	25	get amulet and scroll
804	3	exex turtle
805	40	read brittle scroll
806	0	fill hat with water
807	3	enter stall
808	40	read dirty scroll
809	25	take walkie
810	3	unlock toolshed with small key
811	8	smash case with broom
812	25	take bread
813	45	west
814	40	read spreadsheet
815	3	point sacrifice at board
816	51	x photograph
817	51	x river
818	38	marvin, open the hatch
819	25	get lump
820	37	touch waterfall
821	42	shazok storm
822	37	touch pad
823	27	drop letter
824	27	drop shield
825	50	put sceptre in case
826	27	drop pencil
827	25	take sack
828	25	take spade
829	3	click on edit
830	22	drive to the monument
831	45	go to windy cave
832	27	drop them
833	3	unlock west door
834	25	take can
835	51	examine light
836	25	get skis
837	25	take toner
838	25	get ring
839	25	take crowbar
840	28	look in pit
841	45	go under wall
842	3	look up mordecai in record
843	3	enter shack
844	25	get all from cupboard
845	3	unlock door with steel key
846	0	fill bucket with water
847	41	attack thief with nasty knife
848	38	open trap door
849	25	get matches
850	21	wake up old man
851	43	ask dragon about trinket
852	38	open net
853	40	read cracked
854	35	hit bung with mace
855	27	drop robe in shaft
856	31	search stand
857	3	look up verlac
858	2	eat peanuts
859	50	put brown rod in hole
860	51	x tray
861	27	push bell
862	3	aimfiz belboz
863	51	x hat
864	27	drop trident
865	3	point to key
866	3	upload image
867	48	talk to sleaze
868	3	look up william on nameplate
869	17	jump lake
870	3	gondar dragon
871	27	drop biscuit, paper
872	27	push moldy n
873	51	x forcefield stud
874	27	push statue n
875	3	gnusto throck
876	6	away
877	3	pour wine in blue goblet
878	28	look at screen
879	25	take scrawled
880	51	x knob
881	50	put brown sphere in pot
882	51	examine stars
883	30	give ticket 5802 to barker
884	3	vaxum adventurer
885	40	read of unseen terror
886	3	frotz me
887	25	get envelope
888	51	x arcade
889	3	extend ladder
890	3	dig ground with axe
891	27	slide teleportation card through slot
892	51	examine blue carpet
893	50	put diamond in case
894	50	put token in slot
895	27	drop teapot
896	27	pull mat
897	50	put flour in pan
898	3	pour coffee in drain
899	31	search furniture
900	3	close lid
901	26	remove bit
902	26	remove handcuffs
903	51	examine carvings
904	5	turn projector on
905	6	say oil
906	3	note tables
907	28	listen to dial
908	18	seat
909	51	x mine
910	28	smell it
911	27	drop water
912	50	put gold in plate
913	25	take yellow pill
914	24	wear badge
915	38	open green bottle
916	25	take 10
917	31	search slabs
918	3	get in basket
919	27	drop zm$100000
920	30	give hat to pelican
921	27	drop box
922	25	take sugar from pot
923	51	examine walkie
924	25	get needle
925	38	open slot
926	27	drop pager
927	3	start it
928	16	ask librarian for book
929	24	wear shirt
930	24	wear it
931	17	climb porous wall
932	25	get kitchen card and upper card
933	27	drop label
934	29	yes
935	6	here kitty kitty
936	38	open furnace
937	34	sit in tiny little chair
938	51	x pan
939	27	pull flower
940	25	get pump
941	50	put wire in slot
942	25	take pillow
943	50	put pan in oven
944	51	x cat
945	50	put bit in tea
946	3	shout
947	3	unlock cabinet with shiny key
948	25	get mousetrap
949	32	turn h
950	37	touch calibration
951	3	screw relay into space
952	50	put epic poem in kappa
953	25	take dornberries
954	2	feed apple to horse
955	3	write 12 on cube
956	27	press white
957	38	open purple book
958	3	malyon dragon
959	38	open metal cover
960	50	put branch under boulder
961	25	get leaflet
962	30	give garter to papa
963	51	x crane
964	3	again
965	40	read note
966	24	wear robe
967	25	take gold coin from right pan
968	27	drop dumbells
969	36	get out of web
970	3	pour fluid in hole
971	25	get wheel
972	30	give headdress to shaman
973	33	learn egdelp
974	25	take watch
975	16	ask coach for trophy
976	27	drop magnet
977	43	ask her about key
978	51	x natives
979	11	anoint me
980	25	take fragment from zipper
981	25	get map
982	38	open manhole with crowbar
983	27	drop mask
984	7	light flashlight
985	25	take old book
986	27	push button 7
987	25	get mirror 1
988	3	pour water on net
989	50	put medicine bottle in shaft
990	23	follow ford
991	25	get vellum scroll
992	32	turn e
993	3	blorple 2
994	28	look into relay
995	3	upload video
996	25	take bar
997	28	l up terrock in leshosh
998	25	get rusty key
999	51	examine fireplace
1000	25	take newspaper
1001	43	ask george about town
1002	3	enter curtain
1003	50	put grenade in cupboard
1004	5	turn on hair dryer
1005	31	search oats
1006	24	wear flippers
1007	25	take shaft
1008	27	pull clean hook
1009	51	x barkeep
1010	38	open panel
1011	3	covert
1012	3	note it
1013	25	get gold leaf scroll
1014	44	show green to trent
1015	51	x apparatus
1016	25	get egg
1017	50	put raisins on celery
1018	36	get out of pentagram
1019	25	take hoard
1020	30	give toy to sydney
1021	6	say minirva
1022	51	x compass
1023	43	ask dragon about red
1024	25	get earth crystal
1025	12	kill figure with sword
1026	25	get pile
1027	27	lift plywood cover
1028	45	mouse, west
1029	3	gnusto gaspar spell
1030	27	drop knapsack
1031	27	drop net
1032	3	unlock gate
1033	27	throw green at gray
1034	42	wave bean pole
1035	25	get flashlight
1036	3	unlock grate with keys
1037	14	tie rope to timber
1038	3	lleps urbzig
1039	31	search foundation
1040	25	get spindle
1041	25	get scraps
1042	51	examine blossoms
1043	27	drop sticker
1044	42	turn sceptre
1045	28	look under sofa
1046	50	put it in coffin
1047	51	examine ball
1048	25	get rusty knife
1049	51	x desks
1050	27	throw axe at cord
1051	25	get drill
1052	48	talk to gnome about mogglev
1053	38	open stump
1054	51	x comb
1055	37	squeeze it
1056	3	spells
1057	25	get orange vial
1058	50	put it in niche
1059	52	shoot rope with crossbow
1060	45	northeast
1061	24	wear pendant
1062	3	clip monster
1063	25	get grimoire from box
1064	28	look at stephanie
1065	30	give ring to butler
1066	35	hit creature with hook
1067	51	examine radio
1068	5	turn on magnet
1069	50	put sketch in projector
1070	25	get tube
1071	44	show file to district attorney
1072	43	ask what gnome looking for
1073	27	press white, gray, black, red, black
1074	40	read poetry
1075	51	examine bottle
1076	30	give bell
1077	38	open quartz cover
1078	25	get crumpled scroll
1079	3	urbzig mace
1080	5	turn on toaster
1081	27	lift seat
1082	3	starboard
1083	25	get bottle
1084	51	x wallet
1085	3	enter pram
1086	25	get pumpkin
1087	17	climb on stage
1088	51	x stalk
1089	44	show scrap to chuckles
1090	27	pull second peg
1091	3	gnusto swanko
1092	30	give money to hawker
1093	26	remove jacket
1094	3	consult scriptures about planes
1095	51	examine ash
1096	27	drop chain
1097	32	turn dial to 3
1098	51	x floorboards
1099	25	get pyramid
1100	27	move lighted portrait
1101	50	put egg in pan
1102	6	say boo
1103	3	stand on bench
1104	25	get scalpel
1105	43	ask belboz about figure
1106	25	get parcel from cupboard
1107	3	blorple 3
1108	25	get robe
1109	25	take brown rod
1110	28	look in pram
1111	25	take wrapper
1112	51	x light
1113	50	put red flag on spotted
1114	51	x it
1115	3	write 8 on cube
1116	25	take shawm
1117	3	write 4 on cube
1118	42	wave spar
1119	25	take coconut
1120	42	turn dial left
1121	51	x homing
1122	25	get white
1123	51	examine switch a
1124	51	x security gates
1125	3	swanzo belboz
1126	6	aragon
1127	50	put canteen in knapsack
1128	51	examine toadstool
1129	50	put glass in crack
1130	25	get rasp
1131	25	take statuette
1132	25	take headphones
1133	43	ask belboz about cube
1134	39	buy sandwich
1135	45	down
1136	3	enter inflow pipe
1137	3	gnusto espnis
1138	3	gnusto huncho
1139	50	put hand in liquid
1140	3	open app
1141	37	squeeze weed killer bottle
1142	25	get vial, calendar and matchbook
1143	45	southeast
1144	38	open icebox
1145	3	enter tardis
1146	34	sit on carpet
1147	42	turn e
1148	0	fill bath
1149	27	throw stick at herman
1150	8	smash padlock with pickaxe
1151	45	w
1152	3	foblub yupple
1153	27	drop kitchen card
1154	51	examine hole
1155	43	ask marion about encyclopedia
1156	16	order drink
1157	51	x cup
1158	51	examine bones
1159	41	attack dragon with sword
1160	43	ask doc about syringe
1161	51	x tables
1162	3	taclor kobold
1163	25	get fire
1164	36	get out of long line
1165	3	snavig grue
1166	3	close receptacle
1167	3	look up index in history book
1168	38	open zipper
1169	25	take ash
1170	5	turn on lamp
1171	3	unlock box with screwdriver
1172	25	take gray rod
1173	25	take rag
1174	50	put eight on pack
1175	51	x outcrop
1176	12	kill troll with sword
1177	38	open piano
1178	14	tie rope to railing
1179	32	turn dial to 4
1180	3	blorple x10
1181	50	put rods in socket
1182	3	unlock chain with brooch
1183	2	drink beer
1184	32	turn screw
1185	3	point at coconut
1186	30	give novel to alan
1187	25	get beef
1188	42	shake branch
1189	27	drop meter
1190	25	take grenade
1191	51	x fuse
1192	25	take wire
1193	50	put sweater on table
1194	3	set dial to 776
1195	3	kick south wall
1196	3	raise lever
1197	27	drop bucket
1198	2	eat fruit
1199	6	tina, hello
1200	38	open wardrobe
1201	25	get new battery
1202	3	blow spices at lafond
1203	38	open sack
1204	50	put blue in glasses
1205	51	examine slipper
1206	25	get crampons
1207	27	pull line
1208	25	get blue card
1209	30	give gram to danielle
1210	38	open historical
1211	26	remove shim
1212	50	put pass in slot
1213	3	note vomit
1214	50	put all in crate
1215	43	ask detective about chelsea
1216	51	examine toadstools
1217	32	turn isis
1218	42	turn dial to 11
1219	51	x cutout
1220	50	put ebony in southern niche
1221	51	x ball
1222	30	give gloves to zombie
1223	27	drop chest
1224	43	ask belboz about me
1225	25	take black rod
1226	25	get garlic
1227	28	listen to wall
1228	27	throw rock at stick
1229	27	throw rag at fire
1230	42	turn c
1231	24	wear air tank
1232	51	examine barrow
1233	17	climb stand
1234	27	drop briefcase
1235	25	take stone
1236	25	get grater
1237	40	read memo
1238	27	drop finch
1239	3	draw symbol on me
1240	40	read white book
1241	43	ask governor about key
1242	27	drop shroud
1243	3	enter hole
1244	40	read subway
1245	50	put satchel in front of panel
1246	19	sleep
1247	27	drop pack
1248	25	get crown
1249	17	climb can
1250	25	get film and slide
1251	40	read frayed scroll
1252	27	press blue
1253	27	throw it
1254	5	turn drill off
1255	7	light firework
1256	43	ask woman about roadrunner
1257	27	push statue
1258	51	x coin
1259	3	dig earth
1260	50	insult vincent
1261	25	get chalice
1262	27	drop historical
1263	44	show egg to adventurer then east
1264	27	throw star at young woman
1265	50	put collar on dog
1266	51	x old man
1267	5	turn on lantern
1268	40	read label
1269	27	slide t
1270	51	x well
1271	25	get wallet
1272	50	put ship in mounted bottle
1273	32	turn dial left
1274	46	burn speck
1275	51	x gate
1276	25	take mouse
1277	25	get bills
1278	27	drop coins
1279	3	wait for 36 hours
1280	27	drop buoy
1281	42	shake safe
1282	25	take all but pram
1283	25	take flat key
1284	25	get invitation
1285	3	close shield
1286	27	drop thing
1287	3	pour liquid on slime
1288	24	wear cloak
1289	50	put ball in machine
1290	49	cut line with axe
1291	50	put sheet in tray
1292	44	show photograph to charles
1293	43	ask tip about grid
1294	7	light gas
1295	50	insert orange card in slot
1296	50	put bladder in sack
1297	3	point at vodka
1298	25	get match
1299	3	write mace on featureless
1300	25	get improbability drive
1301	51	x grill
1302	51	x cage
1303	51	x swallow
1304	25	get mine
1305	33	learn girgol
1306	3	enter pub
1307	27	drop match
1308	2	drink liquid
1309	30	give gram to ed
1310	43	ask george about bag
1311	3	wait for 35 minutes
1312	5	turn on machine
1313	25	get hat
1314	16	ask for mycroft holmes
1315	50	put black rod in hole
1316	25	get album
1317	32	turn it left 7
1318	51	x ladder
1319	3	stand in line
1320	25	take peanut butter
1321	3	click on more
1322	3	write chasm on featureless cube
1323	51	examine television
1324	13	play pool
1325	38	open shield
1326	5	turn reactor on
1327	51	x water
1328	37	kiss frog
1329	27	push poseidon northeast
1330	38	unscrew panel
1331	5	turn on walkie
1332	51	x pen
1333	25	take sweater
1334	24	wear fur
1335	51	examine shroud
1336	40	read blueprint
1337	6	plugh
1338	0	spread peanut butter on frank
1339	3	set compass to swallow
1340	25	get teapot, mat, letter opener, matchbook and paper
1341	31	search gnome
1342	27	drop screw
1343	25	take bottle
1344	3	foe
1345	51	x kettle
1346	51	x crossbow
1347	27	drop mirror
1348	3	melbor myself
1349	45	go through south wall
1350	37	touch tool stud
1351	50	put it in bag
1352	27	drop pillow
1353	51	x bar
1354	3	stand in short line
1355	25	take painting
1356	25	take x10
1357	3	fly kite
1358	51	examine crabs
1359	51	x creature
1360	24	wear cap
1361	42	turn valve
1362	50	put lemming in cage
1363	25	get collar
1364	51	x probe
1365	27	drop wig
1366	51	x figure
1367	3	lock door
1368	50	put towel over drain
1369	3	note counter
1370	38	open tube
1371	3	get in floor
1372	26	remove watch
1373	51	examine herbs
1374	2	drink tea
1375	3	point it at metal
1376	30	give silver coin to oarsman
1377	27	push dusty n
1378	18	1
1379	25	get club
1380	12	kill eranti
1381	44	show note to charles
1382	25	get can
1383	27	move floorboards
1384	25	get knapsack
1385	43	ask him about librarian
1386	48	talk to reunite
1387	25	get note
1388	3	write 10 on cube
1389	25	get aqua vial
1390	50	put packet in pan
1391	17	jump off equipment
1392	38	open matchbox
1393	27	drop pigeon
1394	50	put ladder in well
1395	42	turn dial to 3
1396	3	unlock chain with key
1397	3	blow whistle
1398	25	get hook
1399	25	take red
1400	40	read instructions
1401	3	dial 576-3190
1402	50	put pot in case
1403	33	learn liskon
1404	24	wear locket
1405	38	open outer
1406	51	examine tracks
1407	40	read white scroll
1408	25	take white scroll
1409	5	turn on computestor
1410	40	read pale scroll
1411	34	lie in tiny little bed
1412	27	drop clock
1413	25	take ribbon
1414	24	wear armour
1415	51	examine vegetable plot
1416	32	turn ring to fifth symbol
1417	33	learn fiznav
1418	27	push rock
1419	25	take peridots
1420	51	x books
1421	38	open car
1422	5	turn on drive
1423	28	look in coat
1424	25	get coke and carton
1425	51	x label
1426	30	give pork to crocodile
1427	51	x wire
1428	50	put volcano in pot
1429	3	dungeon master, wait
1430	27	push green
1431	27	press 2
1432	31	search tray
1433	3	write 5 on cube
1434	30	give gram to queenie
1435	27	throw rope into chute
1436	38	open journal
1437	42	wave wand at magic porridge pot
1438	38	open tin
1439	3	oozelumny
1440	51	x pots
1441	27	drop egg
1442	6	oracle, hello
1443	27	drop drill
1444	40	read huge tome
1445	30	give mouse to fairy godmother
1446	50	put ash on journal
1447	27	drop wire
1448	51	x salt
1449	25	get fork
1450	51	examine boy
1451	6	guard, hello
1452	3	set slider to 31
1453	50	put coin in interest
1454	50	put strength in right socket
1455	25	get pacquet, paper and crayon
1456	35	whip smooth lion
1457	25	get magic bean
1458	26	remove suit
1459	25	get gem
1460	50	put cloth in water
1461	25	get it
1462	38	open royal-blue box
1463	3	point it at knight
1464	30	give hairpin to mary
1465	50	put magnet on mine
1466	51	x barman
1467	3	set second wheel to 2
1468	27	drop cracked
1469	27	drop gigantic bowl
1470	50	put chasm cube in bottom left socket
1471	42	wave it in moonlight
1472	1	untie rope
1473	3	unlock chest with brass key
1474	38	open box
1475	3	i
1476	29	berknip
1477	50	put silver sphere in pot
1478	2	eat berries
1479	7	light pipe with match
1480	25	get lens
1481	32	turn wheel right
1482	50	put x1, x2, x7 on first pile
1483	38	dragon, open door
1484	44	show ring to michael
1485	25	get balls
1486	3	catch it
1487	38	open forge
1488	25	take analgesic
1489	24	wear dress
1490	3	still life, lagach
1491	3	enter white door
1492	25	take boots
1493	25	get label
1494	25	take emerald
1495	28	look under seat
1496	25	get gigantic bowl
1497	38	open demijohn
1498	14	tie scarf to signpost
1499	42	swing rope
1500	25	take needle
1501	3	mural, lagach
1502	3	liskon me
1503	51	x keypad
1504	30	give envelope to woman
1505	51	x key
1506	27	pull rods
1507	51	x tree
1508	27	drop dusty book
1509	51	x cooler
1510	25	take yellow powder
1511	30	give sushi to samurai
1512	25	take knife
1513	3	set dial to 948
1514	13	play whistle
1515	27	drop hoard
1516	36	get out of bunk
1517	14	tie tinsel to coin
1518	3	punch out blue dot
1519	27	drop gores
1520	51	x mukhtar
1521	40	read scriptures
1522	51	examine chasm
1523	3	gnusto shiny scroll
1524	25	get keys
1525	51	x forest
1526	25	get flask
1527	8	tear it
1528	51	x writing
1529	25	take fragment
1530	27	drop toy
1531	50	put bottle in zipper
1532	25	take dusty scroll
1533	14	tie rope to handle
1534	25	take x1,x2,x7,x8
1535	28	look behind tapestry
1536	51	x toner
1537	1	untie balloon
1538	0	fill bowl
1539	25	get ball
1540	3	dig in ground
1541	2	drink coke
1542	30	give teddy to woman
1543	40	read sticker
1544	33	learn tinsot
1545	50	put silver coin in pocket
1546	3	feeyuk me
1547	27	push button enter
1548	50	put mana in bottom socket
1549	43	ask gnome about page
1550	26	remove coat
1551	25	take thyme
1552	3	set compass to crane
1553	25	take erbium
1554	3	gnusto shazok
1555	38	open slab
1556	3	enter square
1557	27	press brown button
1558	50	put guano in cannon
1559	25	get mug
1560	27	drop bag
1561	7	light lamp
1562	3	nitfol frogs
1563	27	press up button
1564	3	unlock northern door with flat key
1565	6	tell gnome about grunk
1566	25	get weeds with fork
1567	25	get embers
1568	28	look at shadow
1569	40	read culture
1570	51	examine snooker table
1571	45	south
1572	51	examine film projector
1573	17	jump out window
1574	43	ask gnome about statue
1575	27	put sword down
1576	25	take x1, x10
1577	50	lean ladder against fence
1578	41	hit floor with axe
1579	51	examine gnomon
1580	51	x electric panel
1581	27	drop wine
1582	16	ask spirit for name
1583	26	remove mask
1584	2	feed pigeon
1585	8	smash cabinet
1586	30	give magazine to doc
1587	30	give gram to jim
1588	40	read writing
1589	50	put acorns in net
1590	25	get flag
1591	38	open envelope
1592	3	dig
1593	5	turn on switch
1594	3	clean skeleton with moss
1595	26	remove ring
1596	3	strike it
1597	51	examine output
1598	25	take clover
1599	25	get heart from boat
1600	38	open it
1601	25	get axe
1602	3	huncho vase
1603	45	sw
1604	50	insert film in film projector
1605	27	push fountain
1606	3	pour water in silver chalice
1607	25	get plans
1608	27	drop soap
1609	25	get scarab
1610	28	look in safe
1611	31	search waterfall
1612	28	look under cushion
1613	3	write 2 on cube
1614	50	put soap on zipper
1615	44	show ledger to magistrate
1616	27	push test button
1617	25	get lamp
1618	27	drop flippers
1619	27	throw axe at dwarf
1620	50	put sceptre in second socket
1621	51	x copy
1622	51	x screen
1623	3	unlock bronze door with key
1624	27	drop fruit
1625	6	say kaluze
1626	43	ask technician about security gates
1627	27	push red
1628	51	examine winch
1629	42	turn dial right
1630	32	turn dial left 4
1631	51	x coat
1632	25	get red, blue and green cake
1633	38	open curtain
1634	27	press techno
1635	25	get device
1636	25	get sceptre
1637	25	grab case
1638	50	put bracelet in case
1639	25	take club
1640	27	slide o
1641	45	ask wolf to blow turbine
1642	14	tie rope to altar
1643	50	put pallet on boulder
1644	50	put oak on table
1645	30	give flask to bum
1646	38	open window
1647	26	wipe web
1648	40	read scroll
1649	42	turn selkis
1650	1	untie horse
1651	51	examine map
1652	3	cock crossbow
1653	25	get balm
1654	44	show bar to tina
1655	31	search garbage
1656	33	learn izyuk spell
1657	28	look in pocket
1658	3	frotz coin
1659	3	get on couch
1660	3	clean table with cloth
1661	25	get box and journal
1662	37	rub flower
1663	3	blorple 1
1664	27	throw club at aquarium
1665	38	open curtains
1666	30	give pass to sleaze
1667	36	get out of golden machine
1668	50	put ruby in red boot
1669	50	put key in hole
1670	25	take flour
1671	43	ask alan about novel
1672	25	take damp scroll
1673	50	put match in raincoat
1674	3	point at blue carpet
1675	50	put skink in pocket
1676	50	put black in slot
1677	27	drop stethoscope
1678	13	play syrinx
1679	25	get wand
1680	42	turn switch off
1681	30	give copy to male
1682	25	take all but lantern
1683	42	turn dial to 1
1684	3	look up wilhelm in record
1685	50	put 10 in box
1686	38	open navy-blue box
1687	51	x gauge
1688	50	put torch in basket
1689	38	open tank
1690	25	take thick brick
1691	28	look in rowboat
1692	3	espnis thug
1693	50	put c battery in drill
1694	25	get net
1695	43	ask k9 about control
1696	5	turn on light
1697	25	get key, jewels and whistle
1698	25	take a picture
1699	43	ask allarah about black
1700	51	x bladder
1701	13	play organ
1702	6	dehlila
1703	25	take gloves
1704	30	give magazine to madman
1705	3	close it
1706	14	attach string to kite
1707	40	read page
1708	43	ask bly about monster
1709	50	put it on yellowed paper
1710	27	slide miniaturization card through slot
1711	45	tell floyd to go north
1712	51	x blade
1713	3	pour water on beanstalk
1714	3	close raincoat
1715	3	gnusto swanzo spell
1716	25	take bag
1717	44	show skull to bum
1718	32	turn dial right 3
1719	24	wear coat
1720	25	take water
1721	33	learn pulver
1722	3	stand in long line
1723	27	pull chain
1724	25	take beam from eastern niche
1725	44	show card to librarian
1726	27	drop ladder
1727	51	examine bubble
1728	25	get all from demijohn
1729	3	enter dumb waiter
1730	3	close door
1731	27	push west wall
1732	50	put dust in vent
1733	0	fill bottle
1734	40	read letter
1735	25	get long steel key
1736	43	ask harry about eddie smaldone
1737	25	get silver
1738	28	look at statue through telescope
1739	28	look shelf
1740	3	dig in tub
1741	50	put wisdom in left socket
1742	38	open bin
1743	51	x bats
1744	25	take gold key
1745	28	look at bookshelf
1746	40	read history book
1747	25	take marker
1748	25	get lantern
1749	25	take selfie
1750	24	wear jacket
1751	51	examine floor
1752	3	gnusto crumpled
1753	43	ask bum about crypt
1754	50	insert indigo card in slot
1755	21	wake implementor
1756	50	put white in toolkit
1757	24	wear ring
1758	51	x note
1759	40	read journal
1760	50	put splinter into crevice
1761	51	x block
1762	18	4
1763	27	drop it and pliers
1764	48	talk to empirious
1765	25	take lantern
1766	27	drop knife and crowbar
1767	25	get fish
1768	50	put all in pocket
1769	25	take all from chest
1770	51	examine barrels
1771	50	put clock in pot
1772	37	touch generator
1773	51	x horse
1774	51	examine reeds
1775	38	open pram
1776	41	hit dog
1777	40	read hieroglyphs
1778	3	get down
1779	25	take stopper
1780	35	hit icicle with umbrella
1781	3	gnusto tossio
1782	27	drop wet suit
1783	50	put control in top socket
1784	2	eat green
1785	30	give pass to reunite
1786	25	take handkerchief
1787	27	drop peridots
1788	37	lick pet
1789	3	load it
1790	25	get emerald
1791	51	examine tiny metal
1792	51	x slabs
1793	26	remove cap
1794	51	x crack
1795	2	drink drink
1796	3	gnusto gloth
1797	14	tie chest to rope
1798	27	drop crown
1799	27	drop photo
1800	26	remove gas mask
1801	3	fwoosh
1802	9	hole, n
1803	27	push south wall
1804	3	blorple 12
1805	28	look in closet
1806	25	get fan
1807	25	take cereal
1808	3	click if-archive
1809	9	robot, east and south
1810	43	ask allarah about red
1811	3	unlock filing cabinet with key
1812	3	pick up cube
1813	43	ask george about gumball
1814	33	learn gondar
1815	30	give goggles to cheryl
1816	3	unplug tv
1817	38	open drawer
1818	43	ask male about female
1819	50	put trunk in case
1820	51	examine lemming
1821	25	get broom
1822	30	give drink to frank
1823	25	take whip
1824	49	cut blue tassel
1825	50	put all in zipper except book
1826	25	get canister
1827	25	get hydrant
1828	25	get violet card
1829	51	x powerup stud
1830	51	x minerals
1831	3	paint cue ball
1832	27	drop spectacles
1833	30	give coin to gnome
1834	3	close reactor
1835	3	g
1836	28	look in fissure
1837	41	hit plaster with pickaxe
1838	27	drop hammer
1839	3	throck weed
1840	25	get padlock
1841	25	take raincoat
1842	45	out
1843	3	chew gum
1844	50	put long steel key on keyring
1845	40	read news in newspaper
1846	27	drop all except bread
1847	50	put printer on table
1848	45	go stump
1849	43	ask skier about scroll
1850	27	drop green
1851	7	light torch
1852	45	nw
1853	51	x shelves
1854	27	drop booklet
1855	38	open kit
1856	3	bozbar tortoise
1857	51	x patch
1858	51	x boxes
1859	40	read newspaper
1860	3	enter handcar
1861	25	get guano, scroll and amber vial
1862	25	get tweezers
1863	50	put entrails in body
1864	25	get paintbrush
1865	44	show violet to trent
1866	28	look
1867	50	put pouch in toolkit
1868	50	put paper in receptacle
1869	38	open cell door
1870	51	examine wight
1871	2	drink wine
1872	44	show book to gnome
1873	10	break door
1874	25	get jar
1875	51	examine post
1876	25	get lye
1877	31	search snow
1878	51	examine boats
1879	50	put it in hole
1880	26	remove towel
1881	6	say yello
1882	8	break bottle
1883	50	put coffin in case
1884	27	drop package
1885	27	press 3
1886	25	get printer
1887	3	inventory
1888	49	cut green with scalpel
1889	25	get glider
1890	38	open blue box
1891	30	give paper to professor
1892	3	close locket
1893	25	get topaz
1894	24	wear spectacles
1895	25	take toad
1896	3	mosaic, lagach
1897	50	put thumb in hole
1898	33	learn zemdor
1899	51	examine goblin
1900	27	push coffin s
1901	25	get large key
1902	50	put clear sphere in diamond stand
1903	3	write on whiteboard with marker
1904	25	take sceptre
1905	51	examine woman
1906	25	take picture
1907	25	get salt
1908	50	put all in thing
1909	50	put string in brick
1910	51	examine toaster
1911	3	zifmia adventurer
1912	32	turn nephthys
1913	43	ask fairy godmother about horse
1914	25	get frog
1915	31	search bones
1916	28	look in hole
1917	51	examine refuse
1918	25	get safe
1919	3	frotz bottle
1920	25	get popcorn
1921	3	gloth dough
1922	3	bite banana
1923	42	turn ring
1924	25	get satchel
1925	25	get blue paper
1926	27	drop blue paper and yellow paper
1927	3	lock cabinet with key
1928	27	press powerup
1929	27	push dionysus southeast
1930	51	examine corpse
1931	26	remove balls
1932	27	drop vial
1933	51	x papers
1934	33	learn tossio
1935	50	put stick in hole
1936	38	open briefcase
1937	3	thank gnome
1938	25	get short poem
1939	30	give violin, necklace, ruby, stamp, zorkmid, crown and dragon to demon
1940	51	examine porridge oats
1941	50	put tobacco in pipe
1942	25	take leaf
1943	30	give card to woman
1944	51	x sketch
1945	27	press east wall
1946	25	get yellow
1947	16	ask for pigeon
1948	25	get screwdriver
1949	49	cut blue wire
1950	27	push blue
1951	25	get oil
1952	44	show envelope to johnny
1953	27	push coffin w
1954	51	x hawk
1955	25	get shimmering scroll
1956	43	ask male about daddy
1957	50	put ring, book in sack
1958	3	bunyon
1959	3	point at cola
1960	25	get tin
1961	36	get out of basket
1962	27	press 5
1963	38	open mailbox
1964	3	point it at goats
1965	31	search boots
1966	50	put berries in pan
1967	25	take match
1968	50	put trophy in depression
1969	27	drop brown
1970	7	light salt with bug
1971	3	dig sand
1972	50	put box in zipper
1973	24	wear razor
1974	27	press blue button
1975	3	wind canary
1976	28	look in crack
1977	40	read wall
1978	25	take eyes with tongs
1979	33	learn rezrov
1980	3	caskly chewed scroll
1981	50	put silver chalice in knapsack
1982	27	throw all but book into lower chute
1983	37	touch powerup stud
1984	31	pry sixth rib with sword
1985	3	unlock box 600 with key
1986	36	get out of forklift
1987	3	close cabinet
1988	25	take blue carpet
1989	25	take opener
1990	37	hold breath
1991	51	examine cylinder
1992	51	examine card
1993	28	look inside tube
1994	27	drop newspaper
1995	38	open access panel
1996	51	x clingfilm
1997	27	drop red hat
1998	31	search ruins
1999	16	ask mary for ladder
2000	45	fly
2001	51	x grass
2002	51	x bubble
2003	40	read missive
2004	25	take white rod
2005	25	get firewood
2006	40	read vellum scroll
2007	50	put knife in zipper
2008	38	open bio-lock door
2009	27	push newspaper under door
2010	51	x rags
2011	5	turn on homing
2012	30	give mirror 1 to michael
2013	25	take umbrella
2014	25	get sketch
2015	3	unlock door with keys
2016	51	x printer
2017	2	drink ochre potion
2018	25	take rod
2019	53	strike rod of fire
2020	3	bozbar horse
2021	38	open satchel
2022	27	drop mine
2023	50	put x10 in second
2024	40	read list
2025	17	walk 4 paces south
2026	27	push dusty s
2027	25	get zorkmid
2028	31	search couch
2029	27	drop zipper
2030	3	blorple 10
2031	3	yomin ogre
2032	51	x torn clothes
2033	3	get in web
2034	51	x device
2035	50	put large plug in large receptacle
2036	51	x knife
2037	32	turn crank
2038	43	ask morgan about dragon
2039	25	take amber
2040	2	drink whiskey
2041	3	unlock handcuffs with key
2042	7	light candle with fire
2043	27	drop dragon and paper
2044	25	get paint
2045	25	get poetry
2046	50	put torch in well
2047	51	examine bird
2048	3	pour water on powder
2049	27	drop scroll
2050	25	get flint
2051	25	get silver chalice
2052	25	take balsa beam from northern niche
2053	22	drive to pinchin lane
2054	50	put feather on left
2055	25	take kettle
2056	42	turn bolt with wrench
2057	24	wear sack
2058	3	type 0628 on laptop
2059	50	insert blue card in slot
2060	50	put key on keyring
2061	25	take zipper
2062	26	remove third brick
2063	25	get candles
2064	27	press green
2065	12	kill thief with nasty knife
2066	25	get file
2067	30	give torch to gnome
2068	25	take staff
2069	50	put x8 on second pile
2070	16	ask tip for tool
2071	3	blorple 8
2072	28	look at furnace
2073	25	get fluff
2074	28	watch video
2075	27	drop torch
2076	3	point it at me
2077	51	examine coffin
2078	50	put lye in coat
2079	25	get stone
2080	51	x murals
2081	25	take butter
2082	37	touch notch
2083	25	get pistol
2084	3	rimshaw, hypnotise me
2085	30	give fluff to arthur
2086	12	kill dragon
2087	25	get kit
2088	24	wear gloves
2089	38	open dresser
2090	3	clean lump
2091	25	get tea
2092	3	unlock chest
2093	37	touch thing with pole
2094	3	close cold box
2095	51	x sydney
2096	25	get flash
2097	25	get flute
2098	50	put painting in case
2099	45	e
2100	28	smell smoke
2101	27	drop matches
2102	27	throw rod
2103	51	examine flytrap
2104	3	gnusto scroll
2105	13	play tape
2106	32	turn bolt with wrench
2107	42	wave it
2108	27	push pine panel
2109	25	take dummy
2110	50	put tree on square
2111	31	search pizza
2112	25	get book
2113	27	drop leaflet
2114	3	wait for johnny
2115	25	get trowel
2116	38	open pot
2117	51	examine searchlight
2118	33	learn meef, meef and swanzo
2119	30	give alpha to apollonius
2120	38	open office door
2121	27	drop pile
2122	44	show keys to michael
2123	30	give cereal to hermit
2124	31	search wreck
2125	17	walk around bulldozer
2126	38	open crate
2127	25	get medicine bottle
2128	3	frotz temple
2129	27	press black
2130	27	pull anchor
2131	43	ask her about rare books
2132	3	get in golden machine
2133	25	take pen
2134	31	search shape
2135	3	dig rock with axe
2136	8	break frame
2137	53	strike rod of husbandry
2138	27	drop stick
2139	27	press ignition
2140	51	x top shelf
2141	28	smell car
2142	25	get timber
2143	50	put jar in purse
2144	25	take butter from pot
2145	25	get sapphire
2146	3	tase sleaze
2147	25	get finch
2148	51	x wheels
2149	51	x me
2150	3	cast frotz on amulet
2151	25	get all from drawer
2152	25	get dragon and paper
2153	29	sleaze
2154	28	look at controls
2155	25	take dagger
2156	51	x pass
2157	50	put it in cannon
2158	51	examine dish
2159	38	open fridge
2160	3	unlock hatch with brass key
2161	5	turn on electricity
2162	27	drop balsa wood beam
2163	42	turn it right 5
2164	30	give card to alan
2165	25	get porridge oats
2166	38	open back door
2167	25	get bracelet
2168	25	get daisy
2169	26	remove first brick
2170	51	examine mesa
2171	25	get battery
2172	26	remove fused bedistor with pliers
2173	44	show crossbow to dragon
2174	40	read prayer
2175	25	take all except key, whip, stool
2176	25	get spar
2177	3	gnusto fiznav
2178	50	put blanket on grue
2179	42	wave spindle
2180	42	wave hairband
2181	3	enter dory
2182	3	write 3 on cube
2183	27	push bed
2184	7	light torch with fire
2185	50	put it in thing
2186	25	get toolkit
2187	35	hit elf
2188	8	break padlock with hook
2189	50	put hand in cauldron
2190	8	break branch
2191	3	frotz candle
2192	42	turn ring to second symbol
2193	38	open pizza box
2194	27	drop can
2195	51	examine bandage
2196	27	throw wishbone at ghost
2197	27	drop padlock
2198	37	rub bug
2199	51	x insect
2200	3	get in bucket
2201	50	put gram in basket
2202	25	get relay
2203	50	put gum on ass
2204	3	note sink
2205	50	put flour in pot
2206	25	take gnomon
2207	25	take skink
2208	40	read faded
2209	25	take keys
2210	7	light candles with match
2211	22	drive to whitehall
2212	25	get ruby cluster
2213	41	hit comb
2214	3	frotz lantern
2215	51	examine enclosure
2216	50	put figurine in case
2217	3	bandage arm with rags
2218	25	take flag
2219	51	examine parchment
2220	38	open west door
2221	25	get coins
2222	42	wave crook
2223	51	x clock
2224	37	touch orange
2225	27	throw club at herman
2226	27	push pram east
2227	43	ask charles about temple
2228	40	read scrawled
2229	50	put astrolabe in mounting
2230	50	put white in unit
2231	49	carve my name on the memorial
2232	51	x counter
2233	51	examine rope
2234	25	get coal
2235	37	touch panel
2236	27	slide k
2237	44	show case to jenny
2238	27	push dispenser button
2239	18	jacket
2240	38	open freezer
2241	25	take shroud
2242	27	move cover
2243	27	drop toupee
2244	25	tell floyd to get shiny board
2245	16	ask cheryl for hologram
2246	3	stand on disc
2247	50	insert beam in niches
2248	47	clap
2249	50	put sceptre in first socket
2250	37	touch w rune with rose
2251	49	cut cable
2252	3	look up croseus in album
2253	3	close outer door
2254	25	get towel
2255	25	get all from closet
2256	25	take jar
2257	3	start engines
2258	30	give safe to mark
2259	50	insert good bedistor in cube
2260	45	go north
2261	9	open box then get cube
2262	25	take toy
2263	27	drop key
2264	25	get necklace
2265	51	examine keg
2266	3	unlock cupboard with key
2267	26	remove hood
2268	32	turn roller on
2269	25	take myrrh
2270	30	give match to man
2271	27	throw stone at thing
2272	51	x respirator
2273	23	turtle, follow me
2274	3	look up indanaz in leshosh
2275	26	remove hat
2276	27	push piano east
2277	3	tinsot fragment
2278	51	x shadow
2279	24	wear fish
2280	50	put sugar in pan
2281	27	press gray button
2282	27	drop pickaxe
2283	50	put trident in case
2284	3	look up trophy in history book
2285	25	get alpha
2286	2	eat tiny bowl of porridge
2287	25	get off chair
2288	25	take compass rose
2289	3	blorb adventurer
2290	42	wave pole
2291	27	drop mousetrap
2292	50	put jar in knapsack
2293	6	say time
2294	44	show brick to gnome
2295	25	get stick
2296	50	put gold in unit
2297	50	put embers in coat
2298	27	throw body in pit
2299	50	put coal in furnace
2300	27	drop small key
2301	40	read old book
2302	38	open lab uniform
2303	25	take stool
2304	3	undress
2305	50	put net on hole
2306	25	get orange card
2307	28	look in overalls
2308	30	give case to harry
2309	51	x bulbs
2310	50	put scarab in small recess
2311	3	get on horse
2312	25	take crumpled
2313	3	save mp4
2314	28	look at scene
2315	25	take moldy book
2316	9	hole, w
2317	51	examine dusty book
2318	28	look in displaycase
2319	51	examine notice
2320	6	blizzard
2321	31	search fountain
2322	50	insert wishbringer in sculpture
2323	27	drop first brick
2324	42	turn roller on
2325	27	drop plotter
2326	25	take bowl
2327	25	get novel
2328	30	give towel to arthur
2329	51	examine tomb
2330	51	examine lever
2331	50	put rasp into thing
2332	51	x generator access
2333	27	drop jacket
2334	25	take fuse
2335	43	ask gnome about fire
2336	51	x painting
2337	40	read ornate scroll
2338	33	learn shazok
2339	5	turn on slide projector
2340	25	get crook
2341	37	touch mirror
2342	25	get bone
2343	25	get pork
2344	25	get horn
2345	25	get air tank
2346	27	push statue w
2347	51	x rods
2348	27	drop dummy
2349	25	take 3
2350	28	look in cannon
2351	50	put battery in panel
2352	30	give pincer to marvin
2353	6	say to twin "the combination is 639"
2354	3	pour liquid on body
2355	6	odysseus
2356	51	x sonar
2357	50	put all except book in zipper
2358	27	drop dagger
2359	43	ask pedlar about beans
2360	51	x prep table
2361	25	get ruby
2362	3	nitfol turtle
2363	25	get shuttle card
2364	33	learn yomin
2365	40	read dusty scroll
2366	51	x servers
2367	17	climb ladder
2368	7	light firewood with match
2369	9	hole, s
2370	26	remove old battery
2371	51	examine log
2372	30	give fragment to green rock
2373	27	drop mud
2374	0	fill tank with air
2375	51	x plate
2376	32	turn ring to fourth symbol
2377	3	enter car
2378	30	give gram to andrea
2379	25	get amber
2380	3	write cave on cube
2381	43	ask wolf about pigs
2382	43	ask delbin about ale
2383	25	take light
2384	25	get peg
2385	51	x self
2386	51	examine moss
2387	25	take carpet
2388	50	put vase in opening
2389	5	turn off machine
2390	27	press down button
2391	3	gnusto ozmoo spell
2392	25	take green sphere
2393	25	take celery
2394	51	examine mousetrap
2395	31	probe contacts
2396	3	point down
2397	25	get etching
2398	3	gnusto cleesh spell
2399	27	drop flask
2400	27	drop bottle
2401	25	get blueprint
2402	51	x dispenser
2403	51	examine tree
2404	50	put lens in spotlight
2405	30	give cola to guard
2406	51	x kite
2407	49	cut branch with knife
2408	32	turn wheel off
2409	25	get eggs
2410	27	drop remote control
2411	51	x hand
2412	17	climb on table
2413	31	search ash
2414	25	get hammer
2415	51	x panels
2416	50	put dynamite in toaster
2417	27	drop garlic
2418	26	scrape gum with card
2419	0	fill jug
2420	27	drop nasty knife
2421	33	learn huncho
2422	3	hammer scraps
2423	44	show card to chuckles
2424	27	throw book at outcrop
2425	3	unlock hatch
2426	50	hang bucket on third peg
2427	51	x thing
2428	53	strike rod of bronze
2429	38	open toolshed
2430	25	get steel key
2431	25	take ruby
2432	25	take note
2433	50	insert capsule into reactor
2434	44	show box to guard
2435	27	press forcefield
2436	27	robot, lift cage
2437	49	cut rope with dagger
2438	27	push golden machine south
2439	28	look at mural
2440	51	examine tombs
2441	25	get stained scroll
2442	25	get volume
2443	9	rock, sw
2444	27	drop shawm
2445	3	unlock door with wrought iron key
2446	26	remove cloak
2447	25	take iron key
2448	50	insult joe
2449	49	cut rope with knife
2450	27	throw ball in pond
2451	40	read diary
2452	4	hide envelope under bunk
2453	51	examine large chair
2454	6	say rat to picasso
2455	3	set compass to hawk
2456	28	look in tear
2457	3	raise basket
2458	3	gnusto bekdab
2459	51	x gnome
2460	2	eat tablet
2461	50	put it in receptacle
2462	38	close zipper
2463	8	break seal with pickaxe
2464	38	open terminal
2465	51	examine fusebox
2466	26	remove second board
2467	25	take trophy
2468	3	latitude is 25
2469	25	get indigo vial
2470	51	examine remote control
2471	2	eat bread
2472	25	get cheese
2473	38	open can
2474	30	give bone to poodle
2475	30	give bread to old man
2476	42	turn it on
2477	27	drop amulet
2478	51	x city
2479	3	set throttle to fast
2480	27	drop crown, stamp, zorkmid and ruby
2481	25	get glasses
2482	25	take all
2483	3	hack terminal
2484	27	drop all but lens
2485	34	lie down
2486	25	take icicle
2487	27	drop pyramid
2488	25	ask wiggins to get garnet
2489	25	take tongs
2490	25	get slip of paper
2491	51	examine dining table
2492	38	open handbag
2493	40	read grave
2494	51	x right screen
2495	50	put gray rod in pot
2496	17	climb rope
2497	43	ask marion about nelson
2498	27	push piano south
2499	25	get sword
2500	33	learn jindak
2501	28	smell dirty floor
2502	27	drop card
2503	50	put coal in machine
2504	25	get rapier
2505	50	put smoke rod in pot
2506	41	hit bung with mace
2507	42	wave sceptre
2508	27	drop aqua vial
2509	30	give pork chops to wolf
2510	30	give manual
2511	27	drop glasses
2512	3	close canteen
2513	33	learn swanko
2514	51	x footprints
2515	3	close hatch
2516	27	press project status stud
2517	45	east
2518	25	get opal cluster
2519	38	open buoy
2520	51	x guard
2521	38	open washing machine with poker
2522	42	wave clover
2523	25	get sack
2524	27	drop rope
2525	3	enter shower
2526	38	open chest with needle
2527	4	cover hole 3
2528	30	give note to mr crisp
2529	44	show ticket to gravedigger
2530	27	push moldy s
2531	27	slide upper card through slot
2532	25	get brick
2533	27	drop silver
2534	21	wake gnome
2535	50	put emerald cluster in knapsack
2536	9	rock, s
2537	51	examine shadow
2538	50	put house on triangle
2539	43	ask allarah about white
2540	25	get stamp
2541	28	look in box
2542	25	get pole
2543	43	ask hawker about candy
2544	53	strike returning
2545	38	open trapdoor
2546	40	read tag
2547	40	read card
2548	50	put mukhtar on table
2549	25	get laser
2550	38	open tapestry
2551	51	examine box
2552	25	get teapot
2553	3	look up kebarn in leshosh
2554	27	drop hair dryer
2555	27	drop branch
2556	25	get cage
2557	27	move bookshelf
2558	43	ask hermit about exit
2559	28	look under jukebox
2560	42	turn ring to third symbol
2561	26	withdraw $603
2562	3	shut panel
2563	25	get awl
2564	38	open box with tool
2565	28	look at little window
2566	38	open matchbook
2567	44	show mouse to elephant
2568	25	take red scroll
2569	27	drop lockpick
2570	25	take small key
2571	38	open white door
2572	0	fill pot with water
2573	27	press red button
2574	51	examine air tank
2575	51	examine white door
2576	50	put amulet in slot
2577	50	put large key on keyring
2578	25	get link
2579	27	push purple
2580	3	point it at thorns
2581	47	reach in sculpture
2582	35	hit floor with axe
2583	3	unlock door
2584	39	buy peanuts
2585	27	drop scrawled
2586	3	look up heinrich in record
2587	45	d
2588	51	x coach
2589	25	get red card
2590	32	turn dial right
2591	50	put bit in cup
2592	50	put screwdriver in toolkit
2593	50	put coin in net
2594	25	get all
2595	51	x chopper
2596	27	drop pearl
2597	34	stand up
2598	51	x tower
2599	50	put eyes in body
2600	51	x building
2601	25	get line
2602	49	cut coconut with axe
2603	27	drop popcorn
2604	51	x thad
2605	38	open secret panel
2606	25	get gum
2607	50	put gold coin on right
2608	24	wear sandals
2609	51	x barrels
2610	50	put letter opener in keyhole
2611	25	get spices
2612	51	x gaping
2613	27	drop honey
2614	32	turn dial to 1
2615	27	push railing
2616	25	get bazooka
2617	51	x sheet
2618	24	wear clown mask
2619	25	get candy
2620	25	get fruit
2621	24	wear sash
2622	6	say alakazam
2623	27	drop chair
2624	42	turn dial right 3
2625	44	show term paper to frobar
2626	25	take pass
2627	14	join golden rod to brown rod
2628	27	drop secateurs
2629	24	wear shield
2630	27	drop birdcage
2631	25	get silver locket
2632	16	ask for akbar
2633	27	drop all bricks
2634	51	x statue
2635	51	x car
2636	50	put lye on moss
2637	3	unlock wardrobe with key
2638	3	close breaker
2639	51	examine dog
2640	28	look in cabinet
2641	42	wave stone
2642	25	take spar
2643	51	x trees
2644	28	look through astrolabe
2645	3	hide behind president
2646	25	take probe
2647	27	drop trap
2648	50	put flathead on circle
2649	27	drop diamonds
2650	28	look in bottle
2651	51	examine icicles
2652	3	stand on charles
2653	37	touch flower
2654	26	remove brick with crowbar
2655	3	greet gnome
2656	43	ask k9 about sequence
2657	25	take x8, x9, x10, x11
2658	38	open cube
2659	51	examine plant
2660	25	take decaf from pot
2661	33	learn urbzig
2662	50	put it in projector
2663	25	get spoon
2664	50	put torch in hand
2665	29	answer "a well"
2666	3	exit
2667	35	hit comb
2668	30	give gram to alicia
2669	25	take robe
2670	30	give cola to britney
2671	25	get lamp, glass and ampoule
2672	51	x robot
2673	33	learn izyuk
2674	3	close plate
2675	50	put pliers into thing
2676	50	put whistle in pot
2677	51	x invite
2678	39	buy electromagnet
2679	50	put peg in hole
2680	42	roll statue se
2681	32	turn selkis
2682	25	get cutter
2683	0	fill battery
2684	42	turn handle
2685	40	read red scroll
2686	3	pour wax on floor
2687	27	drop splinter
2688	40	read back of yellow paper
2689	27	drop sword
2690	29	sword
2691	5	turn off saw
2692	3	close tray
2693	25	get trident
2694	51	x feather
2695	36	get out of chair
2696	27	drop pin
2697	25	take rope
2698	27	slide n
2699	27	push mountain
2700	51	x terrock
2701	3	lock it with padlock
2702	38	open cage
2703	50	put it on hand
2704	3	lower short pole
2705	25	take implementeers
2706	32	turn c
2707	50	put celery in purse
2708	27	drop shiny key
2709	27	drop coin
2710	50	put cube in pot
2711	3	click lpr
2712	37	touch nw rune with rose
2713	50	put all in fireplace
2714	3	haggle with salesman
2715	25	get pan
2716	25	get sharp pick
2717	27	press west wall
2718	42	shake pack
2719	25	take coin
2720	25	take lens
2721	3	pour water on plant
2722	50	put hand in hive
2723	51	examine packet
2724	51	examine arthur
2725	25	take cup
2726	27	drop pump
2727	30	give thumb to robot
2728	27	drop cap
2729	25	get card
2730	25	take suitcase
2731	51	examine hive
2732	27	push demeter southwest
2733	2	eat food
2734	25	get firework
2735	32	turn dial to 639
2736	28	look in telescope
2737	25	get all from basket
2738	52	shoot prey
2739	46	burn rope with candle
2740	43	ask trent about elizabeth
2741	30	give fish to grue
2742	3	point it at rod of life
2743	50	put cereal in pot
2744	51	examine fawkes
2745	7	light fuse with match
2746	3	egdelp cabinet
2747	32	turn gnomon
2748	51	x dust
2749	3	look up elijah inrecord
2750	27	drop drive
2751	43	ask man about hammer
2752	51	examine grimoire
2753	31	search workbench
2754	4	cover trapdoor with bearskin rug
2755	50	put chain on hook
2756	27	drop sack
2757	24	wear breeches
2758	51	x slot
2759	38	open bag
2760	50	insert emerald cluster in third hole
2761	25	get antimacassar
2762	51	x chairs
2763	9	turtle, se and get scroll then nw
2764	0	fill tank
2765	26	remove tank
2766	43	ask bum about anna
2767	38	open throttle
2768	50	put flask under spout
2769	25	get featureless rod
2770	3	answer phone
2771	51	examine rolls
2772	51	x plants
2773	22	row east
2774	3	pour vodka in cola
2775	27	drop knife
2776	45	aft
2777	50	put towel on valve
2778	3	enter gazebo
2779	38	open aqua vial
2780	3	type "bleem"
2781	50	put red cake in pool
2782	25	get cup
2783	3	gnusto melbor spell
2784	25	take smoke rod
2785	17	climb scarf
2786	28	look in fountain
2787	51	x k9
2788	50	put all into thing
2789	7	light match
2790	25	get real mirror
2791	51	x skeleton
2792	28	look under bed
2793	40	read back of blue paper
2794	50	put pebble on second disk
2795	51	examine diagram
2796	3	rezrov alabaster
2797	50	put bladder in geyser
2798	37	touch table
2799	25	get berries
2800	37	touch man
2801	3	dig in sand
2802	51	x man
2803	7	light candle
2804	44	show spreadsheet
2805	42	turn gnomon
2806	2	feed dog sandwich
2807	3	snavig grouper
2808	38	open cupboard
2809	50	put lens in telescope
2810	27	drop portrait and bills
2811	25	get bricks
2812	25	get portrait and bills
2813	50	put mat under door
2814	51	x moss
2815	25	get tobacco,knife,pipe
2816	51	examine model
2817	25	take purse
2818	25	take shield
2819	25	get paddle
2820	25	get torn square
2821	3	meef weeds
2822	3	wedge doors with axe
2823	27	push button
2824	51	x jail
2825	13	ring bell
2826	3	set first wheel to 9
2827	25	take all but parchment
2828	3	record
2829	27	push right button
2830	27	push second switch
2831	27	guards, drop rifles
2832	27	push yellow button
2833	3	download image
2834	17	climb down chimney
2835	3	unlock jewellery box with gold key
2836	50	put bazooka on claw
2837	50	put ebony in eastern niche
2838	51	x paper
2839	17	jump to beanstalk
2840	50	put red sphere in ruby stand
2841	34	sit in large chair
2842	25	take sticker
2843	27	move rug
2844	31	search refuse
2845	27	push can against wall
2846	50	put x1 in first
2847	27	drop radio and pole
2848	28	look in mouth
2849	28	watch television
2850	27	press north wall
2851	51	x bushes
2852	51	examine door
2853	31	search straw
2854	29	no
2855	51	examine cage
2856	17	climb tree
2857	50	put screwdriver in basket
2858	44	show invitation to butler
2859	3	clean podium
2860	27	press switch b
2861	17	swim
2862	37	touch
2863	6	echo
2864	25	get tablets
2865	25	get ticket
2866	25	take dirty scroll
2867	7	light torch with newspaper
2868	25	take list
2869	27	drop walkie
2870	6	say ptolemy
2871	26	remove clothes
2872	50	put steel key on keyring
2873	27	push table e
2874	25	get watch
2875	50	put coal in basket
2876	5	turn on film projector
2877	27	drop cloth
2878	50	put ledger in pot
2879	28	look at list
2880	51	x chair
2881	30	give key to alan
2882	27	drop all but pager
2883	31	search valuables
2884	16	ask sydney for hat
2885	3	close matchbook
2886	50	put butter in pan
2887	27	press switch a
2888	30	give shilling to wiggins
2889	51	x table
2890	51	examine islet
2891	3	cast girgol
2892	3	agganrw
2893	51	x shelf
2894	50	put gear on post
2895	25	get magazine
2896	40	read brochure
2897	42	turn valve with crowbar
2898	48	talk to boy
2899	27	drop axe
2900	3	clean dirty floor with moss
2901	25	take comb
2902	25	take tube and torch
2903	50	put coin in zipper
2904	27	press med
2905	25	get rug
2906	42	turn knob to high
2907	25	get black scroll
2908	42	wave stick
2909	24	wear watch
2910	3	close jar
2911	51	x duct
2912	43	ask gnome about mother
2913	3	close oven
2914	25	get maiden
2915	33	learn malyon
2916	27	pull railing
2917	25	get knife
2918	42	turn isis
2919	28	look up
2920	51	examine sapphire
2921	3	erase line between b and r
2922	51	x marker
2923	51	x officer
2924	25	take gun
2925	25	get lockpick
2926	3	raise short pole
2927	27	push table s
2928	51	examine wand
2929	3	oil handcar with can
2930	6	tell bum about skull
2931	40	read features in newspaper
2932	3	close trapdoor
2933	30	give jewels to guard
2934	51	x district attorney
2935	25	get stethoscope
2936	8	break ampoule
2937	3	look up squirrel in leshosh
2938	50	put red in glasses
2939	38	open catch
2940	25	get dumbells
2941	14	tie rope to branch
2942	25	take jug
2943	43	ask bum about brother
2944	42	turn key
2945	50	put worm in fountain
2946	42	turn dial to 639
2947	51	examine switch b
2948	26	remove bandage
2949	28	look under stove
2950	25	take whistle
2951	38	adventurer, open door
2952	25	take spreadsheet
2953	26	remove armour
2954	28	look at woods
2955	27	drop rug
2956	3	fee
2957	27	drop cage
2958	51	x blank card
2959	49	cut jacket with glass
2960	3	gnusto ledak
2961	30	demon, give me wand
2962	25	get vase
2963	38	open toilet
2964	27	push locker east
2965	33	learn taclor
2966	3	look up partaim in fresto
2967	10	break cabinet
2968	25	get spectacles
2969	3	unlock crypt
2970	50	put mail on satchel
2971	25	get rod of fire
2972	51	x pig
2973	51	x sign
2974	27	drop candles
2975	50	put flag on bed
2976	30	give encyclopedia to marion
2977	38	open container
2978	24	wear skis
2979	32	turn ring to seventh symbol
2980	3	write 7 on cube
2981	25	get box
2982	2	eat green goo
2983	44	show ribbon to chuckles
2984	51	examine children
2985	3	hide under bones
2986	27	pull antenna
2987	27	drop all except 10, book
2988	22	drive to trafalgar square
2989	43	ask gnome about prinout
2990	31	search window
2991	27	pull lever
2992	25	get wig
2993	38	open towel
2994	34	stand
2995	51	examine slot
2996	38	open grate
2997	23	follow mouse
2998	3	unlock padlock with key
2999	25	get bladder
3000	3	close slot
3001	25	get pot
3002	44	show keepsake to knight
3003	3	zemdor ale
3004	28	look under table
3005	0	fill canteen
3006	3	oil secateurs
3007	25	get green card
3008	30	give gram to silas
3009	27	push filthy n
3010	50	put wheel on peg
3011	3	lower flag
3012	16	ask gnome for ball
3013	40	read notice
3014	8	break bubble with axe
3015	25	get water
3016	25	take thing
3017	32	turn wheel
3018	25	get blanket
3019	33	learn bekdab
3020	3	dig ground
3021	38	open orange vial
3022	25	take crumpled scroll
3023	50	put timber across chute
3024	51	examine plant pots
3025	25	get luck
3026	3	unlock door with key
3027	50	put stick in pile
3028	25	get indigo card
3029	25	get all from coffin
3030	51	examine splinter
3031	51	x shape
3032	51	x rack
3033	31	search sludge
3034	27	throw it at rabbit
3035	50	put coin in jukebox
3036	27	drop keys
3037	43	ask george about frank
3038	24	wear stethoscope
3039	38	open lid
3040	25	get portrait
3041	3	set center dial to 3
3042	51	x huge statue
3043	40	read emerald scratch with glass
3044	3	enter
3045	44	show blue to trent
3046	25	get secateurs
3047	51	examine slip
3048	27	drop spoon
3049	35	kick thug
3050	25	get ekmek
3051	25	take dorkmid
3052	25	take perfume
3053	25	take screwdriver
3054	27	drop flint
3055	32	turn ring
3056	33	learn lobal
3057	51	examine bookcase
3058	9	repeatedly "turn sceptre" until the coffin opens
3059	3	set constellations to horse
3060	27	drop all but candle
3061	25	get arrow
3062	3	look up cholok in leshosh
3063	25	get tools
3064	51	x paint splotches
3065	38	open vial
3066	25	get rod of returning
3067	25	take shovel
3068	51	examine charles
3069	50	put golden chalice on left disc
3070	27	drop third brick
3071	41	hit elf
3072	25	take sand
3073	51	examine rose
3074	45	up
3075	43	ask male about work
3076	37	rub lamp
3077	27	drop food
3078	27	drop rusty knife
3079	25	get crossbow
3080	3	play arcade
3081	3	unlock lock with lockpick
3082	51	examine plate
3083	42	roll statue ne
3084	25	get tray
3085	51	x technician
3086	25	take foot
3087	42	turn door
3088	25	get brown paper
3089	28	look in nest
3090	50	put coins in fur sack
3091	39	buy telescope
3092	17	climb beanstalk
3093	43	ask alan about key
3094	27	push red button
3095	51	examine panel
3096	48	talk to stephanie
3097	42	wave handkerchief
3098	45	go to statue
3099	44	show star crystal to trent
3100	3	gnusto tinsot
3101	25	get scarf
3102	51	x treant
3103	40	read crumpled
3104	51	x keys
3105	3	blorple 4
3106	6	idiot
3107	27	pull lining
3108	50	put all in zipper
3109	27	drop scarf
3110	25	take sword
3111	27	move moose
3112	25	get passbook and room key
3113	51	x dent
3114	51	examine hooks
3115	25	get memo
3116	27	drop camera
3117	27	drop pot
3118	3	enter right end of plank
3119	50	put canary in case
3120	25	take trunk
3121	51	x status display
3122	25	take x1, x2, x7, x12
3123	3	point machine at tree
3124	3	close panel
3125	50	put silver in slot
3126	51	examine fence
3127	25	get pizza box
3128	27	pull third peg
3129	50	put ebony in northern niche
3130	27	move block
3131	25	get cue ball
3132	38	open locker
3133	3	throck shrub
3134	3	plug in toaster
3135	38	open jewelry box
3136	28	look under floorboard
3137	3	tighten joint
3138	3	enter window
3139	3	gnusto liskon
3140	35	hit dog
3141	40	read warning note
3142	3	enter roller
3143	25	take pig
3144	24	wear snorkel
3145	50	put skull in case
3146	51	x coffee
3147	27	drop plans
3148	6	boo
3149	40	read leaflet
3150	25	take cushion
3151	3	gnusto rezrov spell
3152	34	sit down
3153	51	x information stud
3154	43	ask computestor about videophone
3155	27	push joystick west
3156	32	turn neith
3157	30	give eggs
3158	27	drop lump
3159	51	examine cauldron
3160	30	give kappa to callimachus
3161	40	read letter to woman
3162	51	examine statue
3163	37	touch information
3164	25	get bearskin rug
3165	30	give gram to meghan
3166	27	slide kitchen card through slot
3167	40	read stained scroll
3168	27	slide i
3169	51	x librarian
3170	3	ledak painting
3171	42	turn sphere
3172	25	get dynamite
3173	25	take green bottle
3174	51	x contraption
3175	27	throw stone at creature
3176	51	x book
3177	24	wear sweater
3178	27	push bookcase
3179	51	examine pockets
3180	38	open door with crowbar
3181	25	roustabout, get net
3182	25	take dino
3183	2	eat toadstone
3184	3	record scene
3185	3	lobal me
3186	30	give case to jenny
3187	3	strike match
3188	28	look at frank
3189	3	erase line between m and v
3190	27	drop fork
3191	38	open wooden door
3192	32	turn ring to sixth symbol
3193	43	ask holmes about ash
3194	51	examine spade
3195	27	drop head
3196	28	look through window
3197	6	say carte
3198	28	look through binoculars at shelter
3199	3	urbzig snake
3200	25	get branch
3201	27	throw sword into lake
3202	51	examine watch
3203	7	light lantern
3204	25	get pouch
3205	25	take tea
3206	3	set fourth wheel to 9
3207	3	upload picture
3208	6	plover
3209	27	drop key and brush
3210	50	put laudanum in blue goblet
3211	21	wake homer
3212	51	x nest
3213	50	put gum in cauldron
3214	30	give pan to guard
3215	27	drop coconut
3216	28	look into wagon
3217	3	unlock cabinet with key
3218	27	move crank
3219	50	put chalice in case
3220	27	pull tinsel
3221	27	press button
3222	50	put firewood on hearth
3223	11	pray to kraxis
3224	27	push wireless north
3225	32	turn it
3226	25	take feather
3227	25	get fig
3228	51	examine silver coin
3229	40	read crypt
3230	27	drop ticket
3231	25	get kappa
3232	25	take key
3233	25	take hairpin
3234	51	examine boulders
3235	27	pull cloth
3236	3	blorple 5
3237	5	turn on engine
3238	50	put scraps on anvil
3239	50	put spell book in zipper
3240	51	x windy tunnel
3241	6	say agamemnon
3242	20	take off veil
3243	6	hello
3244	25	take berries from pot
3245	27	drop all except radio
3246	27	push ball south
3247	51	x pool
3248	51	x electronics
3249	28	look out window
3250	50	put silver rod in top
3251	25	get diamond
3252	51	examine sculpture
3253	51	x boat
3254	27	drop cup
3255	30	give book to twin
3256	51	x pipe
3257	51	examine body
3258	51	examine dagger
3259	27	press yellow button
3260	31	search seat
3261	50	put brick in hole
3262	51	x magnetite
3263	27	drop bandage
3264	5	turn off lamp
3265	25	get interface
3266	24	wear wings
3267	25	take red powder
3268	26	remove skis
3269	27	drop upper card
3270	25	get poe
3271	37	rub it with crayon
3272	25	get painting
3273	51	x fan
3274	27	drop carpet
3275	3	krebf shredded scroll
3276	50	put x12 on first pile
3277	38	open pacquet of paper
3278	25	get gear
3279	14	attach paper to teeth
3280	51	examine lights
3281	25	get locket
3282	51	examine tide
3283	40	read writings
3284	27	drop all but brain
3285	31	search pocket
3286	25	get beam
3287	3	point rod of returning at me
3288	23	k9, follow me
3289	27	throw red at smoke
3290	50	put six coins in overhead
3291	50	put line in socket
3292	51	x cubicles
3293	25	get skull
3294	33	learn feeyuk
3295	32	turn knob
3296	51	x viewscreen
3297	3	close torch
3298	43	ask fairy godmother about dress
3299	46	burn paper
3300	50	put yellow powder in kettle
3301	51	x globe
3302	42	turn ring to seventh symbol
3303	3	vardik me
3304	28	look at ring
3305	3	enter waterfall
3306	38	open outer door
3307	38	open bottle
3308	33	learn lesoch
3309	3	enter cloud
3310	25	take ticket 2306
3311	5	turn on stove
3312	43	ask pedlar about suitcase
3313	44	show pole to gnome
3314	51	examine meteor
3315	3	click on paper
3316	27	slide a
3317	25	get emerald cluster
3318	44	show earth crystal to trent
3319	27	drop cardboardbox
3320	25	get mud
3321	45	northwest
3322	5	turn off flashlight
3323	47	reach in zipper
3324	24	wear balls
3325	25	get flippers
3326	2	drink potion
3327	30	give corn to bird
3328	25	take rice
3329	51	x panel
3330	51	x vent
3331	27	drop dodo
3332	27	drop matchbook
3333	24	wear mask
3334	3	unlock cage
3335	25	get wrought iron key
3336	50	put crystal in space
3337	43	ask proprietor about amulet
3338	50	put cube in cauldron
3339	51	examine thin man
3340	25	get newspaper
3341	25	take pole
3342	5	turn off electricity
3343	50	put firework in toolkit
3344	25	get gown
3345	3	espnis idol
3346	30	give amulet to bum
3347	51	x frank
3348	51	x mask
3349	25	get gumball
3350	28	listen to girl
3351	51	examine axe
3352	27	drop pole
3353	27	drop blanket
3354	30	give silver to barker
3355	51	examine stump
3356	2	eat red goo
3357	38	open clam with trident
3358	42	turn wheel left
3359	51	examine machine
3360	39	buy blue carpet
3361	25	get package
3362	51	x trapdoor
3363	27	drop lamp
3364	2	eat gigantic quantity of just-right porridge
3365	51	examine ship
3366	35	hit crulley with coffer
3367	25	get mail
3368	51	x female
3369	3	blow horn
3370	3	leave bed
3371	23	follow gnome
3372	50	put coin in slot
3373	25	grab rope
3374	3	polish orb
3375	51	x sequence stud
3376	25	take cola
3377	27	put all down
3378	51	examine coin
3379	25	get bees
3380	3	unlock box with key
3381	50	put round stone into grating
3382	50	insert violet card in slot
3383	3	swanko spirit
3384	43	ask bly about problem
3385	52	shoot mushroom with crossbow
3386	26	remove gloves
3387	3	yell
3388	37	touch bottom
3389	6	hello sailor
3390	25	get key
3391	42	turn nephthys
3392	25	get coat
3393	25	take lamp
3394	38	open coffer
3395	27	move slab
3396	2	feed turnip to daisy
3397	50	put carton in oven
3398	45	ne
3399	50	insert green card in slot
3400	40	read green
3401	3	point it at mural
3402	51	x east mural
3403	24	wear gown
3404	25	take beam from southern niche
3405	3	unplug coaxial cable
3406	25	get rod of ice
3407	27	press island
3408	38	open carton
3409	28	look behind painting
3410	47	reach in chopper
3411	17	climb out of pipe
3412	38	open copier
3413	32	turn valve
3414	45	se
3415	39	buy c battery and putty
3416	41	attack crulley
3417	50	put bag in case
3418	3	pour cold porridge in gigantic bowl
3419	3	close access panel
3420	3	gnusto zifmia spell
3421	51	x magazines
3422	25	get paper
3423	25	get gold locket
3424	30	give candy to lizard
3425	3	zemdor blue box
3426	40	read envelope
3427	24	wear shroud
3428	50	put red sphere in pot
3429	42	turn wheel off
3430	28	look at tag through lens
3431	3	plug hair dryer into wall
3432	25	get yellow card
3433	27	press white panel
3434	51	examine emerald
3435	25	take bucket
3436	3	alexis, heel
3437	24	wear boots
3438	27	press red
3439	50	put star on pack
3440	25	get bean pole
3441	38	open wrapper
3442	43	ask george about beetlebaum
3443	3	get in machine
3444	3	write 9 on cube
3445	40	read booklet
3446	45	southwest
3447	42	turn switch with screwdriver
3448	3	close tapestry
3449	48	talk to man
3450	25	get container
3451	5	turn on autopilot
3452	27	throw sand
3453	38	open gate
3454	27	drop container and assignment
3455	3	wedge door with cheese
3456	27	press start
3457	42	turn it
3458	40	read torn square
3459	3	unlock grating with rusty key
3460	33	learn caskly
3461	25	get bag
3462	51	x scanner
3463	30	give umbrella to girl
3464	3	lower basket
3465	27	slide c
3466	25	get 3
3467	48	talk to britney
3468	25	take cage
3469	27	drop cutter, flask and axe
3470	17	climb piano
3471	51	examine shiny scroll
3472	27	drop bowl
3473	37	touch yellow
3474	50	put fuse in generator
3475	25	get vial
3476	50	put coin in pocket
3477	31	search guard
3478	27	push table n
3479	51	x box
3480	2	eat beef
3481	30	give form to barman
3482	3	fweep me
3483	40	read research paper
3484	25	get clover
3485	40	read paper
3486	25	get ampoule
3487	27	throw silver at white
3488	28	look at shape
3489	50	put stone in opening
3490	51	examine sheets
3491	50	put garlic in cauldron
3492	3	golmac me
3493	3	ozmoo myself
3494	3	blorple 7
3495	27	push coffin n
3496	38	open cabinet
3497	50	put small plug in plotter
3498	1	untie wire
3499	43	ask kemp about circuit breaker
3500	50	put invite in copier
3501	51	x machine
3502	3	unlock icebox with square key
3503	25	take rags
3504	25	get chisel
3505	51	examine white  statuette
3506	25	take wings
3507	51	x couch
3508	28	look in bucket
3509	37	pinch me
3510	3	blow it
3511	3	caskly hut
3512	3	fie
3513	38	open raincoat
3514	25	take all from pot
3515	51	x drain
3516	31	search desk
3517	25	take safe
3518	42	turn w
3519	51	examine boots
3520	27	push it south
3521	50	put it on henry's tomb
3522	40	read ledger
3523	42	roll statue sw
3524	34	lie down in front of bulldozer
3525	44	show note to chuckles
3526	25	take dusty brick
3527	25	take circuit
3528	50	put moss in nest
3529	27	pull quartz
3530	25	get firestone
3531	24	wear amulet
3532	50	put egg in case
3533	27	drop all except bottle
3534	3	tinsot channel
3535	24	wear crampons
3536	25	get coin
3537	27	press sequence stud
3538	3	gnusto krebf spell
3539	3	izyuk myself
3540	50	put peanut butter on celery
3541	15	reach into hole
3542	25	get page
3543	25	take clock
3544	50	put prize cube in top left socket
3545	27	drop skink
3546	29	reply
3547	27	slide ticket under front
3548	14	tie rope to rod
3549	25	get tarot box
3550	25	take pallet
3551	27	push yellow
3552	38	open jeep
3553	24	wear suit
3554	29	swordfish
3555	38	open case
3556	31	search wine rack
3557	42	turn ring to fourth symbol
3558	3	tossio golem
3559	7	light candle with match
3560	34	lie on couch
3561	25	get oar
3562	3	gnusto exex spell
3563	25	take all from basis
3564	22	row west
3565	38	open cover
3566	50	put blue sphere in sapphire stand
3567	50	put bread in zipper
3568	25	get milkbottle
3569	51	x cupboard
3570	38	open front door
3571	50	put rope in unit
3572	51	x chest
3573	25	take 12
3574	27	drop slip
3575	27	drop broom
3576	40	read sapphire scratch with glass
3577	51	examine plans
3578	3	unlock drawer
3579	27	throw plank
3580	37	rub locket
3581	38	open chest
3582	34	lie in bed
3583	27	push painting
3584	27	drop radio
3585	25	get apple
3586	43	ask fairy godmother about cinderella
3587	44	show torch to gnome
3588	51	x pack
3589	28	look at ron
3590	50	put kettle on stove
3591	3	gnusto caskly
3592	3	google it
3593	32	turn wireless on
3594	51	x printouts
3595	51	examine memorial
3596	38	open stone door
3597	51	examine safe
3598	3	enter cab
3599	3	lower ladder
3600	50	put short poem in alpha
3601	25	get bar
3602	24	wear wet suit
3603	51	x carvings
3604	50	put all in toolkit
3605	51	examine volt meter
3606	25	take printer
3607	50	put bug in sack
3608	6	say candle
3609	26	remove new brick with crowbar
3610	27	drop jewelry
3611	28	taste it
3612	30	give opal, ruby, sapphire and emerald to guard
3613	25	take ash tray
3614	45	north
3615	50	put scalpel in toolkit
3616	51	examine items
3617	3	gnusto foblub
3618	3	draw line from b to j
3619	50	put crossbow in sack
3620	3	set thermostat to warm
3621	28	smell
3622	50	put arrow in crossbow
3623	28	look under lily pad
3624	44	show can to pet
3625	51	examine computer
3626	38	open crate with poker
3627	3	enter access panel
3628	7	light newspaper with pipe
3629	41	hit board
3630	26	remove stethoscope
3631	30	give celery to barb
3632	50	put mirror 1 in caliper
3633	45	fore
3634	3	point west
3635	25	get rubies
3636	27	drop crumpled
3637	51	examine screen
3638	17	climb down rope
3639	25	get rod
3640	30	dragon, give ring to me
3641	32	turn m
3642	40	read glittering scroll
3643	38	open canteen
3644	38	open blue bottle
3645	51	x gun
3646	27	throw sceptre in boat
3647	51	x console
3648	27	push pram south
3649	43	ask officer about convention
3650	39	buy beer
3651	27	drop stool and bucket
3652	28	look in cauldron
3653	25	get rope
3654	51	x posse
3655	25	take gumball
3656	5	turn on bulb
3657	3	note stools
3658	6	say wheel
3659	37	touch red
3660	25	get honey
3661	27	drop it and kit
3662	16	order food
3663	5	turn drill on
3664	3	longitude is 25
3665	27	drop perfume
3666	25	take binoculars
3667	51	x blocks
3668	25	get toaster
3669	25	get pillow
3670	50	put balloon on pentagon
3671	25	get dagger
3672	25	get nugget
3673	38	open torch
3674	25	take gores
3675	42	turn ring to fifth symbol
3676	25	take hammer
3677	25	get shovel
3678	28	look at device
3679	25	get crow
3680	3	frotz burin
3681	18	paper
3682	27	press knob
3683	38	open tray
3684	25	take coal
3685	27	slide shuttle card through slot
3686	3	point to coconut
3687	3	gnoeval
3688	25	get worm
3689	28	l
3690	50	put heart in statue
3691	40	read topaz scratch with glass
3692	5	turn on videophone
3693	27	drop matchbox
3694	22	paddle west
3695	13	play accordion
3696	40	read damp scroll
3697	26	remove junk with forklift
3698	25	take axe
3699	25	take necklace
3700	21	wake falcon with salts
3701	27	pull breaker
3702	51	x contact points
3703	50	put hand on statue
3704	27	slide l
3705	25	take coin from basis
3706	51	x column
3707	50	put torch in golden chalice
3708	51	examine key
3709	3	enter dish
3710	25	get bauble
3711	50	put link in drawer
3712	33	learn exex
3713	35	hit board
3714	38	open closet
3715	3	enter outflow pipe
3716	3	type 384
3717	42	wave wand at underwear
3718	8	smash seal
3719	50	put red rod in hole
3720	3	gnusto zemdor
3721	45	go through curtain
3722	25	take briefcase
3723	30	give paper to gnome
3724	3	xyzzy
3725	50	put laudanum on pork
3726	25	get rose
3727	45	go ledge
3728	25	get token
3729	51	x arrangement
3730	50	put white rod in pot
3731	27	throw bottle at thing
3732	25	get pack
3733	50	put glob on case
3734	5	turn on space heater
3735	25	get smelly scroll
3736	27	drop microphone
3737	51	x bowl
3738	45	go through north wall
3739	28	look at window pane
3740	25	get whistle
3741	6	say ialdabaoloth
3742	17	jump to brown rock
3743	6	eddie, hello
3744	43	ask female about male
3745	50	put paper in pocket
3746	51	examine wardrobe
3747	25	take garlic
3748	25	get cloak
3749	25	take torch
3750	25	get bananas
3751	43	ask angela about affliction
3752	51	x horriblis
3753	3	close cage
3754	51	x west mural
3755	25	get bell
3756	27	press buy
3757	51	examine garlic
3758	39	buy bag
3759	25	take silver rod
3760	3	oil door
3761	50	put sack in tesseract
3762	13	play people
3763	25	take volcano
3764	0	fill milkbottle with pondwater
3765	25	take tiepin
3766	40	read garnet scratch with glass
3767	34	sit
3768	50	put it in hat
3769	3	yomin tortoise
3770	50	put ladder across rift
3771	25	take oak
3772	51	x male
3773	37	touch wood with pole
3774	43	ask pitchman about dr nostrum
3775	27	drop dino
3776	27	move rail with bar
3777	50	put bronze key on keyring
3778	3	look up edward in record
3779	51	examine glass case
3780	51	x dials
3781	3	set fifth wheel to 3
3782	42	shake lamp
3783	32	turn switch with screwdriver
3784	43	ask dragon about white
3785	25	get staff
3786	3	close drawer
3787	50	put flimsy scroll in zipper
3788	51	x clover
3789	3	z
3790	35	hit box
3791	37	touch transmit stud
3792	50	put pouch under pipe
3793	40	read blackened
3794	24	wear glasses
3795	3	pour water on coin
3796	50	put skull on statue
3797	25	take vellum scroll
3798	42	wave scroll
3799	27	press channel
3800	40	read warped
3801	42	turn dial to 4
3802	3	close outer
3803	27	push switch
3804	25	get pliers
3805	25	take splinter
3806	25	get beer
3807	38	open brown bottle
3808	3	close furnace
3809	51	examine cottage
3810	33	learn fweep
3811	25	get matchbox
3812	27	push chandelier
3813	26	wipe celery with napkin
3814	50	put maiden in projector
3815	25	take packet
3816	29	y
3817	25	get bomb
3818	51	x curtain
3819	27	press 4
3820	51	x wall
3821	43	ask male about officer
3822	51	x pedestal
3823	51	x handle
3824	39	buy flashlight and repellent
3825	7	light coal
3826	25	get mace
3827	3	meef vines
3828	27	press lever
3829	34	sit in cask
3830	51	x generator
3831	42	sharpen knife on rock
3832	51	x plaque
3833	51	examine compressor
3834	27	push golden machine east
3835	25	get violin, necklace, ruby, zorkmid, stamp, crown and dragon
3836	25	take ball
3837	7	light it
3838	50	put headdress in pot
3839	27	push joystick east
3840	50	put ace in projector
3841	25	get pillar
3842	24	wear veil
3843	20	take off jacket
3844	43	ask gnome about color magnet
3845	3	enter coffin
3846	3	prick dummy
3847	51	x lye
3848	30	give book to gnome
3849	25	get off carpet
3850	25	take radio
3851	3	enter boat
3852	45	go chandelier
3853	43	ask him about nelson
3854	25	take toupee
3855	53	strike rod of luck
3856	51	examine pigeons
3857	27	push green button
3858	45	norbert
3859	42	turn dial
3860	51	x stove
3861	3	click designers_manual
3862	3	click ftp
3863	51	examine missile
3864	50	put honey in cauldron
3865	50	put dart on claw
3866	33	learn krebf
3867	3	wield sword
3868	50	put compass rose in carving
3869	31	search grass
3870	31	search thicket
3871	25	take balsa beam
3872	25	take ladder
3873	32	turn dial to 11
3874	3	look up ternalim in fresto
3875	38	open door
3876	3	gnusto egdelp
3877	25	take log
3878	40	read ruby scratch with glass
3879	25	take it
3880	8	break window
3881	42	turn wheel
3882	3	vaxum being
3883	31	search crates
3884	51	x bay
3885	51	x flower
3886	25	get black
3887	25	get blue
3888	27	drop kit
3889	25	get wet suit
3890	25	take paper with pole
3891	33	learn snavig
3892	41	hit creature with hook
3893	27	throw brown at black
3894	51	x implementor
3895	41	hit icicle with umbrella
3896	3	gnusto fweep spell
3897	25	take burin from zipper
3898	50	put ashes on coin
3899	51	x grille
3900	43	ask farmer about oyster
3901	25	take 4
3902	52	shoot pod with bazooka
3903	50	put opal cluster in knapsack
3904	3	kulcad stairs
3905	27	push button 3
3906	27	drop necklace and dragon
3907	31	search painting
3908	40	read term paper
3909	25	get remote control
3910	25	get gold
3911	3	cast lesoch
3912	25	get
3913	25	get coffer
3914	28	look for pig
3915	6	say firefly to jim
3916	27	slide e
3917	33	learn espnis
3918	38	open grating
3919	27	cheryl, pull rods
3920	50	put towel on your head
3921	3	save image
3922	42	wave staff
3923	47	shake hands
3924	27	pull pin
3925	27	throw gun at herman
3926	25	take pincer
3927	27	slide lower card through slot
3928	31	search mess
3929	5	turn on flashlight
3930	49	cut clingfilm with knife
3931	51	x body
3932	27	drop all
3933	48	talk to alltext
3934	14	tie wire to hook
3935	27	drop shim
3936	45	s
3937	27	drop fish
3938	27	push tree north
3939	3	port
3940	25	take bread from zipper
3941	3	catch mouse with bucket
3942	25	get amulet
3943	38	open packet
3944	51	x boots
3945	38	open northern door
3946	27	push button 1
3947	38	open lab door
3948	27	move carpet
3949	38	open umbrella
3950	50	put oil on hatch
3951	25	get acorns
3952	51	x storm
3953	3	wait
3954	2	eat stew
3955	44	show brick to pig
3956	25	take beads
3957	51	x mushroom
3958	27	drop spade
3959	3	rezrov gate
3960	5	turn radio on
3961	27	throw bricks
3962	51	x porous wall
3963	25	take egg
3964	25	get moss
3965	25	take seven coins from basis
3966	27	drop parchment
3967	50	put clover on coin
3968	25	get sash
3969	25	get wishbringer
3970	25	get all cards
3971	36	get out of bed
3972	27	drop bear
3973	38	open filing cabinet
3974	26	remove plug
3975	45	ahead
3976	3	gnusto feeyuk
3977	51	x desk
3978	18	2
3979	27	push ass
3980	6	say even
3981	43	ask k9 about door
3982	25	get puzzle box and flute
3983	38	open bird
3984	27	drop volcano in water
3985	51	examine huge bed
3986	37	touch mist
3987	40	read torn
3988	3	pick cuffs with needle
3989	25	take bandage
3990	25	take right foot
3991	51	x indicator
3992	45	go to pig
3993	50	put all on box
3994	25	take wand
3995	3	huncho me
3996	27	push bunk
3997	40	read back of brown paper
3998	25	get carton
3999	27	drop firework
4000	51	x bones
4001	25	get golden cluster
4002	3	look up eustacia in album
4003	27	drop antimacassar
4004	50	put probe in slab
4005	38	open washing machine
4006	40	read notes
4007	2	eat bar
4008	33	learn ozmoo
4009	3	look up 1420 in map
4010	28	look under bunk
4011	51	x shaman
4012	25	take hand
4013	27	drop carton
4014	38	open book
4015	51	examine blue statuette
4016	25	take scroll
4017	25	get corn
4018	50	put egg in pot
4019	51	examine thumb
4020	27	move barrel
4021	30	give note to man
4022	25	take envelope
4023	3	bekdab golem
4024	27	throw ball at umbrella
4025	51	examine switch
4026	30	give food to bear
4027	25	get plotter
4028	27	throw meat in passage
4029	0	fill teapot
4030	25	get pencil
4031	27	drop ox
4032	40	read slip of paper
4033	9	dungeon master, turn dial to 8 and press button
4034	51	examine coconuts
4035	50	put bomb in sewer
4036	3	dig plot with shovel
4037	27	drop passbook
4038	25	get canary
4039	25	get rock
4040	25	take gothic key
4041	13	play flute
4042	27	press green button
4043	27	drop tea
4044	51	x project status stud
4045	27	push dionysus southwest
4046	14	join red rod to silver rod
4047	25	get soap
4048	30	give ekmek to andromeda
4049	3	pulver river
4050	25	take hair dryer
4051	25	take manual
4052	27	press emergency button
4053	38	open claws
4054	45	stage
4055	17	jump
4056	25	get teleportation card and battery
4057	3	exit scimitar
4058	30	give pumpkin to fairy godmother
4059	25	get magic porridge pot
4060	36	get out of cask
4061	50	put star crystal in dagger
4062	42	turn knob
4063	25	get food
4064	25	get star
4065	27	push knob
4066	42	turn h
4067	51	examine it
4068	30	give ticket to rimshaw
4069	8	smash window with coffer
4070	27	pull leaves
4071	12	kill skink
4072	40	read muddy scroll
4073	50	put packet in pot
4074	35	hit plaster with pickaxe
4075	27	throw club at belt
4076	27	drop room key
4077	25	get test
4078	25	get brown
4079	25	get chewed scroll
4080	27	pull hose
4081	24	wear gas mask
4082	1	unhook chain
4083	25	get pots
4084	25	get pages
4085	25	get gloves
4086	38	open secret door
4087	5	turn on microphone
4088	38	open package
4089	9	hole, e
4090	40	read twisted
4091	3	open map
4092	51	x grenade
4093	27	push filthy s
4094	3	gnusto taclor
4095	3	twist nose
4096	38	open dish washer
4097	25	take hamburger
4098	27	drop pouch
4099	38	open portrait
4100	33	learn foblub
4101	31	search ice
4102	25	take box
4103	24	wear hat
4104	12	kill sofia with opener
4105	25	get torch
4106	50	put it in opening
4107	50	put diamond cluster in first hole
4108	6	say "float"
4109	50	insert cube in opening
4110	27	drop book
4111	3	write 6 on cube
4112	25	take 9
4113	50	put handcuffs on rods
4114	4	cover opening with blanket
4115	25	take chest
4116	25	take door
4117	49	cut flower
4118	38	open jar
4119	25	get chest
4120	27	drop statuette
4121	50	put gum on stick
4122	3	foblub man
4123	28	listen to conversation
4124	38	unscrew gnomon
4125	27	push pram e
4126	8	break windows
4127	50	put silver chalice on right disc
4128	25	take paper bird
4129	27	throw iron key at cat
4130	38	open coffin
4131	25	take pot
4132	34	sit on large chair
4133	52	shoot window
4134	3	guncho krill
4135	50	put homing in hatch
4136	42	turn ring to sixth symbol
4137	41	hit crulley with coffer
4138	44	show amulet to michael
4139	25	get all from cabinet
4140	51	x button
