0	1	put umbrella on pool
1	1	put medicine bottle in shaft
2	1	x console
3	1	look under lily pad
4	1	pour water on detective
5	1	rezrov cabinet
6	1	open packet
7	1	drop tin
8	1	write on whiteboard with marker
9	1	open curtain
10	1	get locket
11	1	strike rod of luck
12	1	x vent
13	1	get out of bunk
14	1	insert opal cluster in fourth hole
15	1	put fig in urn
16	1	put it in cannon
17	1	put red in glasses
18	1	ask trent about elizabeth
19	1	get tools
20	1	arrest bill
21	1	get canteen
22	1	search furniture
23	1	put red sphere in pot
24	1	get flute
25	1	x temple
26	1	get all from basket
27	1	get yellow card
28	1	put long steel key on keyring
29	1	x posse
30	1	write mace on featureless
31	1	climb pillar
32	1	enter coffin
33	1	open purple book
34	1	gnusto vaxum spell
35	1	throw club at aquarium
36	1	drop match
37	1	put white rod in pot
38	1	get drawing paper
39	1	take lantern
40	1	wear fur
41	1	cut rope with dagger
42	1	x electronics
43	1	take stool
44	1	get bones with chopsticks
45	1	drop microphone
46	1	push ball south
47	1	x sheet
48	1	press up button
49	1	click ftp
50	1	open terminal
51	1	learn ledak
52	1	put brown sphere in pot
53	1	point rod of returning at me
54	1	gnusto cleesh spell
55	1	record
56	1	caskly moldy book
57	1	drop hammer
58	1	x painting
59	1	take spreadsheet
60	1	turn on lamp
61	1	take term paper
62	1	untie horse
63	1	put rods in coffin
64	1	turn switch with screwdriver
65	1	izyuk myself
66	1	examine book
67	1	move handle
68	1	read history book
69	1	drop booklet
70	1	examine switch a
71	1	ask bum about crypt
72	1	say time
73	1	put sword down
74	1	get wallet
75	1	examine wight
76	1	get plotter
77	1	search wreck
78	1	climb scarf
79	1	take note
80	1	clean dirty floor with moss
81	1	drop flint
82	1	examine electrodes
83	1	read matchbook
84	1	take egg
85	1	put beam under lintel
86	1	open slab
87	1	open it
88	1	ask gnome for ball
89	1	get weeds with fork
90	1	get ladder
91	1	take hairpin
92	1	put link in chalice
93	1	press channel
94	1	climb down
95	1	turn it left 7
96	1	push rock
97	1	close cabinet
98	1	get off chair
99	1	learn lleps
100	1	press white
101	1	drop wrench
102	1	drop pin
103	1	take green rod
104	1	turn it
105	1	turn dial to 11
106	1	turn door
107	1	get medicine bottle
108	1	get sash
109	1	push button 3
110	1	get short poem
111	1	draw symbol on me
112	1	get hydrant
113	1	ask belboz about cube
114	1	turn on homing
115	1	put x1, x2, x7 on first pile
116	1	examine magpie
117	1	norbert
118	1	examine plate
119	1	enter tardis
120	1	read old book
121	1	get figure
122	1	give pan to guard
123	1	say minirva
124	1	ask barman about job
125	1	put egg in pan
126	1	x water
127	1	get rods from sack
128	1	wear gas mask
129	1	take shield
130	1	agganrw
131	1	push pine panel
132	1	right
133	1	gnusto gaspar spell
134	1	look in hole
135	1	x mushroom
136	1	give amulet to bum
137	1	drop calendar
138	1	take whip
139	1	x kettle
140	1	wear amulet
141	1	look up squirrel in leshosh
142	1	dig in sand
143	1	get new battery
144	1	spells
145	1	x photograph
146	1	pour liquid on torch
147	1	put scraps in forge
148	1	show case to jenny
149	1	drop cork
150	1	open torch
151	1	give gram to queenie
152	1	open window with wrench
153	1	wear gown
154	1	read tag
155	1	get timber
156	1	put all on box
157	1	learn throck
158	1	put sweater on table
159	1	get crow
160	1	put match in toolkit
161	1	put all in crate
162	1	give towel to arthur
163	1	take gnomon
164	1	kick thug
165	1	give drink to frank
166	1	give paper to girl
167	1	put it in hole
168	1	stop
169	1	show scrap to chuckles
170	1	get treasure
171	1	push filthy n
172	1	give form to female
173	1	blorple 3
174	1	throw sword into lake
175	1	search foundation
176	1	examine blue statuette
177	1	put it in opening
178	1	take flag
179	1	put ebony in eastern niche
180	1	ask coach for trophy
181	1	read culture
182	1	drop all but brain
183	1	get all from cupboard
184	1	wave at crowd
185	1	espnis thug
186	1	talk to stephanie
187	1	throw it
188	1	drop green
189	1	open stump
190	1	get diamond
191	1	examine statue
192	1	get beer
193	1	learn nitfol
194	1	close reactor
195	1	ask for pigeon
196	1	take thick brick
197	1	remove suit
198	1	ask pedlar about suitcase
199	1	say agamemnon
200	1	gnusto zemdor
201	1	get cloth
202	1	drop bowl
203	1	drop gloves
204	1	turn on torch
205	1	berknip
206	1	pull mat
207	1	take shovel
208	1	write cave on cube
209	1	put all in toolkit
210	1	take coin from zipper
211	1	ask hermit about entrance
212	1	smell
213	1	get gold leaf scroll
214	1	wave stone
215	1	take gloves
216	1	hit icicle with umbrella
217	1	move carpet
218	1	look in keg
219	1	kill dragon
220	1	tell bum about skull
221	1	put ring, book in sack
222	1	burn speck
223	1	drop upper card
224	1	take balsa beam
225	1	give alpha to apollonius
226	1	put screwdriver in toolkit
227	1	remove third brick
228	1	x left screen
229	1	take silver coin
230	1	get horn
231	1	write 3 on cube
232	1	wave clover
233	1	look at list
234	1	take pincer
235	1	wear wet suit
236	1	light lantern
237	1	put satchel in front of panel
238	1	turn knob to high
239	1	say alakazam
240	1	enter right end of plank
241	1	shake branch
242	1	show ruby to pigeon
243	1	carve my name on the memorial
244	1	get cheese
245	1	open floyd
246	1	look up verlac
247	1	drop bar
248	1	look under floorboard
249	1	empty torch
250	1	sit in medium-sized chair
251	1	look shelf
252	1	get flag
253	1	get bracelet
254	1	go through north wall
255	1	note counter
256	1	look up cholok in leshosh
257	1	x natives
258	1	hole, n
259	1	get aqua vial
260	1	read warning note
261	1	get real mirror
262	1	land
263	1	unlock west door
264	1	lock door with key
265	1	put coal in basket
266	1	get volume
267	1	move rail with bar
268	1	take tube and torch
269	1	get rod
270	1	frotz lantern
271	1	shake pack
272	1	x pipe
273	1	put coin in slot
274	1	push west wall
275	1	look at ring
276	1	open window
277	1	kick second window
278	1	give violin, necklace, ruby, stamp, zorkmid, crown and dragon to demon
279	1	west
280	1	dive
281	1	press switch a
282	1	push newspaper under door
283	1	read waxy scroll
284	1	x papers
285	1	reach into pool
286	1	open lab door
287	1	put silver sphere in pot
288	1	tinsot water
289	1	look into wagon
290	1	fill bath
291	1	yomin barker
292	1	give form to barman
293	1	remove new brick with crowbar
294	1	put all in thing
295	1	throw book at outcrop
296	1	call wpdl
297	1	put strength in right socket
298	1	examine fusebox
299	1	buy drink
300	1	take rice
301	1	strike it
302	1	set dial to 948
303	1	put it in coffin
304	1	put branch in pit
305	1	wear fish
306	1	open notebook
307	1	open dish washer
308	1	get sack
309	1	turn valve with crowbar
310	1	point it at lemniscus
311	1	reply
312	1	learn lobal
313	1	get out of pentagram
314	1	read label
315	1	read green
316	1	give mouse to fairy godmother
317	1	cut branch with knife
318	1	drink coke
319	1	x crack
320	1	ask gnome about fire
321	1	x generator
322	1	put canary in case
323	1	ask bum about himself
324	1	drop firework
325	1	give gold locket to creature
326	1	yes
327	1	tina, hello
328	1	press techno
329	1	inflate pile
330	1	read brittle scroll
331	1	note dryer
332	1	close outer
333	1	exodus
334	1	put pouch under pipe
335	1	slide lower card through slot
336	1	x keys
337	1	drop yo-yo
338	1	drop pack
339	1	give match to man
340	1	take ball
341	1	push table n
342	1	look at statue through telescope
343	1	get keys
344	1	put coal in machine
345	1	jam branch under plate
346	1	go to gnome
347	1	read of unseen terror
348	1	drop flippers
349	1	open shark repellent
350	1	learn blorb
351	1	x murals
352	1	put pouch in toolkit
353	1	point it at metal
354	1	throw stone at creature
355	1	slide l
356	1	insult vincent
357	1	insert capsule into reactor
358	1	x farm
359	1	ask male about daddy
360	1	put jar in purse
361	1	x creature
362	1	snavig grouper
363	1	save mp4
364	1	open toolkit
365	1	turn valve
366	1	turn on engine
367	1	put emerald in case
368	1	drop firestone
369	1	get tube
370	1	x dusty brick
371	1	take dino
372	1	give cola to britney
373	1	x k9
374	1	push wand
375	1	look under cushion
376	1	wave crook
377	1	urbzig snake
378	1	give pork to wolf
379	1	drop buoy
380	1	put celery in purse
381	1	wave handkerchief
382	1	take ticket 5802
383	1	put featureless rod in coffin
384	1	dip torch in liquid
385	1	say rat to picasso
386	1	take gold key
387	1	dig plot with shovel
388	1	enter curtain
389	1	drop necklace and dragon
390	1	put coin in zipper
391	1	examine bandage
392	1	take sack
393	1	drop blanket
394	1	insert red card in slot
395	1	x watch
396	1	press powerup
397	1	wear dress
398	1	give fish to grue
399	1	take headphones
400	1	izyuk me
401	1	search garbage
402	1	put emerald in green boot
403	1	get box
404	1	take dusty scroll
405	1	get pliers
406	1	x generator access
407	1	wear it
408	1	give kappa to callimachus
409	1	drop meter
410	1	turn on magnet
411	1	get pump
412	1	throw star at young woman
413	1	learn shazok
414	1	rock, n
415	1	put coffin in case
416	1	x machine
417	1	drop trident
418	1	wear them
419	1	unlock padlock with key
420	1	put diamond cluster in first hole
421	1	turn knob
422	1	blorple 9
423	1	clap
424	1	put pot in case
425	1	look at tag through lens
426	1	get stone
427	1	talk to queenie
428	1	get all from table
429	1	drop plans
430	1	take pillow
431	1	wear goggles
432	1	look in tear
433	1	pray
434	1	drop briefcase
435	1	x rags
436	1	x windy tunnel
437	1	get accordion
438	1	throw ball at umbrella
439	1	get sphere
440	1	take peanut butter
441	1	take bowl
442	1	get blue sphere
443	1	examine plant
444	1	take tongs
445	1	turn isis
446	1	take seven coins from basis
447	1	upload picture
448	1	put mukhtar on table
449	1	x car
450	1	put paper in pocket
451	1	jump to brown rock
452	1	examine watch
453	1	show violet to trent
454	1	drop sack
455	1	take manual
456	1	unlock door with steel key
457	1	get toolkit
458	1	x bay
459	1	take watch
460	1	dive in ocean
461	1	pull leaves
462	1	open envelope
463	1	read flimsy scroll
464	1	x chairs
465	1	look in bottle
466	1	get pages
467	1	smell car
468	1	take can
469	1	search mess
470	1	ask man about eranti
471	1	ask for akbar
472	1	close pizza box
473	1	grab case
474	1	get box and journal
475	1	get jewellery box
476	1	x well
477	1	give fluff to arthur
478	1	look in fissure
479	1	give teddy to woman
480	1	chop tree
481	1	gnusto taclor
482	1	read torn
483	1	read brochure
484	1	tell gnome about grunk
485	1	examine coffin
486	1	throw meat in passage
487	1	get screwdriver
488	1	roll statue nw
489	1	throw sceptre in boat
490	1	get wig
491	1	z
492	1	mix pan
493	1	take necklace
494	1	read notice
495	1	unlock door with brass key
496	1	drop chain
497	1	open bag
498	1	pull third peg
499	1	douse candles
500	1	insert violet card in slot
501	1	put sketch in projector
502	1	blorple 8
503	1	ask gnome about mother
504	1	put short poem in alpha
505	1	put torch in well
506	1	sleaze
507	1	put ruby in red boot
508	1	take bread from zipper
509	1	smell it
510	1	x floorboards
511	1	get coat
512	1	give pass to sleaze
513	1	put clover on coin
514	1	get carton
515	1	hole, s
516	1	wake homer
517	1	x top shelf
518	1	put flimsy scroll in zipper
519	1	download image
520	1	get tin
521	1	press white panel
522	1	take shawm
523	1	follow gnome
524	1	drop net
525	1	drill case with drill
526	1	get shimmering scroll
527	1	look at controls
528	1	take 10
529	1	slide shuttle card through slot
530	1	x whiteboard
531	1	in
532	1	take printer
533	1	throw stick at herman
534	2	k9, follow me
535	1	examine card
536	1	get gumball
537	1	open washing machine with poker
538	1	put it in bag
539	1	take binoculars
540	1	ask delbin about ale
541	1	put white in slot
542	1	lie on bed
543	1	put bit in cup
544	1	liskon self
545	1	give rag to skier
546	1	examine blue carpet
547	1	ask male about officer
548	1	read topaz scratch with glass
549	1	record scene
550	1	press start
551	1	shoot crulley
552	1	offer 400
553	1	x west mural
554	1	fie
555	1	get battery
556	1	put it on yellowed paper
557	1	take headdress
558	1	get chest
559	1	turn off machine
560	1	take silver rod
561	1	x cat
562	1	ask allarah about red
563	1	strike returning
564	1	put token in slot
565	1	insert emerald cluster in third hole
566	1	move barrel
567	1	get grater
568	1	put key on keyring
569	1	foblub yupple
570	1	get embers
571	1	take painting
572	1	get towel
573	1	gnusto krebf spell
574	1	get bread
575	1	inventory
576	2	dragon, give ring to me
577	1	get ruby cluster
578	1	x boat
579	1	examine items
580	1	show note to charles
581	1	urbzig mace
582	1	take all but lantern
583	1	get wine
584	1	read booklet
585	1	search slabs
586	1	turn off flashlight
587	1	open aqua vial
588	1	push locker east
589	1	take all
590	1	dehlila
591	1	put heart in statue
592	1	drop wine
593	1	examine mousetrap
594	1	u
595	1	wear flippers
596	1	remove ring
597	1	close valve
598	1	examine dagger
599	1	get paper
600	1	look out window
601	1	put dagger in chest
602	1	get flash
603	1	unlock compartment
604	1	open journal
605	1	turn ring
606	1	read slip of paper
607	1	put magnet on mine
608	1	put red sphere in ruby stand
609	1	write 8 on cube
610	1	open gate
611	1	buy sandwich
612	1	take icicle
613	1	get cup
614	1	put gold in plate
615	1	get antimacassar
616	1	dig rock with axe
617	1	get out of golden machine
618	1	give magazine to doc
619	1	take limb
620	1	put stick in pile
621	1	put bronze key on keyring
622	1	press 0
623	1	examine dish
624	1	point it at thorns
625	1	put all except book in zipper
626	1	buy telescope
627	1	search stand
628	1	learn malyon
629	1	cut growth with cutter
630	1	put brick in hole
631	1	light torch with fire
632	1	get down
633	1	take bag
634	1	give encyclopedia to marion
635	1	drop key
636	1	drop drill
637	1	insert new battery in laser
638	1	gnusto foblub
639	1	take dagger
640	1	take ruby
641	1	fill teapot
642	1	drop teapot
643	1	look under sofa
644	1	get album
645	1	put it in hat
646	1	x compass
647	1	drop scrawled
648	1	get out of cot
649	1	close door
650	1	remove skis
651	1	slide miniaturization card through slot
652	1	look into cage
653	1	take butter from pot
654	1	put opal cluster in knapsack
655	1	hide behind president
656	1	take x8, x9, x10, x11
657	1	seat
658	1	put rope in unit
659	1	x outcrop
660	1	hide envelope under bunk
661	1	x shape
662	1	talk to woman
663	1	get necklace
664	1	l up terrock in leshosh
665	1	take black rod
666	1	give $56
667	1	open kit
668	1	take wrapper
669	1	lower basket
670	1	push switch
671	1	open jewelry box
672	1	show ribbon to chuckles
673	1	smash case with broom
674	1	turn radio off
675	1	wind canary
676	1	get eggs
677	1	drop bag
678	1	pull shaft
679	1	pry sixth rib with sword
680	1	turn projector on
681	1	get ball
682	1	slide s
683	1	chew gum
684	1	put ladder across rift
685	1	say ptolemy
686	1	buy box
687	1	drop egg
688	1	take card
689	1	x female
690	1	open icebox
691	1	ask tip for tool
692	1	take cereal
693	1	put book in large recess
694	1	ask morgan about dragon
695	1	set right dial to 4
696	1	examine plans
697	1	open drawer
698	1	shut panel
699	1	open matchbox
700	1	get chisel
701	1	take statuette
702	1	put bug in sack
703	1	read leaflet
704	1	get firework
705	1	x east mural
706	1	take section
707	1	read faded
708	1	get silver locket
709	2	amy, leave
710	1	hit comb
711	1	unlock cupboard with key
712	1	wave stick
713	1	examine post
714	1	examine diagram
715	1	ask doc about syringe
716	1	eat toadstone
717	1	put screwdriver in basket
718	1	x invite
719	1	give paper to professor
720	1	get collar
721	1	drop screwdriver
722	1	drop door
723	1	learn feeyuk
724	1	strike rod of infinity
725	1	ask about evidence
726	1	put coin in net
727	1	fill battery
728	1	x chandelier
729	1	search crates
730	1	open sack
731	1	put pack on gum
732	1	show blue to trent
733	1	unlock chest
734	1	get canary
735	1	take whistle
736	1	get silver chalice
737	1	open throttle
738	1	read cracked
739	1	ask female about male
740	1	touch blue
741	1	examine coin
742	1	set throttle to fast
743	1	remove jacket
744	1	put it on hand
745	1	drop jewelry
746	1	take volcano
747	1	buy beer
748	1	drop wig
749	1	turn on drive
750	1	x chopper
751	1	lie on couch
752	1	smash padlock with pickaxe
753	1	drop statuette
754	1	get apple
755	1	tip boot
756	1	take sweater
757	1	read spotted scroll
758	1	get blueprint
759	1	move moose
760	1	give cereal to hermit
761	1	search thicket
762	1	bozbar tortoise
763	1	set radio to 1170
764	2	anoint me
765	1	eat brown goo
766	1	turn wheel off
767	1	open wrapper
768	1	turn it right 5
769	1	look up
770	1	take napkin
771	1	show spreadsheet
772	1	blow dust
773	1	strike rod of bronze
774	1	read muddy scroll
775	1	take gothic key
776	1	dock
777	1	open book
778	1	press red
779	1	fill canteen
780	1	unplug coaxial cable
781	1	read page
782	1	l in hatch
783	1	get passbook and room key
784	1	remove coat
785	1	drop box
786	1	enter boat
787	1	blorple 7
788	1	drop clock
789	1	get teapot
790	1	take stand
791	1	examine packet
792	1	drop pyramid
793	1	turn on floyd
794	1	x toner
795	1	press green
796	1	open cage
797	1	join golden rod to green rod
798	1	ask allarah about black
799	1	vaxum being
800	1	take off gown
801	1	put skink in pocket
802	1	close trapdoor
803	1	wear wings
804	1	take keys
805	1	x blocks
806	1	drop dumbells
807	1	remove plug
808	1	take 9
809	1	x frank
810	1	drop secateurs
811	1	look up heinrich in record
812	1	enter shower
813	1	get topaz
814	1	insert slide in it
815	1	drop thing
816	1	get kit
817	1	untie wire
818	1	eat beef
819	1	open green bottle
820	1	take crowbar
821	1	x paint splotches
822	1	buy c battery and putty
823	1	water bean
824	1	drop peridots
825	1	put bar in case
826	1	examine hive
827	1	open front door
828	1	sit in tiny little chair
829	1	open locker
830	1	get safe
831	1	plug hair dryer into wall
832	1	x patch
833	1	pull chain
834	1	put wire in slot
835	1	clip monster
836	1	wave spar
837	1	put jar in knapsack
838	1	get clear sphere
839	1	read book
840	1	put timber across chute
841	1	push yellow button
842	1	x mural
843	1	get bean pole
844	1	put thumb in hole
845	1	x copy
846	1	get out of long line
847	1	wear watch
848	1	reach into hole
849	1	insert wishbringer in sculpture
850	1	look at bookshelf
851	1	put house on triangle
852	1	drop brown
853	1	tie wire to hook
854	1	show keepsake to knight
855	1	shoot video
856	1	open telescope
857	1	x magazines
858	1	open dumpster
859	1	drill safe with drill
860	1	take wand
861	1	put sugar in pan
862	1	jump out window
863	1	drop all cubes
864	1	put embers in coat
865	1	pour water on net
866	1	touch pad
867	1	open cauldron
868	1	x leaf
869	1	open chest with needle
870	1	wear suit
871	1	drop red hat
872	1	take mud
873	1	drop carton
874	1	drop flashlight
875	1	wave beads
876	1	open curtains
877	1	play flute
878	1	x safe
879	1	get blue paper
880	1	click if-archive
881	1	get sceptre
882	1	get crook
883	1	examine screen
884	1	put splinter into crevice
885	1	x arrangement
886	1	put control in top socket
887	1	press island
888	1	press east wall
889	1	starboard
890	1	hide ring under seat
891	1	fire laser
892	1	examine ring
893	1	take bird
894	1	open pram
895	1	remove hood
896	1	look under bed
897	1	blorple 11
898	1	take pot
899	2	guards, drop rifles
900	1	look under loudspeaker
901	1	eat bar
902	1	open jar
903	1	get zorkmid
904	1	examine tiny metal
905	1	tie rope to railing
906	1	put silver chalice on right disc
907	1	foe
908	1	close receptacle
909	1	give pincer to marvin
910	1	put butter in pan
911	1	shoot window
912	1	say "float"
913	1	give mirror 1 to michael
914	1	look at queenie
915	1	x marker
916	1	x desks
917	1	type "bleem"
918	1	get teddy
919	1	eat green
920	1	get axe
921	1	polish orb
922	1	read back of brown paper
923	1	turn roller on
924	1	dig ground with axe
925	1	remove junk with forklift
926	1	drop zipper
927	1	put fuse in generator
928	1	put sheet in tray
929	2	k9, shoot door
930	1	put ledger in pot
931	1	take rune
932	1	x brick
933	1	take bread
934	1	take sapphire
935	1	take crumpled scroll
936	1	x pack
937	1	get vase
938	1	slide i
939	1	erase line between b and r
940	1	take foot
941	1	throw bottle at thing
942	1	give note to mr crisp
943	1	drink medicine
944	1	enter pram
945	1	look up trophy in history book
946	2	tell floyd to get shiny board
947	1	drop bandage
948	1	pull slide
949	1	get treatise
950	1	sit in large chair
951	1	spread peanut butter on frank
952	1	spray repellant on myself
953	1	give money to hawker
954	1	take white scroll
955	1	open umbrella
956	1	take ebony
957	1	touch wood with pole
958	1	give coin to gnome
959	1	aft
960	1	give ticket 2306 to barker
961	1	x duct
962	1	put book in cabinet
963	1	get moss
964	1	turn on toaster
965	1	take red flag
966	1	put gnomon in hole
967	1	rub lamp
968	1	ask k9 about k9
969	1	get bees
970	1	take bottle
971	1	get candles
972	1	insert indigo card in slot
973	1	take leaf
974	1	exit scimitar
975	1	x desk
976	1	unlock cabinet with shiny key
977	1	open tarot box
978	1	frotz candle
979	1	look through binoculars at shelter
980	1	push dionysus southwest
981	1	northwest
982	1	give brain to timelord
983	1	unlock toolshed with small key
984	1	tie bucket to rope
985	1	give gram to alicia
986	1	open pot
987	1	fill bucket with water
988	1	lie in bed
989	1	examine box
990	1	take probe
991	1	ask fairy godmother about cinderella
992	1	drop myrrh
993	1	set fourth wheel to 9
994	1	get vial, calendar and matchbook
995	1	answer "a well"
996	1	drop matches
997	1	turn w
998	1	x carpark
999	1	drop sword
1000	1	unlock gate
1001	1	squeeze flower
1002	1	read instructions
1003	1	get out of bucket
1004	1	examine dynamite
1005	1	gnusto wigro
1006	1	touch red
1007	1	take pass
1008	1	get out
1009	1	pull second peg
1010	1	put bit in tea
1011	1	examine body
1012	1	put scalpel in toolkit
1013	1	punch out blue dot
1014	1	put bronze on left
1015	1	take tea
1016	1	learn urbzig
1017	1	get torch
1018	1	drop clipper
1019	1	play people
1020	1	examine safe
1021	1	open outer
1022	1	blorple 5
1023	1	examine skeleton
1024	1	pull lining
1025	1	get flippers
1026	1	take moldy book
1027	1	push button 9
1028	1	open door with crowbar
1029	1	look in displaycase
1030	1	search pocket
1031	1	sit in cask
1032	1	cover opening with blanket
1033	1	take vellum scroll
1034	1	slide ticket under front
1035	1	turn dial to 3
1036	1	get mousetrap
1037	1	read it
1038	1	put match in wax
1039	1	put epic poem in kappa
1040	1	take pallet
1041	1	get epic poem
1042	1	open can
1043	1	put torch in basket
1044	1	tie rope to k9
1045	1	put letter opener in keyhole
1046	1	drink tea
1047	1	x metal thing
1048	1	get parcel from cupboard
1049	1	roll statue sw
1050	1	drop magazine
1051	1	learn egdelp
1052	1	take stopper
1053	1	e
1054	1	eat it
1055	1	open door
1056	1	watch television
1057	1	push bed
1058	1	get dynamite
1059	1	look in crypt
1060	1	drop ladder
1061	1	sit on dragon
1062	1	drop dagger
1063	1	examine white door
1064	1	examine meteor
1065	1	examine bird
1066	1	press brown button
1067	1	pull torch
1068	1	take flour from pot
1069	1	push green
1070	1	wear ring
1071	1	get glider
1072	1	insert cube in opening
1073	1	search ruins
1074	1	wear cloak
1075	1	learn swanko
1076	2	ask wiggins to steal keys
1077	1	get shredded scroll
1078	1	plant fluff in flowerpot
1079	1	drop dodo
1080	1	nitfol frogs
1081	1	put tree on square
1082	1	clean skeleton with moss
1083	1	rezrov box
1084	1	say oil
1085	1	kulcad stairs
1086	1	get piece
1087	1	gnusto meef spell
1088	1	x box
1089	1	yomin ogre
1090	1	put pallet on boulder
1091	1	get corn
1092	1	x chest
1093	1	north
1094	1	get scarf
1095	1	drop dragon and paper
1096	1	push fountain
1097	1	get blue card
1098	1	push bunk
1099	1	exit shack
1100	1	drop pigeon
1101	1	put large key on keyring
1102	1	cut line with axe
1103	1	push button 7
1104	1	play pool
1105	1	push statue n
1106	1	get amulet and scroll
1107	1	open bin
1108	1	take water
1109	1	blow shawm
1110	1	lock door
1111	1	read ledger
1112	1	enjoy poetry
1113	1	eat food
1114	1	drop crumpled
1115	1	read sapphire scratch with glass
1116	1	get broom
1117	1	drop can
1118	1	unlock hatch with brass key
1119	1	douse lamp
1120	1	ask angela about affliction
1121	1	x trees
1122	1	get matchbook
1123	1	x arcade
1124	1	open outer door
1125	1	drop rune
1126	1	read frayed scroll
1127	1	press down
1128	1	guncho krill
1129	1	stand up
1130	1	move cover
1131	1	get fork
1132	1	take rags
1133	1	drive to buckingham palace
1134	1	take all from toolshed
1135	1	strike match
1136	1	put wheel on peg
1137	1	x pan
1138	1	unlock chain with keys
1139	1	give book to twin
1140	1	look up kebarn in leshosh
1141	1	put x12 on first pile
1142	1	x huge statue
1143	1	drop keys
1144	1	get firestone
1145	1	play whistle
1146	1	look in coat
1147	1	drop beer can
1148	1	get mace
1149	1	examine sundial
1150	1	get
1151	1	pull pin
1152	1	drop all but pincer
1153	1	take 12
1154	1	examine ship
1155	1	climb on table
1156	1	idiot
1157	1	open matchbook
1158	1	take clover
1159	1	drop it and pliers
1160	1	put towel on valve
1161	1	drop grater
1162	1	x footprints
1163	1	put bomb in sewer
1164	1	press south wall
1165	1	x self
1166	1	write 11 on cube
1167	1	push golden machine south
1168	1	open claws
1169	1	drop dusty brick
1170	1	drop popcorn
1171	1	throw rock at stick
1172	1	get magazine
1173	1	drop them
1174	1	wave staff
1175	1	learn frotz
1176	1	drop plotter
1177	1	get coke and carton
1178	1	press down button
1179	1	oil secateurs
1180	1	manaz
1181	1	point machine at tree
1182	1	put acorns in net
1183	1	push south wall
1184	1	get gas
1185	1	unlock chain with brooch
1186	1	get daisy
1187	2	roustabout, get net
1188	1	drop balsa wood beam
1189	1	turn off lantern
1190	1	wear air tank
1191	1	look in closet
1192	1	get all from closet
1193	1	get teapot, mat, letter opener, matchbook and paper
1194	1	get green
1195	1	get tray
1196	1	put flag on bed
1197	1	unscrew gnomon
1198	1	take stick
1199	1	take thumb
1200	1	give lens to norbert
1201	1	examine key
1202	1	examine charles
1203	1	get frog
1204	1	close it
1205	1	ask allarah about jewel
1206	1	write 2 on cube
1207	1	give puzzle box to proprietor
1208	1	give key to alan
1209	1	drop spices
1210	1	get c battery
1211	1	unlock chest with brass key
1212	1	push boulder
1213	1	examine barrow
1214	1	examine output
1215	1	put gown on hook
1216	1	put crystal in space
1217	1	up
1218	1	feed birds
1219	1	take sword
1220	1	drop blue paper and yellow paper
1221	1	lower flag
1222	1	snavig grue
1223	1	examine corpse
1224	1	open back door
1225	1	move stone
1226	1	get flint
1227	1	turn off torch
1228	1	pour wax on floor
1229	1	put trophy in depression
1230	1	remove watch
1231	1	get stamp
1232	1	get pack
1233	1	examine rolls
1234	1	get fire
1235	1	drop coins
1236	1	drop water
1237	1	drop green rod
1238	1	take white rod
1239	1	press knob
1240	1	ask cheryl for hologram
1241	1	wait for 36 hours
1242	1	take staff
1243	1	read crypt
1244	1	drop mine
1245	1	get brain
1246	1	look at fireplace
1247	1	catch it
1248	1	get shuttle card
1249	1	pull tinsel
1250	1	look under seat
1251	1	search boots
1252	1	drop radio
1253	1	remove opener and drop it
1254	1	pour coffee in drain
1255	1	give garter to papa
1256	1	examine cauldron
1257	1	x river
1258	1	4
1259	1	down
1260	1	get scarab
1261	1	take light
1262	1	push ass
1263	1	press sequence stud
1264	1	x light
1265	1	caskly chewed scroll
1266	1	adjust videophone
1267	1	take rope
1268	1	drop carpet
1269	1	x keypad
1270	1	read letter
1271	1	steer towards rocky spire
1272	1	turn off lamp
1273	1	swanzo belboz
1274	1	take comb
1275	1	drop all but lens
1276	1	look up yetzuiz in fresto
1277	1	drop chair
1278	1	take torch
1279	1	read blueprint
1280	1	take cushion
1281	1	take red
1282	1	examine spade
1283	1	get fish
1284	1	listen
1285	1	get tobacco,knife,pipe
1286	1	put icicle on lump
1287	1	ask george about bag
1288	1	enter access panel
1289	1	hit dragon with sword
1290	1	drop telescope
1291	1	get sharp pick
1292	1	touch information
1293	1	put figurine in case
1294	1	x trapdoor
1295	1	examine keg
1296	1	give bread to old man
1297	1	look at shadow
1298	1	push yellow
1299	1	ask officer about convention
1300	1	get brass key
1301	1	open oven
1302	1	turn dial right 3
1303	1	x plaque
1304	1	look under sill
1305	1	ask proprietor about amulet
1306	1	push demeter southwest
1307	1	put trunk in case
1308	1	lift plywood cover
1309	1	remove tank
1310	1	touch generator
1311	1	read prayer
1312	1	touch flower
1313	1	turn m
1314	1	get padlock
1315	1	take toad
1316	1	read blackened
1317	1	krebf shredded scroll
1318	1	give hat to pelican
1319	1	attack dragon with sword
1320	1	drop pump
1321	1	drop nugget
1322	1	take right foot
1323	1	take crunchy cereal
1324	1	drive to whitehall
1325	1	open carton
1326	1	drop skink
1327	1	d
1328	1	enter inflow pipe
1329	1	dip rag in water
1330	1	wear gloves
1331	1	get rod of returning
1332	1	light candle
1333	1	drop scroll
1334	1	examine stamps
1335	1	light candles with match
1336	1	hang it on hooks
1337	1	drop bird
1338	1	give ticket to rimshaw
1339	1	drive to pinchin lane
1340	1	get portrait
1341	1	examine wand
1342	1	drop whistle
1343	1	read ornate scroll
1344	1	ask belboz about figure
1345	1	get pan
1346	1	get crampons
1347	1	take beam from southern niche
1348	1	examine blossoms
1349	1	examine dial
1350	1	take iron key
1351	1	touch man
1352	1	write prize on featureless
1353	1	take green bottle
1354	1	examine panel
1355	2	tell floyd to go north
1356	1	get pickaxe
1357	1	x sequence stud
1358	1	x label
1359	1	press bottom
1360	1	examine sheets
1361	1	rub flower
1362	1	examine pedlar
1363	1	drop walkie
1364	1	show bar to tina
1365	1	take all except key, whip, stool
1366	1	x couch
1367	1	put cube in pot
1368	1	push moldy s
1369	1	say -120 to garrulous
1370	1	put ruby cluster in knapsack
1371	1	buy flashlight and repellent
1372	1	examine crabs
1373	1	wear veil
1374	1	x skeleton
1375	1	gnusto caskly
1376	1	break windows
1377	1	put coins in fur sack
1378	1	drop dino
1379	1	get water
1380	1	get red sphere
1381	1	light firewood with match
1382	1	put glass in crack
1383	1	push dionysus southeast
1384	1	whip smooth lion
1385	1	put balloon on pentagon
1386	1	put all in zipper
1387	1	put all in pocket
1388	1	wipe web
1389	1	put brass key on keyring
1390	1	probe contacts
1391	1	remove bit
1392	1	look up index in history book
1393	1	climb up piano
1394	1	put ash on journal
1395	1	take vial
1396	1	x slot
1397	1	x stairs
1398	1	x coffee
1399	1	fold paper
1400	1	answer phone
1401	1	x librarian
1402	1	learn gondar
1403	1	plover
1404	1	ask charles about chest
1405	1	show hand to urchin
1406	1	get crossbow
1407	1	get long steel key
1408	1	get pillow
1409	1	open dresser
1410	1	examine map
1411	1	give rose to knight
1412	1	point wand at menhir
1413	1	get nugget
1414	1	read back of yellow paper
1415	1	ask marion about encyclopedia
1416	1	tinsot channel
1417	1	get painting
1418	1	x gnome
1419	1	sw
1420	1	look up ternalim in fresto
1421	1	gnusto rezrov spell
1422	1	put ebony in southern niche
1423	1	lower grate
1424	1	empty zipper into sack
1425	1	take mask
1426	1	drop bench
1427	1	get balls
1428	1	put vase in opening
1429	1	x nest
1430	1	type 0628 on laptop
1431	1	show photograph to charles
1432	1	take smoke rod
1433	1	examine fireplace
1434	1	take rag
1435	1	get fruit
1436	1	light coal
1437	1	get electromagnet
1438	1	examine statues
1439	1	light firework
1440	1	take walkie
1441	1	put hand in cauldron
1442	1	x information stud
1443	1	x chair
1444	1	move bookshelf
1445	1	close tapestry
1446	1	tie rope to branch
1447	1	x feather
1448	1	insert orange card in slot
1449	1	take skink
1450	1	drink liquid
1451	1	buy peanuts
1452	1	cast girgol
1453	1	write 4 on cube
1454	1	put towel over drain
1455	1	x pedestal
1456	1	throw brown at black
1457	1	examine tomb
1458	1	light pipe with match
1459	1	pour water in silver chalice
1460	1	enter dumb waiter
1461	1	take cup
1462	1	ask tip about grid
1463	1	put knife in zipper
1464	1	push railing
1465	1	huncho me
1466	1	x electric panel
1467	1	drop lamp
1468	1	drop knife and crowbar
1469	1	show ring to michael
1470	1	get trident
1471	1	search pizza
1472	1	get food
1473	1	rub locket
1474	1	drop boots
1475	1	drop remote control
1476	1	throw green at gray
1477	1	get pots
1478	1	read features in newspaper
1479	1	say firefly to jim
1480	1	examine glass case
1481	1	get honey
1482	1	get spices
1483	1	3
1484	1	get cube
1485	1	x books
1486	1	open white door
1487	1	put piece in locket
1488	1	drop notice
1489	1	remove mask
1490	1	close outer door
1491	1	get key, jewels and whistle
1492	1	learn melbor
1493	1	egdelp cabinet
1494	1	ask k9 about control
1495	1	put sceptre in second socket
1496	1	put peg in hole
1497	1	x man
1498	1	put amulet in slot
1499	1	x coat
1500	1	x scanner
1501	1	examine winch
1502	1	examine bones
1503	1	fill it with water
1504	1	launch
1505	1	write 5 on cube
1506	1	get mail
1507	1	get guano, scroll and amber vial
1508	1	take no tea
1509	1	put emerald cluster in knapsack
1510	1	give gram to ed
1511	1	open historical
1512	1	drop crown
1513	1	open hatch with screwdriver
1514	1	take robe
1515	1	show can to pet
1516	1	get out of forklift
1517	1	open clam with trident
1518	1	get flowerpot
1519	1	insert oar in oarlock
1520	1	hold bar over crevice
1521	1	open vial
1522	1	drop food
1523	1	point west
1524	1	examine lever
1525	1	look under bunk
1526	1	cut line with dagger
1527	1	reach in chopper
1528	1	push pram e
1529	1	pull cloth
1530	1	unlock door with wrought iron key
1531	1	examine remote control
1532	1	take selfie
1533	1	wave it
1534	1	put flour in pan
1535	1	drop magnet
1536	1	put skull on statue
1537	1	drop volcano in water
1538	1	get husbandry
1539	1	get etching
1540	1	gnusto gondar spell
1541	1	put paper in receptacle
1542	1	open satchel
1543	1	rezrov door
1544	1	get fan
1545	1	search shape
1546	1	play arcade
1547	1	x ball
1548	1	drop chest
1549	1	open cupboard
1550	1	fill bottle
1551	1	read killing
1552	1	open freezer
1553	1	get indigo card
1554	1	get balm
1555	1	get salt
1556	1	light torch
1557	1	x vial
1558	1	open car
1559	1	left
1560	1	talk to alltext
1561	1	rent compressor
1562	1	touch bottom
1563	1	set third wheel to 8
1564	1	push boulders
1565	1	take vase
1566	1	get teleportation card and battery
1567	1	take chelsea
1568	1	heat yellow paper over candles
1569	1	drop gores
1570	1	wear clown mask
1571	1	put c battery in drill
1572	1	break glass with hammer
1573	1	read sports in newspaper
1574	1	drop zm$100000
1575	1	x tree
1576	1	put it in receptacle
1577	1	put rasp into thing
1578	1	drop bladder
1579	1	turn e
1580	1	press emergency button
1581	1	x handle
1582	1	drop silver
1583	1	drive to covent garden
1584	1	read huge tome
1585	1	turn dial right
1586	1	put mana in bottom socket
1587	1	drop photo
1588	1	wait for johnny
1589	1	get chalice
1590	1	put ladder under trap
1591	1	take splinter
1592	1	ask pitchman about dr nostrum
1593	1	put gear on post
1594	1	take flimsy scroll
1595	1	get golden chalice
1596	1	set fifth wheel to 3
1597	1	x viewscreen
1598	1	tie rope to timber
1599	1	huncho vase
1600	1	examine chasm
1601	1	ask librarian for book
1602	1	take hoard
1603	1	get net
1604	1	remove frock
1605	1	open canteen
1606	1	drop passbook
1607	1	drop vase
1608	1	attach paper to teeth
1609	1	look at woods
1610	1	kill troll with sword
1611	1	take ash
1612	1	buy blue carpet
1613	1	climb can
1614	1	examine bridge
1615	1	take clock
1616	1	examine floor
1617	1	put all in fireplace
1618	1	take rod
1619	1	take packet
1620	1	drop shim
1621	1	learn bekdab
1622	1	drop pile
1623	1	show file to district attorney
1624	1	open lamp
1625	1	put silver coin in pocket
1626	1	hammer scraps
1627	1	wear shroud
1628	1	push purple
1629	1	golmac me
1630	1	enter hole
1631	1	gnusto fweep spell
1632	1	close jar
1633	1	insert blue card in slot
1634	1	wear stethoscope
1635	1	drop map
1636	1	give pumpkin to fairy godmother
1637	1	open pouch
1638	1	press black
1639	1	put pliers into thing
1640	1	take silver
1641	1	examine shiny scroll
1642	1	push it south
1643	1	take book
1644	1	drop hoard
1645	1	xyzzy
1646	1	take grenade
1647	2	trillian, shoot rifles
1648	1	take gun
1649	1	drop cage
1650	1	ask bum about brother
1651	1	show card to librarian
1652	1	get leaflet
1653	1	examine lemming
1654	1	put soap on zipper
1655	1	close lid
1656	1	slide o
1657	1	open coffer
1658	1	put egg in pot
1659	1	beetlebaum
1660	1	remove second board
1661	1	climb beanstalk
1662	1	gnusto bekdab
1663	1	take toy
1664	1	get crown
1665	1	feed dog sandwich
1666	1	wave scroll
1667	1	kiss corpse
1668	1	wear hat
1669	1	get cutter
1670	1	throw gun at herman
1671	1	put gold in slot
1672	1	unlock cage
1673	1	get mud
1674	1	close link
1675	1	x hermit
1676	1	get pillar
1677	1	thank gnome
1678	1	search desk
1679	1	dig
1680	1	put round stone into grating
1681	1	examine memorial
1682	1	click lpr
1683	1	get opal
1684	1	put patch on pipe
1685	1	tie chain to me
1686	1	ask him about librarian
1687	1	search grate
1688	1	ask allarah about white
1689	1	insert green card in slot
1690	1	x sonar
1691	1	put silver rod in top
1692	1	look in bucket
1693	1	put pebble on second disk
1694	1	examine dining table
1695	1	put on parka
1696	1	wield sword
1697	1	x kite
1698	1	spray thug
1699	1	x barkeep
1700	1	drive to the monument
1701	1	say wheel
1702	1	x swallow
1703	1	put oil on hatch
1704	1	x gun
1705	1	turn dial left
1706	1	put hand on statue
1707	1	buy candy from hawker
1708	1	throw club at herman
1709	1	learn huncho
1710	1	wear shirt
1711	1	show pole to gnome
1712	1	open bottle
1713	1	drop cutter, flask and axe
1714	1	gnusto exex spell
1715	1	get letter opener
1716	1	unlock grate with keys
1717	1	blorple 4
1718	1	kill skink
1719	1	fiznav boat
1720	1	throw silver at white
1721	1	open bird
1722	1	push filthy s
1723	1	get black scroll
1724	1	throw wishbone at ghost
1725	1	untie balloon
1726	1	x bed
1727	1	take coin from basis
1728	1	search workbench
1729	1	open copier
1730	1	open fur sack
1731	1	put sceptre in first socket
1732	1	ask charles about temple
1733	1	cover hole 6
1734	1	ask k9 about cybermen
1735	1	get paintbrush
1736	1	rock, sw
1737	1	take log
1738	1	get candle
1739	1	get wet suit
1740	1	throw axe at dwarf
1741	1	look up edward in record
1742	1	put peanut butter on celery
1743	1	break door
1744	1	taste it
1745	1	give pork to crocodile
1746	1	get finch
1747	2	alexis, heel
1748	1	consult scriptures about planes
1749	1	eat green goo
1750	1	get pistol
1751	1	search wine rack
1752	1	learn tinsot
1753	1	close zipper
1754	1	put skull in case
1755	1	open air supply system with tool
1756	1	cross river
1757	1	drop pickaxe
1758	1	enter
1759	1	get bucket
1760	1	move rug
1761	1	anoppe
1762	1	hold rope
1763	2	still life, lagach
1764	1	x key
1765	1	put net on hole
1766	1	hit lamp
1767	1	paint cue ball
1768	1	give tablets to trent
1769	1	read sign
1770	1	wave wand at magic porridge pot
1771	1	put sack in tesseract
1772	1	set left dial to 7
1773	1	put red cake in pool
1774	1	give pass to reunite
1775	1	ask governor about key
1776	1	smell smoke
1777	1	save image
1778	1	drop splinter
1779	1	gnusto feeyuk
1780	1	pull railing
1781	1	pour milk in cauldron
1782	1	take cage
1783	1	rezrov gate
1784	1	put hand in hive
1785	1	examine fawkes
1786	1	get figurine
1787	1	get rope
1788	1	look up partaim in fresto
1789	1	put card in slot
1790	1	launch command
1791	1	take gumball
1792	1	learn fiznav
1793	1	burn rope with candle
1794	1	take gold coin from right pan
1795	1	put homing in hatch
1796	1	take off dress
1797	1	x magnetite
1798	1	examine it
1799	1	x fan
1800	1	drop coconut
1801	1	wear snorkel
1802	1	ask female about bar
1803	1	x white pillar
1804	1	x form
1805	1	get yellow
1806	1	turn dial
1807	1	give case to harry
1808	1	get tablets
1809	1	x respirator
1810	1	cuss
1811	1	open orange vial
1812	1	ask gnome about prinout
1813	1	x wall
1814	1	put bazooka on claw
1815	1	get lamp and sword
1816	1	get oil can
1817	1	open access panel
1818	1	drop all except bread
1819	1	stand
1820	1	get key
1821	1	bozbar horse
1822	1	get bananas
1823	1	hit dog
1824	1	take opener
1825	1	lleps urbzig
1826	1	cock crossbow
1827	1	shoot prey
1828	1	look at frank
1829	1	put cave cube in bottom right socket
1830	1	take amber
1831	1	eat stew
1832	1	search oats
1833	1	hit box
1834	1	examine stump
1835	1	fwoosh
1836	1	press information
1837	1	show torch to gnome
1838	1	untie rope
1839	1	drop bottle
1840	1	take compass rose
1841	1	press status stud
1842	1	x forcefield stud
1843	1	push button
1844	1	x me
1845	1	get violet card
1846	1	put x8 on second pile
1847	1	ask man about hammer
1848	1	put lye on moss
1849	1	pour water on plant
1850	1	look at window pane
1851	1	build glider
1852	1	get in golden machine
1853	1	pull line
1854	1	take boots
1855	1	close hatch
1856	1	turn off electricity
1857	1	get ticket
1858	1	lie down
1859	1	take pebble
1860	1	shake pan
1861	1	read crumpled scroll
1862	1	give torch to gnome
1863	1	blast
1864	1	push bell
1865	1	take packet from pot
1866	1	look at little window
1867	1	x jail
1868	1	put golden cluster in knapsack
1869	1	close raincoat
1870	1	examine herbs
1871	1	get line
1872	1	drop coin
1873	1	take spade
1874	1	burn string
1875	1	examine bookcase
1876	1	shazok storm
1877	1	guard, hello
1878	1	open shield
1879	1	close access panel
1880	1	x drain
1881	1	nw
1882	1	take coin
1883	1	x wallet
1884	1	put gum on ass
1885	1	eddie, hello
1886	1	x book
1887	1	get violin, necklace, ruby, zorkmid, stamp, crown and dragon
1888	1	get dumbells
1889	1	x blank card
1890	1	point to key
1891	1	get pork
1892	1	push piano south
1893	1	push blue
1894	1	howl arac
1895	1	get worm
1896	1	open navy-blue box
1897	1	close roof
1898	1	pour fluid in hole
1899	1	push statue w
1900	1	cut coconut with axe
1901	1	ask george about beetlebaum
1902	1	gnusto gloth
1903	1	unwrap parcel
1904	1	gnusto crumpled
1905	1	put silver coin on left
1906	1	examine refuse
1907	1	show note to chuckles
1908	1	get drill
1909	1	light candle with fire
1910	1	eat tiny bowl of porridge
1911	1	turn it on
1912	1	paper
1913	1	show ticket to gravedigger
1914	1	look up indanaz in leshosh
1915	1	take pigeon
1916	1	load it
1917	1	surf the net
1918	1	get tea
1919	1	get mine
1920	1	x slabs
1921	1	put dust in vent
1922	1	throw ball in pond
1923	1	kill eranti
1924	1	get card
1925	1	get lens
1926	1	get coal
1927	1	put prize cube in top left socket
1928	1	give envelope to woman
1929	1	give garnet to akbar
1930	1	take bucket
1931	1	put it in thing
1932	1	remove balls
1933	1	get orb
1934	1	drive to trafalgar square
1935	1	examine porridge oats
1936	1	drop label
1937	1	wave pole
1938	1	clean podium
1939	1	search shelves
1940	1	x pile
1941	1	climb idol
1942	1	drink ochre potion
1943	1	search fountain
1944	1	take garlic
1945	1	give flask to bum
1946	1	x dresser
1947	1	burn paper
1948	1	get rubies
1949	1	look up croseus in album
1950	1	take erbium
1951	1	point east
1952	1	drop pan
1953	1	drop birdcage
1954	2	ask wiggins to get garnet
1955	1	take slip
1956	1	put ashes on coin
1957	1	take door
1958	1	take gray rod
1959	1	frotz coin
1960	1	examine compressor
1961	1	paddle west
1962	1	drop pouch
1963	1	drop trap
1964	1	get relay
1965	1	read letter to woman
1966	1	examine boy
1967	1	listen to dial
1968	1	get rug
1969	1	take sketch
1970	1	ask george about gumball
1971	1	northeast
1972	1	give eggs
1973	1	open crate
1974	1	read ripped
1975	1	draw line from b to j
1976	1	swim
1977	1	get ace
1978	1	take x1, x10
1979	1	examine grimoire
1980	1	sit on chair
1981	1	sword
1982	1	get suit
1983	1	nitfol turtle
1984	1	learn krebf
1985	1	dig in tub
1986	1	take sand
1987	1	gnusto egdelp
1988	1	get wishbringer
1989	1	take brown rod
1990	1	get magic bean
1991	1	put firework in toolkit
1992	1	ask kemp about circuit breaker
1993	1	grab rope
1994	1	frotz burin
1995	1	slide t
1996	1	throw plank
1997	1	offer 300
1998	1	drop kitchen card
1999	1	give bell
2000	1	push demeter northwest
2001	1	egdelp golem
2002	1	hole, w
2003	1	strike rod of ice
2004	1	close furnace
2005	1	get homing
2006	1	kick south wall
2007	1	here kitty kitty
2008	1	blow it
2009	1	drop padlock
2010	1	open box
2011	1	insert shiny board in panel
2012	1	wear coat
2013	1	walk 4 paces west
2014	1	listen to girl
2015	1	open tray
2016	1	x hawks
2017	1	break cabinet
2018	1	turn on videophone
2019	1	get wrought iron key
2020	1	put headdress in pot
2021	1	jump
2022	1	put bread in zipper
2023	1	put cube in cauldron
2024	1	open safe
2025	1	take lump
2026	1	shout
2027	1	drop toupee
2028	1	take ledger
2029	1	put x1 in first
2030	1	shake safe
2031	1	take emerald
2032	1	read memo
2033	1	pinch me
2034	1	slide teleportation card through slot
2035	1	remove fifth brick
2036	1	copy flimsy scroll to vellum scroll
2037	1	read paper
2038	1	examine light
2039	1	drop mirror
2040	1	ask woman about ruby
2041	1	eat fruit
2042	1	enter window
2043	1	espnis idol
2044	1	take balloon
2045	1	get implement
2046	1	drop fruit
2047	1	open box then get cube
2048	1	search waterfall
2049	1	x pool
2050	1	throw iron key at cat
2051	1	drop all but flashlight
2052	1	get soap
2053	1	satchel
2054	1	x technician
2055	1	away
2056	1	x card
2057	1	give manual
2058	1	get air tank
2059	1	read wall
2060	1	break frame
2061	1	get string
2062	1	get dagger
2063	1	knock knock
2064	1	show envelope to johnny
2065	1	examine boots
2066	1	jacket
2067	1	open stone door
2068	1	give safe to mark
2069	1	x cage
2070	2	demon, give me wand
2071	1	look in pit
2072	1	take lamp
2073	1	take wood
2074	1	bite banana
2075	1	remove armour
2076	1	x apparatus
2077	1	ask k9 about sequence
2078	1	put it in niche
2079	1	stand on bench
2080	1	put towel on your head
2081	1	show green to trent
2082	1	ask dragon about white
2083	1	enter dish
2084	1	open mailbox
2085	1	taclor kobold
2086	1	wedge door with cheese
2087	1	examine children
2088	1	get matches
2089	1	close circuit breaker
2090	1	remove shim
2091	1	x panel
2092	1	touch yellow
2093	1	get device
2094	1	get in bucket
2095	1	look under table
2096	1	put ball in machine
2097	1	remove stethoscope
2098	1	put black rod in hole
2099	1	lobal me
2100	1	search ice
2101	1	cook pork chops
2102	1	throw sand
2103	1	examine model
2104	1	eat berries
2105	1	put guano in cannon
2106	1	push can against wall
2107	1	touch table
2108	1	take dish
2109	1	turn key
2110	1	get newspaper
2111	1	get garlic
2112	1	put chain on hook
2113	1	get piece of paper and business card
2114	1	drop soap
2115	1	read parchment
2116	1	examine pedestal
2117	1	rewind tape
2118	1	hit floor with axe
2119	1	push piano north
2120	1	drop diamonds
2121	1	chop ice with axe
2122	1	ask wolf about pigs
2123	1	x panels
2124	1	drop stand
2125	1	x old man
2126	1	read garnet scratch with glass
2127	1	push wireless north
2128	1	drop all
2129	1	learn yomin
2130	1	get skull
2131	1	show brick to pig
2132	1	blow spices at lafond
2133	1	gnoeval
2134	1	tase sleaze
2135	1	put diamond in basket
2136	1	throw box at outcropping
2137	1	ask hacker for master key
2138	1	drink whiskey
2139	1	put bag in case
2140	1	put fluff in bag
2141	1	take mousetrap
2142	1	put coin in interest
2143	1	get vellum scroll
2144	1	get package
2145	1	x shelves
2146	1	open blue box
2147	1	get gigantic bowl
2148	1	examine urchin
2149	1	x plate
2150	1	go to pig
2151	1	ask delbin about minirva
2152	1	taclor me
2153	1	get ekmek
2154	1	open wardrobe
2155	1	x gate
2156	1	get novel
2157	1	get all but dagger
2158	1	drop jacket
2159	1	fill hat with water
2160	1	put carton in oven
2161	1	wear sack
2162	1	east
2163	1	put wisdom in left socket
2164	1	x thing
2165	1	drop journal and key
2166	1	mount horse
2167	1	get gear
2168	1	fill jug
2169	1	turn on lantern
2170	1	set constellations to horse
2171	1	learn tossio
2172	1	gnusto liskon
2173	1	turn ring to sixth symbol
2174	1	turn wireless on
2175	1	turn on machine
2176	1	take fuse
2177	1	drop all except radio
2178	1	get pizza box
2179	1	inhale helium
2180	1	x dials
2181	1	malyon dragon
2182	1	x flower
2183	1	get pot
2184	1	examine toadstool
2185	1	take hand
2186	1	remove old battery
2187	1	get rasp
2188	1	jump to roof
2189	1	get sword
2190	1	climb rope
2191	1	twist nose
2192	1	press gray button
2193	1	drop crayon and pacquet
2194	1	break seal with pickaxe
2195	1	x barrels
2196	1	longitude is 25
2197	1	take egg from pot
2198	1	examine computer
2199	1	take old book
2200	1	put bladder in geyser
2201	1	touch tool stud
2202	1	drop key and brush
2203	1	get pacquet, paper and crayon
2204	1	get file
2205	1	slide upper card through slot
2206	1	take burin
2207	1	examine air tank
2208	1	download video
2209	1	break branch
2210	1	x sandstone
2211	1	push poseidon northeast
2212	1	read news in newspaper
2213	1	ask hermit about exit
2214	1	drop aqua vial
2215	1	eat bread
2216	1	reach in sculpture
2217	1	row west
2218	1	smash seal
2219	1	put rods in socket
2220	1	talk to empirious
2221	1	get paddle
2222	1	lie down in front of bulldozer
2223	1	drop stethoscope
2224	1	scrape gum with card
2225	1	get magic porridge pot
2226	1	enter cab
2227	1	get pumpkin
2228	2	turtle, se and get scroll then nw
2229	1	ozmoo myself
2230	1	yonk malyon spell
2231	1	push second switch
2232	1	wear sandals
2233	1	plant weed
2234	1	order drink
2235	1	walk around bulldozer
2236	1	open receptacle
2237	1	press project status stud
2238	1	get poe
2239	1	learn fweep
2240	1	push autopilot button
2241	1	x sydney
2242	1	put lye in coat
2243	1	get label
2244	1	get fig
2245	1	aim bazooka at pod
2246	1	knock on door
2247	1	open filing cabinet
2248	1	drop scarf
2249	1	take perfume
2250	1	take celery
2251	1	point down
2252	1	tie tinsel to coin
2253	1	get wrench
2254	1	drop cup
2255	1	make sushi
2256	1	drop book
2257	1	get it
2258	1	x comb
2259	1	read scrawled
2260	1	examine slot
2261	1	look in cannon
2262	1	drop fifth brick
2263	1	search straw
2264	1	read ruby scratch with glass
2265	1	drop fish
2266	1	put silver in slot
2267	1	put cloth in water
2268	1	roll statue ne
2269	1	buy electromagnet
2270	1	prick dummy
2271	1	pull flower
2272	1	point it at rod of life
2273	1	put coal in furnace
2274	1	drop it
2275	1	heat blue paper over candles
2276	1	take hammer
2277	1	look up wilhelm in album
2278	1	examine islet
2279	1	examine woman
2280	1	play syrinx
2281	1	read faded scroll
2282	1	take pole
2283	1	examine crypt
2284	1	get steel key
2285	1	climb out of pipe
2286	1	search seat
2287	1	examine tracks
2288	1	put packet in pot
2289	1	x pen
2290	1	x right screen
2291	1	get bag
2292	1	get sketch
2293	1	give opal, ruby, sapphire and emerald to guard
2294	1	take umbrella
2295	1	cover hole 3
2296	1	drop ring
2297	1	get red card
2298	1	buy bag
2299	1	yell
2300	1	put invite in copier
2301	1	turn handle
2302	1	get on horse
2303	1	put coin in pocket
2304	1	x screen
2305	1	examine red statuette
2306	1	push left button
2307	1	give gram to jim
2308	1	press north wall
2309	1	shake lamp
2310	1	pull breaker
2311	1	read opal scratch with glass
2312	1	push joystick west
2313	1	give magazine to madman
2314	1	press button
2315	1	wave spindle
2316	1	ask alan about novel
2317	2	robot, north and press triangular button
2318	1	start it
2319	1	x studs
2320	1	take tiepin
2321	1	get rod of fire
2322	1	enter car
2323	1	take dornberries
2324	1	melbor myself
2325	1	touch mirror
2326	1	get puzzle box and flute
2327	1	put rag in pot
2328	1	give shilling to wiggins
2329	1	examine emerald
2330	1	put gum in cauldron
2331	1	open cabinet
2332	1	x statue
2333	1	take plank
2334	1	get out of cask
2335	1	get blanket
2336	1	x bulbs
2337	1	take beam from eastern niche
2338	1	take all from pot
2339	1	examine thumb
2340	1	put kettle on stove
2341	1	throw bricks
2342	1	gnusto throck
2343	1	unlock box with key
2344	1	x lever
2345	1	x pass
2346	1	join red rod to silver rod
2347	1	take list
2348	1	examine coconuts
2349	1	get hammer
2350	1	drop hair dryer
2351	1	break ampoule
2352	1	x pair
2353	2	tell pigeon to get ruby
2354	1	examine pram
2355	1	open brown bottle
2356	1	remove gloves
2357	1	bark
2358	1	put blue in glasses
2359	1	wind watch
2360	1	x crowbar
2361	1	unlock drawer
2362	1	stop blade
2363	1	get milkbottle
2364	1	x fungus
2365	1	get rods from coffin
2366	1	examine sculpture
2367	1	x plants
2368	1	untie chain
2369	1	remove cap
2370	1	give blue goblet to butler
2371	1	push chandelier
2372	1	get brick
2373	1	x robot
2374	1	get eight
2375	1	examine rose
2376	1	push bookcase
2377	1	put ace in projector
2378	1	pulver river
2379	1	oil handcar with can
2380	1	put maiden in projector
2381	1	unlock jewellery box with gold key
2382	1	drop shield
2383	1	look at stephanie
2384	1	hear the dark
2385	1	gnusto luncho
2386	1	give cola to guard
2387	1	wake up old man
2388	1	roll statue se
2389	1	open cube
2390	1	x fuse
2391	1	search couch
2392	1	get miniaturization card
2393	1	drop nasty knife
2394	1	put toy in pot
2395	1	jump onto riser
2396	1	get spoon
2397	1	take eyes with tongs
2398	1	take envelope
2399	1	gnusto swanko
2400	1	x block
2401	1	turn switch off
2402	1	open case
2403	1	ask hawker about candy
2404	1	get container
2405	1	examine sapphire
2406	1	look at furnace
2407	1	x crane
2408	1	x hawk
2409	1	wear clothes
2410	1	x transmit stud
2411	1	put eyes in body
2412	1	get rod of ice
2413	1	drop all bricks
2414	1	get peg
2415	1	lift seat
2416	1	close torch
2417	1	touch nw rune with rose
2418	1	x copier
2419	1	push table e
2420	1	offer coin to delbin
2421	1	take it
2422	1	read newspaper
2423	1	get bottle
2424	1	press med
2425	1	x bowl
2426	1	drop broom
2427	1	take small key
2428	1	drop shovel
2429	1	give thumb to robot
2430	1	search picture of cat
2431	1	order food
2432	1	x grass
2433	1	examine splinter
2434	1	get pole
2435	1	learn bozbar
2436	1	turn ring to seventh symbol
2437	1	show invitation to butler
2438	1	show keys to michael
2439	1	put star crystal in dagger
2440	1	give sushi to samurai
2441	1	open package
2442	1	wear badge
2443	1	light match
2444	1	give umbrella to girl
2445	1	drop emerald
2446	1	open william coffin
2447	1	lower short pole
2448	1	x hand
2449	1	take 1
2450	1	talk to boy
2451	1	get spray
2452	1	gnusto malyon spell
2453	1	get all from demijohn
2454	1	get pearl
2455	1	press 5
2456	1	gnusto espnis
2457	1	open hatch
2458	1	pour water on coin
2459	1	search refuse
2460	1	read crumpled
2461	1	x boot
2462	1	open net
2463	1	fill bowl
2464	1	examine moss
2465	1	put feather on left
2466	1	put skink in cauldron
2467	1	drop biscuit, paper
2468	1	gnusto tinsot
2469	1	southeast
2470	1	search guard
2471	1	look at shape
2472	1	push pram south
2473	1	ask dragon about black
2474	1	put green sphere in pot
2475	1	get up
2476	1	drop axe
2477	1	get clothes
2478	1	examine missile
2479	1	take club
2480	1	feed apple to horse
2481	1	turn ring to fourth symbol
2482	1	drop lockpick
2483	1	wave it in moonlight
2484	1	stand on chair
2485	1	look through astrolabe
2486	1	drop stone
2487	2	mouse, west
2488	1	knock on window
2489	1	take 4
2490	1	put string in brick
2491	1	drop pipe
2492	1	touch thing with pole
2493	1	liskon me
2494	1	write 6 on cube
2495	1	drop cardboardbox
2496	1	show brick to gnome
2497	1	tear it
2498	1	take paper
2499	1	get hat
2500	1	say candle
2501	1	push table s
2502	1	unlock cabinet with key
2503	1	put stick in hole
2504	1	drop room key
2505	1	drop it and kit
2506	1	ask male about invitation
2507	1	push knob
2508	1	take capsule
2509	1	drop fork
2510	1	drop garlic
2511	2	dungeon master, turn dial to 8 and press button
2512	1	take newspaper
2513	1	turn h
2514	1	turn on space heater
2515	1	gnusto fiznav
2516	1	pour vodka in cola
2517	1	open metal cover
2518	1	examine toaster
2519	1	search sludge
2520	1	turn on stove
2521	1	x cubicles
2522	1	drop pot
2523	1	x torn clothes
2524	1	examine reeds
2525	1	lie in tiny little bed
2526	1	x guard
2527	1	wake gnome
2528	1	look up wilhelm in record
2529	1	push mountain
2530	1	point to coconut
2531	1	get earth crystal
2532	1	candles
2533	1	put golden chalice on left disc
2534	1	take hamburger
2535	1	x flue
2536	1	learn blorple
2537	1	x mine
2538	1	focus slide lens
2539	1	examine plant pots
2540	1	open cover
2541	1	call Maxx
2542	1	push green button
2543	1	get scalpel
2544	1	search tray
2545	1	put packet in pan
2546	1	drop bucket
2547	1	get particule
2548	1	put steel key on keyring
2549	1	x mask
2550	1	look up eustacia in album
2551	1	y
2552	1	take kitten
2553	1	rezrov alabaster
2554	1	take marker
2555	1	take dirty scroll
2556	2	robot, lift cage
2557	1	learn meef, meef and swanzo
2558	1	examine ball
2559	1	open crypt
2560	1	ask woman about roadrunner
2561	1	drop canteen and shuttle card
2562	1	take all from chest
2563	1	x bushes
2564	1	throck weed
2565	1	say my name
2566	1	get book
2567	1	drop shawm
2568	1	drop rope
2569	1	push statue
2570	1	upload video
2571	1	put diamond in case
2572	1	wear pendant
2573	1	wear sash
2574	1	note it
2575	1	pick cuffs with needle
2576	1	put dart on claw
2577	1	get rusty knife
2578	1	press blue button
2579	1	frotz temple
2580	1	cast lesoch
2581	1	remove handcuffs
2582	1	feed turnip to daisy
2583	1	get rapier
2584	1	read stained scroll
2585	1	give it to girl
2586	1	remove clothes
2587	1	get bazooka
2588	1	insert good bedistor in cube
2589	1	tie rope to altar
2590	1	put scarab in small recess
2591	1	drink drink
2592	1	get dead mouse
2593	1	put cereal in pot
2594	1	attack thief with nasty knife
2595	1	close oven
2596	1	open slot
2597	1	open raincoat
2598	1	examine log
2599	1	get coin
2600	1	learn foblub
2601	1	take cola
2602	1	raise lever
2603	1	get gloves and crowbar
2604	1	insert yellow card in slot
2605	1	put whistle in pot
2606	1	feed pigeon
2607	1	drop crampons
2608	1	pull lever
2609	1	read spreadsheet
2610	1	x counter
2611	1	get out of web
2612	1	x column
2613	1	get glass
2614	1	ask george about frank
2615	1	squeeze it
2616	1	put egg in case
2617	1	examine garlic
2618	1	get all from cabinet
2619	1	take crumpled
2620	1	fill milkbottle with pondwater
2621	1	get can
2622	2	dungeon master, wait
2623	1	drop banana
2624	1	push lever
2625	1	read notes
2626	1	put key in hole
2627	1	ask marion about nelson
2628	1	examine bench
2629	1	1
2630	1	fly
2631	1	drop candles
2632	1	push dusty s
2633	1	throw all but book into lower chute
2634	1	tie rope to handle
2635	1	ask male about female
2636	1	x bones
2637	1	put large plug in large receptacle
2638	1	get coffin
2639	1	search top
2640	1	fill tank
2641	1	take ribbon
2642	1	x knob
2643	1	put sphere on pentagram
2644	1	enter roller
2645	1	kill figure with sword
2646	1	press 2
2647	1	take key from zipper
2648	1	give ticket 5802 to barker
2649	1	pull clean hook
2650	1	latitude is 25
2651	1	take match
2652	1	examine chair
2653	1	open lid with spade
2654	1	push rod
2655	1	x switch
2656	1	vardik me
2657	1	put grenade in cupboard
2658	1	unplug tv
2659	1	drop ticket
2660	1	x juke
2661	1	read warped
2662	1	throw axe at cord
2663	1	read list
2664	1	look at device
2665	1	examine carvings
2666	1	take shroud
2667	1	open toilet
2668	1	get orange vial
2669	1	get cloak
2670	1	look inside tube
2671	1	drop lump
2672	1	take jar
2673	1	give headdress to shaman
2674	1	open piano
2675	1	go chandelier
2676	1	examine large chair
2677	1	wave sceptre
2678	1	drop honey
2679	1	put amber in socket
2680	1	x pig
2681	1	put copper key on keyring
2682	1	write chasm on featureless cube
2683	1	rub it with crayon
2684	1	get acorns
2685	1	tinsot fragment
2686	1	push test button
2687	1	x male
2688	1	look in panel
2689	1	drop pager
2690	1	search valuables
2691	1	look for pig
2692	1	examine film projector
2693	1	break bottle
2694	1	search snow
2695	1	examine switch
2696	1	slide e
2697	1	x rods
2698	1	drop portrait and bills
2699	1	look under stairs
2700	1	close locket
2701	1	put blue sphere in sapphire stand
2702	1	get firewood
2703	1	play organ
2704	1	give corn to bird
2705	1	x tray
2706	1	leave bed
2707	1	push joystick east
2708	1	drop rubies
2709	1	give gram to silas
2710	1	get opal cluster
2711	1	drop leaflet
2712	1	get penguin
2713	1	take wire
2714	1	tighten joint
2715	1	unlock hatch
2716	1	take a picture
2717	1	hole, e
2718	1	get candy
2719	1	aragon
2720	1	show it to holmes
2721	1	turn dial to 639
2722	1	examine rope
2723	1	get bauble
2724	1	unhook chain
2725	1	i
2726	1	wear skis
2727	1	put clear sphere in diamond stand
2728	1	get in machine
2729	1	open secret door
2730	1	x contraption
2731	1	read business card
2732	1	get amulet
2733	1	x ariana
2734	1	shoot pod with bazooka
2735	1	go stump
2736	1	put laudanum in blue goblet
2737	1	show red to trent
2738	1	read vellum scroll
2739	1	take yellow pill
2740	1	insult joe
2741	1	turn wheel right
2742	1	gnusto ledak
2743	1	blorple 2
2744	1	open tube
2745	1	look behind tapestry
2746	1	insert film in film projector
2747	1	lock it with padlock
2748	1	get coffer
2749	1	put gum on stick
2750	1	get x3, x4, x5, x6
2751	1	show book to gnome
2752	1	drop package
2753	1	examine slip
2754	1	show star crystal to trent
2755	1	touch mist
2756	1	point at blue carpet
2757	1	x clingfilm
2758	1	put white in toolkit
2759	1	get sprig
2760	1	pray to kraxis
2761	1	enter square
2762	1	press green button
2763	1	drop vial
2764	1	look up elijah inrecord
2765	1	drop antimacassar
2766	1	x servers
2767	1	caskly hut
2768	1	take sugar from pot
2769	1	look in zipper
2770	1	boo
2771	1	drop knapsack
2772	1	read plaque
2773	1	put all into thing
2774	1	extend ladder
2775	1	get emerald
2776	1	x stove
2777	2	dragon, open door
2778	1	put clock in pot
2779	1	talk to man
2780	1	sharpen knife on rock
2781	1	put sceptre in case
2782	1	put eight on pack
2783	1	upload image
2784	1	press buy
2785	1	get bench
2786	1	take mouse
2787	1	unlock car
2788	1	urbzig toy
2789	1	get head
2790	1	x porous wall
2791	1	open locket
2792	1	put butter in pot
2793	1	light gas
2794	1	show $500
2795	1	put battery in panel
2796	1	vaxum adventurer
2797	1	drop flat key
2798	1	tie chain to rod
2799	1	get rusty key
2800	1	unlock it with gothic key
2801	1	get out of basket
2802	1	remove towel
2803	1	ask bum about anna
2804	1	wear spectacles
2805	1	open map
2806	1	examine enclosure
2807	1	talk to britney
2808	1	drop container and assignment
2809	1	open jewellery box
2810	1	get kappa
2811	1	get pile
2812	1	x window
2813	1	x button
2814	1	x writing
2815	1	unfold leaf
2816	1	get shovel
2817	1	put x10 in second
2818	1	drop stool and bucket
2819	1	tie moriarty and akbar with rope
2820	1	read scroll
2821	1	x shelf
2822	1	say boo
2823	1	open trunk
2824	2	marvin, open the hatch
2825	1	drop toy
2826	1	get cue ball
2827	1	get in web
2828	1	fly kite
2829	1	get green card
2830	1	close plate
2831	1	read damp scroll
2832	1	open fridge
2833	1	wipe celery with napkin
2834	1	drop finch
2835	1	drop eggs
2836	1	odysseus
2837	1	wake implementor
2838	1	strike rod of fire
2839	1	open forge
2840	1	x knife
2841	1	get clover
2842	1	get portrait and bills
2843	1	drink wine
2844	1	put brown rod in hole
2845	1	get matchbox
2846	1	climb porous wall
2847	1	say even
2848	1	get mug
2849	1	open secret panel
2850	1	read map
2851	1	write 7 on cube
2852	1	put lens in spotlight
2853	1	put smoke rod in pot
2854	1	drop pencil
2855	1	x ladder
2856	1	get rod of life
2857	1	get in basket
2858	1	put all in zipper except book
2859	1	wear balls
2860	1	turn newel
2861	1	get gem
2862	1	give card to alan
2863	1	x implementor
2864	1	fix bucket with acorn
2865	1	wear boots
2866	1	gondar dragon
2867	1	haggle with salesman
2868	1	examine parchment
2869	1	get bomb
2870	1	put printer on table
2871	1	put ticket in slot
2872	1	put beam across doorway
2873	1	read back of blue paper
2874	1	examine lump
2875	1	point it at goats
2876	1	wear mask
2877	1	lean ladder against fence
2878	1	pull anchor
2879	1	turn neith
2880	1	take dorkmid
2881	1	catch mouse with bucket
2882	1	take burin from zipper
2883	1	push red
2884	1	take bandage
2885	1	pour water on beanstalk
2886	1	get berries
2887	1	clean table with cloth
2888	1	get trowel
2889	1	search machines
2890	1	push tree north
2891	1	pour cold porridge in gigantic bowl
2892	1	examine dresser
2893	1	get invitation
2894	1	drop all but pager
2895	1	ask for mycroft holmes
2896	1	drop spoon
2897	1	look
2898	1	tie chest to rope
2899	1	x sign
2900	1	say yello
2901	1	take pen
2902	1	hold breath
2903	1	x carvings
2904	1	take knife
2905	1	take balsa beam from northern niche
2906	1	x terrock
2907	1	look in fountain
2908	1	get vial
2909	1	x gauge
2910	1	examine television
2911	1	search gnome
2912	1	put flour in pot
2913	1	x grille
2914	1	enter waterfall
2915	1	take sticker
2916	1	drop lantern
2917	1	enter stall
2918	1	x shaman
2919	1	search bones
2920	1	get brown
2921	1	put volcano in pot
2922	1	read hieroglyphs
2923	1	heat brown paper over
2924	1	hang bucket on third peg
2925	1	put card in pocket
2926	1	get golden cluster
2927	1	x horse
2928	1	turn sceptre
2929	1	close cage
2930	0	again
2931	1	get laser
2932	1	drive to tower of london
2933	1	google it
2934	1	take all from basis
2935	1	remove bandage
2936	1	pour hot porridge in gigantic bowl
2937	1	read missive
2938	1	drop suit
2939	1	break wall
2940	1	get booklet
2941	1	empty pot
2942	1	get white
2943	1	wear breeches
2944	1	give bananas
2945	1	throw stone at thing
2946	1	learn lesoch
2947	1	look up william on nameplate
2948	1	put oak on table
2949	1	take ticket 2306
2950	1	unlock door with key
2951	1	x prep table
2952	1	go to windy cave
2953	1	learn zemdor
2954	1	look in overalls
2955	1	dress
2956	1	unlock door with iron key
2957	1	walk 4 paces south
2958	1	pull knob
2959	1	examine notice
2960	1	x bag
2961	1	put firewood on hearth
2962	1	x stranger
2963	1	open grate
2964	1	put canteen in knapsack
2965	1	press ignition
2966	1	move lighted portrait
2967	1	enter pub
2968	1	get x12
2969	1	open zipper
2970	1	put mace cube in top right socket
2971	1	examine boats
2972	1	listen to wall
2973	1	put knife in purse
2974	1	take bronze coin from left pan
2975	1	remove first brick
2976	1	put pass in slot
2977	1	put match in raincoat
2978	1	open desk
2979	1	move desk
2980	1	give gloves to zombie
2981	1	pull dial
2982	1	zemdor blue box
2983	1	point at vodka
2984	1	get out of boat
2985	1	wear jacket
2986	1	examine fin
2987	1	put torch in hand
2988	1	push coffin n
2989	1	x mukhtar
2990	1	get mask
2991	1	oil door
2992	1	wear crampons
2993	1	take myrrh
2994	1	touch powerup stud
2995	1	take safe
2996	1	turn on bulb
2997	1	get slip of paper
2998	1	drop anchor
2999	1	hear
3000	1	examine toadstools
3001	1	take zm$100000
3002	1	turn on microphone
3003	1	open guage
3004	1	learn pulver
3005	1	get lye
3006	1	turn ring to fifth symbol
3007	1	ask spirit for name
3008	1	turn nephthys
3009	1	get film and slide
3010	1	get indigo vial
3011	1	yomin tortoise
3012	1	put all down
3013	1	ask what gnome looking for
3014	1	port
3015	1	read red scroll
3016	1	open cell door
3017	1	cut clingfilm with knife
3018	1	x wheels
3019	1	sit on carpet
3020	1	get flask
3021	1	x globe
3022	1	talk to gnome about mogglev
3023	1	learn izyuk spell
3024	1	l
3025	1	turn bolt with wrench
3026	1	get caliper
3027	1	examine thin man
3028	2	rimshaw, hypnotise me
3029	1	get bone
3030	1	ask fairy godmother about dress
3031	1	cut blue tassel
3032	1	meef weeds
3033	1	get bird
3034	1	turn sphere
3035	1	ask pedlar about beans
3036	1	get maiden
3037	1	get pork chops
3038	1	get spindle
3039	1	blow whistle
3040	1	take paper with pole
3041	1	examine waterfall
3042	1	ask skier about scroll
3043	1	drop teapot, rose, candy and gold key
3044	1	enter shack
3045	1	point at cola
3046	1	put new battery in torch
3047	1	echo
3048	1	take amethysts
3049	1	put silver chalice in knapsack
3050	1	take astrolabe
3051	1	examine stars
3052	1	pick lock with sharp pick
3053	1	x project status stud
3054	1	gnusto snavig
3055	1	get skis
3056	1	blorple 1
3057	1	turn c
3058	1	drop newspaper
3059	1	take x1, x2, x7, x12
3060	1	hello
3061	1	examine washing machine
3062	1	ask k9 about door
3063	1	touch control stud
3064	1	put collar on dog
3065	1	show box to guard
3066	1	take thing
3067	1	put ebony in northern niche
3068	1	put honey in cauldron
3069	1	take x10
3070	1	put astrolabe in mounting
3071	1	pull antenna
3072	1	press switch b
3073	1	examine table
3074	1	drop screw
3075	1	put mirror 1 in caliper
3076	1	press forcefield
3077	1	move block
3078	1	x officer
3079	1	cut green with scalpel
3080	1	take veil
3081	1	enter cloud
3082	1	rub oil on mirror 1
3083	1	x bats
3084	1	read diary
3085	1	unlock crypt
3086	1	examine flytrap
3087	1	throw body in pit
3088	1	show egg to adventurer then east
3089	1	ask technician about security gates
3090	1	drink water
3091	1	put bottle in zipper
3092	1	melt head with torch
3093	1	wear robe
3094	1	climb tree
3095	1	look up 1420 in map
3096	1	drop rusty knife
3097	1	put black in slot
3098	1	put white in unit
3099	1	examine dog
3100	1	blow in tube
3101	1	get crumpled scroll
3102	1	get microphone
3103	1	take dodo
3104	1	take screwdriver
3105	1	put decaf in pot
3106	1	give ring to butler
3107	1	enter outflow pipe
3108	1	drop umbrella
3109	1	move floorboards
3110	1	insert ruby cluster in second hole
3111	1	put dornberries in pot
3112	1	turn on slide projector
3113	1	examine cottage
3114	1	take trunk
3115	1	take ash tray
3116	1	examine arthur
3117	1	take damp scroll
3118	1	press 4
3119	1	take stone
3120	1	plugh
3121	1	hide under bones
3122	1	fweep me
3123	1	show term paper to frobar
3124	1	ask george about town
3125	1	x stalk
3126	1	x door
3127	1	ask mary for ladder
3128	1	get bar
3129	1	open manhole with crowbar
3130	1	examine walkie
3131	1	drop cap
3132	1	get pyramid
3133	1	note sink
3134	1	take wings
3135	1	get wheel
3136	1	read moldy book
3137	1	close slot
3138	1	take blue carpet
3139	1	get remote control
3140	1	turn wheel
3141	1	look through window
3142	1	bathe
3143	1	examine satellite
3144	1	no
3145	1	push dusty n
3146	1	remove fused bedistor with pliers
3147	1	ledak painting
3148	1	put red flag on speckled
3149	1	examine boulders
3150	1	put bracelet in case
3151	1	get gown
3152	1	unlock filing cabinet with key
3153	1	examine thyme
3154	1	jindak
3155	1	take needle
3156	1	x powerup stud
3157	1	put shiny in pot
3158	1	get toaster
3159	1	take dummy
3160	1	x status display
3161	1	get diamonds
3162	1	get match
3163	1	raise short pole
3164	1	put bladder in sack
3165	1	drop spade
3166	1	drop plug
3167	1	put stone in fire
3168	1	push button 1
3169	1	gnusto shiny scroll
3170	1	rock, s
3171	1	get ruby
3172	1	give novel to alan
3173	1	ask belboz about me
3174	1	examine cage
3175	1	read subway
3176	1	examine radio
3177	1	get token
3178	1	take keys with pole
3179	1	read glittering scroll
3180	1	x barman
3181	1	examine mesa
3182	2	mosaic, lagach
3183	1	take beads
3184	1	throw club at belt
3185	1	give bone to poodle
3186	1	gloth dough
3187	1	rock, e
3188	1	take box
3189	1	read note
3190	1	drop cloth
3191	1	take parka
3192	1	x device
3193	1	drop shroud
3194	1	x treant
3195	1	set second wheel to 2
3196	1	get test
3197	1	examine shroud
3198	1	get spar
3199	1	give jewels to guard
3200	1	repeatedly "turn sceptre" until the coffin opens
3201	1	climb down chimney
3202	1	get watch
3203	1	ask gnome about page
3204	1	x cooler
3205	1	blizzard
3206	1	point at coconut
3207	1	put worm in fountain
3208	1	put trident in case
3209	1	put blanket on grue
3210	1	learn zifmia
3211	1	open app
3212	1	cut blue wire
3213	1	drop kit
3214	1	touch obelisk
3215	1	turn on walkie
3216	1	open wallet
3217	1	move wardrobe
3218	1	x gaping
3219	1	look in cauldron
3220	1	open portrait
3221	1	put lemming in cage
3222	1	put pan in water
3223	1	open crate with poker
3224	1	get smelly scroll
3225	1	tie rope to rod
3226	1	pull weed
3227	1	city
3228	1	examine silver coin
3229	1	give coin to bartender
3230	1	x computers
3231	1	ask k9 about reactor
3232	1	x rack
3233	1	drop wire
3234	1	push dispenser button
3235	1	close panel
3236	1	ask gnome about color magnet
3237	1	take berries from pot
3238	1	ask farmer about oyster
3239	1	x control
3240	1	raise basket
3241	1	put maiden on pack
3242	1	take carpet
3243	1	start engines
3244	1	w
3245	1	take hair dryer
3246	1	turn on film projector
3247	1	drop card
3248	1	wear locket
3249	1	take cube
3250	1	go through curtain
3251	1	read torn square
3252	1	fill pot with water
3253	1	examine white  statuette
3254	1	pour liquid on slime
3255	1	get buoy
3256	1	climb ladder
3257	1	x crossbow
3258	2	jill, hold me
3259	1	help midget
3260	1	unlock northern door with flat key
3261	1	get garter
3262	1	drop all except 10, book
3263	1	get cage
3264	1	stand on charles
3265	1	bandage arm with rags
3266	1	give paper to gnome
3267	1	look under stove
3268	1	get pendant
3269	1	take oak
3270	1	get off carpet
3271	1	show earth crystal to trent
3272	1	slide kitchen card through slot
3273	1	cut cable
3274	1	x shadow
3275	1	examine bottle
3276	1	greet gnome
3277	1	get satchel
3278	1	x it
3279	1	x wheel
3280	1	turn on autopilot
3281	1	learn vaxum
3282	1	push pram east
3283	1	x moss
3284	1	put scraps on anvil
3285	1	blorple 10
3286	1	put dynamite in toaster
3287	1	read writings
3288	1	examine dusty book
3289	1	take poetry
3290	1	push play
3291	1	get bear
3292	1	stand on beam
3293	1	turn dial to 47
3294	1	get tarot box
3295	1	give goggles to cheryl
3296	1	touch notch
3297	1	x clover
3298	1	examine hooks
3299	1	drop gigantic bowl
3300	1	x boots
3301	1	gnusto zifmia spell
3302	1	pull pipe
3303	1	get featureless rod
3304	1	look in rowboat
3305	1	dig in ground
3306	1	open flask
3307	1	get all from drawer
3308	1	pour water on powder
3309	1	close cold box
3310	1	turn drill on
3311	1	bunyon
3312	1	get out of chair
3313	1	clean lump
3314	1	undress
3315	1	follow pig
3316	1	get stethoscope
3317	1	look in telescope
3318	1	ask bly about monster
3319	1	take radio
3320	1	put red rod in hole
3321	1	light lamp
3322	1	look in pram
3323	1	drop shiny key
3324	1	open furnace
3325	1	ask her about key
3326	1	get torn square
3327	1	give copy to male
3328	1	get lantern
3329	1	break padlock with hook
3330	1	take fragment from zipper
3331	1	learn ozmoo
3332	1	drop painting
3333	1	x salt
3334	1	x paper
3335	1	take raincoat
3336	1	sleep
3337	1	get gold
3338	1	x indicator
3339	1	reach in zipper
3340	1	wear glasses
3341	1	unlock door with keys
3342	1	get map
3343	1	get all cards
3344	1	take flour
3345	1	examine teachers
3346	1	buy ticket
3347	1	get beef
3348	1	raise beam
3349	1	ask alan about key
3350	1	take gold box
3351	1	wedge doors with axe
3352	1	press 3
3353	1	dig ground
3354	1	examine icicles
3355	1	x homing
3356	1	gnusto swanzo spell
3357	1	turn on computestor
3358	1	take butter
3359	1	ask male about work
3360	1	search painting
3361	1	read pages
3362	1	put golden chalice in knapsack
3363	1	get heart from boat
3364	1	open jeep
3365	1	read card
3366	1	enter dory
3367	1	swordfish
3368	1	get improbability drive
3369	1	take key
3370	1	give pork chops to wolf
3371	1	look at ron
3372	1	push button enter
3373	1	cut rope with knife
3374	1	examine ash
3375	1	get red, blue and green cake
3376	1	touch w rune with rose
3377	1	pour wine in green goblet
3378	1	adjust aerial
3379	1	l in cabinet
3380	1	open demijohn
3381	1	type 384
3382	1	light flashlight
3383	1	wear sweater
3384	1	drop stick
3385	1	open bio-lock door
3386	1	drop mud
3387	1	take analgesic
3388	1	out
3389	1	get spectacles
3390	1	take fragment
3391	1	examine door
3392	1	examine pockets
3393	1	x tower
3394	1	take chest
3395	1	wait for 35 minutes
3396	1	drop pole
3397	1	screw relay into space
3398	1	get rose
3399	1	get gloves
3400	2	ask wolf to blow turbine
3401	1	take flat key
3402	1	get page
3403	1	attack crulley
3404	1	take off scarf
3405	1	take spell book from zipper
3406	1	drop brass key
3407	1	turn dial to 1
3408	1	pour wine in blue goblet
3409	1	ask him about nelson
3410	1	hit creature with hook
3411	1	look in pocket
3412	1	drop bear
3413	1	push ball southwest
3414	1	x blade
3415	1	push painting
3416	1	drive to the embankment
3417	1	get envelope
3418	2	k9, shoot boulder
3419	1	look behind painting
3420	1	ask fairy godmother about horse
3421	1	take tinsel
3422	1	wear razor
3423	1	set thermostat to warm
3424	1	examine fence
3425	1	get dragon
3426	1	x probe
3427	1	open blue bottle
3428	1	turn wheel left
3429	1	get branch
3430	1	x hole
3431	1	get hand
3432	1	give ekmek to andromeda
3433	1	plant bean in vegetable plot
3434	1	close shield
3435	1	put red flag on spotted
3436	1	foo
3437	1	x grenade
3438	1	open royal-blue box
3439	1	take yellow powder
3440	1	take off jacket
3441	1	wear tourniquet
3442	1	press red button
3443	1	drop third brick
3444	1	unlock chain with key
3445	1	get arrow
3446	1	take ladder
3447	1	kill sofia with opener
3448	1	x body
3449	1	get lamp
3450	2	mural, lagach
3451	1	put ladder in well
3452	1	read envelope
3453	1	show card to chuckles
3454	1	put entrails in body
3455	1	give case to jenny
3456	1	read pale scroll
3457	1	read poetry
3458	1	x cupboard
3459	1	cut line with knife
3460	1	put star on pack
3461	1	put ladder under tree
3462	1	x city
3463	1	push coffin s
3464	1	get diamond cluster
3465	1	put mail on satchel
3466	1	drop flask
3467	1	examine machine
3468	1	take lemming
3469	1	give fragment to green rock
3470	1	take jug
3471	1	frotz bottle
3472	1	fill tank with air
3473	1	drop crown, stamp, zorkmid and ruby
3474	1	go panel
3475	1	examine goblin
3476	1	say carte
3477	1	turn on switch
3478	1	get ampoule
3479	1	put hand in liquid
3480	1	take gores
3481	1	ask gnome about statue
3482	1	x wire
3483	1	turn radio on
3484	1	turn on electricity
3485	1	open container
3486	1	get eight of wands
3487	1	put it in projector
3488	1	get amber
3489	1	get porridge oats
3490	1	examine vegetable plot
3491	1	learn jindak
3492	1	ask dragon about trinket
3493	1	examine volt meter
3494	1	take toner
3495	1	examine shadow
3496	1	get in forklift
3497	1	turn dial left 4
3498	1	get mirror 1
3499	1	drop all except bottle
3500	1	fore
3501	1	give celery to barb
3502	1	ask hacker about keys
3503	1	x grill
3504	1	hit board
3505	1	get black
3506	1	take green sphere
3507	1	get film
3508	1	put branch under boulder
3509	1	blorple x10
3510	1	turn on hair dryer
3511	1	turn off saw
3512	1	bekdab golem
3513	1	drop pillow
3514	1	put compass rose in carving
3515	1	pull rods
3516	1	unlock door
3517	1	click on edit
3518	1	slide c
3519	1	look at screen
3520	1	hit bung with mace
3521	1	examine drill
3522	1	write 12 on cube
3523	1	get glasses
3524	1	get puzzle box
3525	1	open buoy
3526	1	eat tablet
3527	1	remove glasses
3528	1	fix voltage regulator
3529	1	get plans
3530	1	take ticket
3531	1	malyon idol
3532	1	drop robe in shaft
3533	1	get dragon and paper
3534	1	put gold in unit
3535	1	unlock box 600 with key
3536	1	watch video
3537	1	x printouts
3538	1	ask computestor about videophone
3539	1	x dent
3540	1	shoot rope with crossbow
3541	1	x hat
3542	1	remove brick with crowbar
3543	1	examine axe
3544	1	put glob on case
3545	1	learn espnis
3546	1	push pet
3547	1	get beam
3548	1	read grave
3549	1	show mouse to elephant
3550	1	turn on light
3551	1	drink beer
3552	1	drop paper
3553	1	move bench
3554	1	give carton to hacker
3555	1	search window
3556	1	drop first brick
3557	1	x mirror
3558	1	push piano east
3559	1	throw rope into chute
3560	1	open briefcase
3561	1	wear balm
3562	1	x camera
3563	1	unlock handcuffs with key
3564	1	get note
3565	1	ask george about dehlila
3566	1	throw rope north
3567	1	take kettle
3568	1	read scriptures
3569	1	take note and card
3570	1	remove brick
3571	1	examine hole
3572	1	x forest
3573	1	drop spectacles
3574	1	click on paper
3575	1	take coconut
3576	1	read white book
3577	1	put spell book in zipper
3578	1	take blue
3579	1	climb stand
3580	1	put red powder in kettle
3581	1	get hyrax
3582	1	examine wardrobe
3583	1	take trophy
3584	1	write 1 on cube
3585	1	push golden machine east
3586	1	sit
3587	1	unscrew panel
3588	1	ring bell
3589	1	gnusto shazok
3590	1	ride bird
3591	1	unlock grating with rusty key
3592	1	take glasses
3593	1	ne
3594	1	put torch in golden chalice
3595	1	x dispenser
3596	1	light candle with match
3597	1	get knapsack
3598	1	drop letter
3599	1	examine barrels
3600	1	unlock bronze door with key
3601	1	drop amulet
3602	1	examine gnomon
3603	1	fish
3604	1	get bearskin rug
3605	1	get jewelry
3606	1	look at mural
3607	1	talk to reunite
3608	1	get poetry
3609	1	note stools
3610	1	wait
3611	1	look into relay
3612	1	drop matchbox
3613	1	open box with tool
3614	1	rub bug
3615	1	n
3616	1	examine snooker table
3617	1	give silver coin to oarsman
3618	1	take circuit
3619	1	open northern door
3620	1	get robe
3621	1	get orange card
3622	1	set first wheel to 9
3623	1	get ring
3624	1	get all from coffin
3625	1	ask bly about problem
3626	1	learn girgol
3627	1	fee
3628	1	get kitchen card and upper card
3629	1	ask barkeep about thad
3630	1	wave hairband
3631	1	lick pet
3632	1	open west door
3633	1	2
3634	1	free boy
3635	1	burn pole with torch
3636	1	take suitcase
3637	1	read sticker
3638	1	note tables
3639	1	get stained scroll
3640	1	throw red at smoke
3641	1	drop glasses
3642	1	remove padlock
3643	1	touch ne rune with rose
3644	1	wake falcon with salts
3645	1	get red statuette
3646	1	x tables
3647	1	set dial to 776
3648	1	blow horn
3649	1	open washing machine
3650	1	put arrow in crossbow
3651	1	put it on tomb
3652	1	click on more
3653	1	drop tea
3654	2	prosser, lie in the mud
3655	1	withdraw $603
3656	1	get out of bed
3657	1	get wand
3658	1	kill thief with nasty knife
3659	1	turn ring to second symbol
3660	1	write 9 on cube
3661	1	take picture
3662	2	cheryl, pull rods
3663	1	drop bible
3664	1	draw line from f to p
3665	1	drop mousetrap
3666	1	turn ring to third symbol
3667	1	mix cauldron with spoon
3668	1	turn page
3669	1	get needle
3670	1	enter white door
3671	1	ask dragon about red
3672	1	blorple 12
3673	1	x curtain
3674	1	open trap door
3675	1	show skull to bum
3676	1	get coins
3677	1	take decaf from pot
3678	1	examine tombs
3679	1	light it
3680	1	read twisted
3681	1	point it at mural
3682	1	turn selkis
3683	1	put flathead on circle
3684	1	get chain
3685	1	x soft things
3686	1	get bell
3687	1	swing rope
3688	1	hit plaster with pickaxe
3689	1	get star
3690	1	weigh anchor
3691	1	put 10 in box
3692	1	give box of chocolates to jemima
3693	1	get lamp, glass and ampoule
3694	1	dig earth
3695	1	pull hose
3696	1	move crank
3697	1	x contact points
3698	1	jump lake
3699	1	touch calibration
3700	1	ask sydney for hat
3701	1	learn snavig
3702	1	drop drive
3703	1	get knife
3704	1	give silver to barker
3705	1	read dusty scroll
3706	1	show crossbow to dragon
3707	1	s
3708	1	press blue
3709	1	drop branch
3710	1	wear armour
3711	1	take coal
3712	1	put gram in basket
3713	1	put gold coin on right
3714	1	get on couch
3715	1	gnusto ozmoo spell
3716	1	drop historical
3717	1	learn exex
3718	2	knight, open flagstone
3719	1	learn caskly
3720	1	open chest
3721	1	throw rag at fire
3722	1	turn gnomon
3723	1	x bar
3724	1	get pencil
3725	1	get rock
3726	1	cut jacket with glass
3727	1	remove goggles
3728	1	gnusto melbor spell
3729	1	erase line between m and v
3730	1	drink potion
3731	1	drop decaf
3732	1	throw laser into void
3733	1	plug toaster into wall
3734	1	wave wand at underwear
3735	1	examine pigeons
3736	1	l in box
3737	1	read term paper
3738	1	put bauble in case
3739	1	point sacrifice at board
3740	1	turn screw
3741	1	x minerals
3742	1	south
3743	1	turn reactor on
3744	1	put it on henry's tomb
3745	1	set center dial to 3
3746	1	examine slipper
3747	1	take red rod
3748	1	touch panel
3749	1	set compass to crane
3750	1	remove gas mask
3751	1	get memo
3752	1	x dragon
3753	1	get fluff
3754	1	lift grate
3755	1	enter gazebo
3756	1	put moss in nest
3757	1	x thad
3758	1	put raisins on celery
3759	1	read journal
3760	1	get printer
3761	1	close tray
3762	1	get popcorn
3763	1	get ox
3764	1	note vomit
3765	1	x cutout
3766	1	open lid
3767	1	ahead
3768	1	smash window with coffer
3769	1	go north
3770	1	search table
3771	1	shake hands
3772	1	drop wet suit
3773	1	put laudanum on pork
3774	1	drop camera
3775	1	drop perfume
3776	1	sit down
3777	1	put coin in loans
3778	1	write 10 on cube
3779	1	get hook
3780	1	throck shrub
3781	1	take 7
3782	1	light salt with bug
3783	1	open wooden door
3784	1	foblub man
3785	1	press yellow button
3786	1	put painting in case
3787	1	take x1,x2,x7,x8
3788	1	get boots
3789	1	oozelumny
3790	1	take peridots
3791	1	knock on door 11
3792	1	read white scroll
3793	1	push coffin w
3794	1	close drawer
3795	1	drop parchment
3796	1	feeyuk me
3797	1	x bladder
3798	1	wear cap
3799	1	go under wall
3800	1	swanko spirit
3801	1	click designers_manual
3802	1	southwest
3803	1	x horriblis
3804	1	break window
3805	1	ask holmes about ash
3806	1	get large key
3807	1	pull ropes
3808	1	press lever
3809	1	oracle, hello
3810	1	x boxes
3811	1	follow mouse
3812	1	look at paintings
3813	1	light torch with newspaper
3814	1	press west wall
3815	1	unlock wardrobe with key
3816	1	learn gloth
3817	1	open quartz cover
3818	1	hit crulley with coffer
3819	1	drop all but candle
3820	1	give gram to andrea
3821	1	frotz book
3822	1	read gray scroll
3823	1	get bricks
3824	1	get all
3825	1	pick up cube
3826	1	get bladder
3827	1	put coin in jukebox
3828	1	take scroll
3829	1	hack terminal
3830	1	press white, gray, black, red, black
3831	1	put handcuffs on rods
3832	1	put gold in toolkit
3833	1	hello sailor
3834	1	give gold key, portrait and bills to demon
3835	1	take pig
3836	1	light fuse with match
3837	1	ask harry about eddie smaldone
3838	1	search ash
3839	1	open tapestry
3840	1	give card to woman
3841	1	push red button
3842	1	pull cord
3843	1	learn izyuk
3844	1	put yellow powder in kettle
3845	1	stand in line
3846	1	put torch in case
3847	1	shut up
3848	1	get egg
3849	1	smash cabinet
3850	1	take sceptre
3851	1	put chasm cube in bottom left socket
3852	1	ask detective about chelsea
3853	1	drop ox
3854	1	get chewed scroll
3855	1	talk to sleaze
3856	1	examine lights
3857	1	close breaker
3858	1	drop knife
3859	1	pull quartz
3860	1	open towel
3861	1	get 3
3862	1	give book to gnome
3863	1	shoot thad
3864	1	x opener
3865	1	throw it at rabbit
3866	1	look under mat
3867	1	touch orange
3868	1	drop matchbook
3869	1	move slab
3870	1	open compartment
3871	1	take thorn
3872	1	put opener in keyhole
3873	1	get gold locket
3874	1	get staff
3875	1	tossio golem
3876	1	squeeze weed killer bottle
3877	1	point it at knight
3878	1	listen to conversation
3879	1	x flowers
3880	1	ask dragon about jewel
3881	1	look in it
3882	1	gnusto scroll
3883	1	turn on flashlight
3884	1	show warranty
3885	1	get nasty knife
3886	1	get paint
3887	1	open pacquet of paper
3888	1	open toolshed
3889	1	put scarab in case
3890	1	touch transmit stud
3891	1	follow ford
3892	1	close matchbook
3893	1	sit on large chair
3894	1	remove hat
3895	1	get luck
3896	1	drop multi
3897	2	mouse, south
3898	1	touch waterfall
3899	1	take axe
3900	1	get interface
3901	1	show ledger to magistrate
3902	1	put crossbow in sack
3903	1	x fountain
3904	1	liskon snake
3905	1	take all but pram
3906	1	frotz me
3907	1	get flashlight
3908	1	put toner in slot
3909	1	dig sand
3910	1	x sketch
3911	1	turn crank
3912	1	search grass
3913	1	take handkerchief
3914	1	throw rod
3915	1	get emerald cluster
3916	1	take thyme
3917	1	light newspaper with pipe
3918	1	covert
3919	1	take red powder
3920	1	aimfiz belboz
3921	1	open handbag
3922	1	x attendant
3923	1	put chalice in case
3924	1	drop dusty book
3925	1	open grating
3926	2	adventurer, open door
3927	1	eat gigantic quantity of just-right porridge
3928	1	x insect
3929	1	stand on disc
3930	1	slide k
3931	1	unlock box with screwdriver
3932	1	look in crack
3933	1	x rock
3934	1	x pots
3935	1	put ship in mounted bottle
3936	1	take toupee
3937	1	examine switch b
3938	1	open closet
3939	1	get lump
3940	1	examine cylinder
3941	1	x cup
3942	1	get rod of sacrifice
3943	1	give gram to danielle
3944	1	put tobacco in pipe
3945	1	learn rezrov
3946	1	look up mordecai in record
3947	1	drop cracked
3948	1	get bills
3949	1	drop bees
3950	1	eat blue cake
3951	1	examine symbols
3952	1	drop radio and pole
3953	1	see
3954	1	turn dial to 4
3955	1	open lab uniform
3956	1	examine headphones
3957	1	x bubble
3958	1	get club
3959	1	examine tree
3960	1	get silver
3961	1	say ialdabaoloth
3962	1	take all but parchment
3963	1	jump off equipment
3964	1	remove cloak
3965	1	put stone in opening
3966	1	get grimoire from box
3967	1	look in box
3968	1	get awl
3969	1	x clock
3970	1	stage
3971	1	x table
3972	1	take red scroll
3973	1	take shaft
3974	1	slide a
3975	1	go through south wall
3976	0	g
3977	1	put berries in pan
3978	1	put flask under spout
3979	1	get blue
3980	1	look in safe
3981	1	gnusto huncho
3982	1	offer 500
3983	1	look under jukebox
3984	1	take pan
3985	1	put line in socket
3986	1	get whistle
3987	1	lock cabinet with key
3988	1	tie scarf to signpost
3989	1	get stick
3990	1	examine mouth
3991	1	pull branch
3992	1	eat peanuts
3993	1	x lye
3994	1	plug in television
3995	1	examine huge bed
3996	1	enter handcar
3997	1	examine tide
3998	1	cut flower
3999	1	climb piano
4000	1	get tweezers
4001	1	turn drill off
4002	1	stand in short line
4003	1	unlock lock with lockpick
4004	1	kiss frog
4005	1	hit elf
4006	1	get brown paper
4007	1	push right button
4008	1	unlock icebox with square key
4009	1	search clothes
4010	1	point it at me
4011	1	put sprig in cauldron
4012	1	sit on green rock
4013	1	go ledge
4014	1	cover trapdoor with bearskin rug
4015	1	put box in zipper
4016	1	open panel
4017	1	break bubble with axe
4018	1	read emerald scratch with glass
4019	2	turtle, follow me
4020	1	show amulet to michael
4021	1	take off veil
4022	1	x thug
4023	1	take 3
4024	1	touch
4025	1	drop mask
4026	1	get jar
4027	1	look in cabinet
4028	1	se
4029	1	get sapphire
4030	1	read lettering
4031	1	x building
4032	1	open office door
4033	1	x printer
4034	1	put gray rod in pot
4035	1	put small plug in plotter
4036	1	drop dummy
4037	1	take spar
4038	1	x storm
4039	1	dial 576-3190
4040	1	drop torch
4041	1	play accordion
4042	1	open catch
4043	1	x security gates
4044	1	drop head
4045	1	get oil
4046	1	take feather
4047	1	take purse
4048	1	open coffin
4049	1	zifmia adventurer
4050	1	wear shield
4051	1	cast frotz on amulet
4052	1	put link in drawer
4053	1	learn liskon
4054	1	smell dirty floor
4055	1	take dusty brick
4056	1	strike rod of husbandry
4057	1	say kaluze
4058	1	blorb adventurer
4059	1	get meter
4060	1	put pan in oven
4061	1	put lens in telescope
4062	1	give toy to sydney
4063	1	set compass to swallow
4064	1	take paper bird
4065	1	get in floor
4066	1	say to twin "the combination is 639"
4067	1	take briefcase
4068	1	lower ladder
4069	1	give note to man
4070	1	put garlic in cauldron
4071	1	open pizza box
4072	1	give food to bear
4073	1	drop bread
4074	1	jump to beanstalk
4075	1	attach string to kite
4076	1	play tape
4077	1	get scraps
4078	1	learn taclor
4079	1	exex turtle
4080	1	drop pearl
4081	1	slide n
4082	1	x dust
4083	1	drop small key
4084	1	join golden rod to brown rod
4085	1	examine searchlight
4086	1	open tin
4087	1	enter door
4088	1	get candy and gold key
4089	1	put mat under door
4090	1	read research paper
4091	1	read dirty scroll
4092	1	give hairpin to mary
4093	1	get link
4094	1	plug in toaster
4095	1	examine bubble
4096	1	pour liquid on body
4097	1	climb on stage
4098	1	open trapdoor
4099	1	get oar
4100	1	climb down rope
4101	1	take lens
4102	1	get lockpick
4103	1	x note
4104	1	x coin
4105	1	shoot mushroom with crossbow
4106	1	take scrap
4107	1	set compass to hawk
4108	1	get mirror
4109	1	drop slip
4110	1	tear cloth
4111	1	take bean pole
4112	1	take syringe
4113	1	take zipper
4114	1	open tank
4115	1	get secateurs
4116	1	put six coins in overhead
4117	1	look in nest
4118	1	take all from basket
4119	1	drop candle
4120	2	robot, east and south
4121	1	insert beam in niches
4122	1	take bar
4123	1	take implementeers
4124	1	wave bean pole
4125	1	get pouch
4126	1	set slider to 31
4127	1	close canteen
4128	1	exit
4129	1	give candy to lizard
4130	1	read writing
4131	1	x district attorney
4132	1	gnusto tossio
4133	1	meef vines
4134	1	look in mouth
4135	1	x figure
4136	1	stand in long line
4137	1	ask her about rare books
4138	1	drop rug
4139	1	get alpha
4140	1	drop sticker
4141	1	get gum
4142	1	put probe in slab
4143	1	x coach
4144	1	take scrawled
4145	1	go to statue
4146	1	zemdor ale
4147	1	get sharp stone
4148	1	get canister
4149	1	insert interface in nutrimat
4150	1	give gram to meghan
4151	1	look at scene
4152	1	push moldy n
4153	1	eat red goo
4154	1	get scroll
4155	1	row east
4156	1	examine cups
