0	1	liskon self
1	1	put link in chalice
2	1	put invite in copier
3	1	look at list
4	1	take all but parchment
5	1	put medicine bottle in shaft
6	1	open window
7	1	gnusto zemdor
8	1	take 12
9	1	drop booklet
10	1	nw
11	1	drop lump
12	1	examine searchlight
13	1	take manual
14	1	put coins in fur sack
15	1	get coins
16	1	latitude is 25
17	1	drop coin
18	1	get poetry
19	1	eat green
20	1	get ladder
21	1	hole, e
22	1	put blue in glasses
23	1	drop trap
24	1	get air tank
25	1	put sphere on pentagram
26	1	put coal in furnace
27	1	read brochure
28	1	get portrait
29	1	eat stew
30	1	examine bandage
31	1	put decaf in pot
32	1	examine boulders
33	1	l in hatch
34	1	drop wet suit
35	1	press techno
36	1	smell
37	1	open net
38	1	drop pin
39	1	drop photo
40	1	open forge
41	1	feed birds
42	1	get trident
43	1	get bottle
44	1	get trowel
45	1	pour vodka in cola
46	1	listen to dial
47	1	show warranty
48	1	examine wight
49	1	examine bench
50	1	get wheel
51	1	stand on bench
52	1	get cutter
53	1	ask fairy godmother about horse
54	1	put gown on hook
55	1	take capsule
56	1	get pistol
57	1	examine crypt
58	1	drop bench
59	1	press brown button
60	1	push button 1
61	1	get rubies
62	1	put chasm cube in bottom left socket
63	1	drop notice
64	1	get improbability drive
65	1	follow mouse
66	1	examine huge bed
67	1	get battery
68	1	drop peridots
69	1	get slip of paper
70	1	put coffin in case
71	1	take bottle
72	1	examine lights
73	1	drop blanket
74	1	drop dusty brick
75	1	take door
76	1	put silver coin on left
77	1	hit box
78	1	close canteen
79	1	drop journal and key
80	1	put maiden on pack
81	1	close raincoat
82	1	get hook
83	1	drink liquid
84	1	drop lockpick
85	1	put ladder under trap
86	1	take 7
87	1	take hair dryer
88	1	give rag to skier
89	1	ask man about eranti
90	1	look inside tube
91	1	search valuables
92	1	kiss corpse
93	1	get mace
94	1	drink whiskey
95	1	get green
96	1	say -120 to garrulous
97	1	get eight of wands
98	1	drop pole
99	1	show violet to trent
100	1	gnusto crumpled
101	1	plug toaster into wall
102	1	read leaflet
103	1	look in bucket
104	1	look up edward in record
105	1	put new battery in torch
106	1	take cage
107	1	pour hot porridge in gigantic bowl
108	1	izyuk myself
109	1	get lamp and sword
110	1	get out of bunk
111	1	get balm
112	1	put towel over drain
113	1	move desk
114	1	follow ford
115	1	get collar
116	2	roustabout, get net
117	1	pulver river
118	1	get diamond cluster
119	1	put knife in zipper
120	1	look
121	1	ask gnome about page
122	1	nitfol frogs
123	1	feed dog sandwich
124	1	get coffer
125	1	cut rope with knife
126	1	put gear on post
127	1	say rat to picasso
128	1	examine tracks
129	1	insert oar in oarlock
130	1	pour liquid on body
131	1	open northern door
132	1	pour water in silver chalice
133	1	read moldy book
134	1	open royal-blue box
135	1	lie on bed
136	1	examine sundial
137	1	enter shack
138	1	take celery
139	1	drop fruit
140	1	put screwdriver in toolkit
141	1	give $56
142	1	put mace cube in top right socket
143	1	look behind painting
144	1	point sacrifice at board
145	1	smash cabinet
146	1	read business card
147	1	give eggs
148	1	roll statue se
149	1	enter right end of plank
150	1	put all in zipper except book
151	1	open shield
152	1	read gray scroll
153	1	gnusto shazok
154	1	drop flashlight
155	1	get figurine
156	1	enter handcar
157	1	examine hooks
158	1	examine it
159	1	take it
160	1	listen to conversation
161	1	get out of web
162	1	read subway
163	1	take hoard
164	1	press black
165	1	give form to barman
166	1	bandage arm with rags
167	1	open journal
168	1	read wall
169	1	put skull on statue
170	1	blorple 11
171	1	open book
172	1	drop umbrella
173	1	get frog
174	1	push railing
175	1	cut blue tassel
176	1	ask gnome for ball
177	1	give corn to bird
178	1	close door
179	2	robot, lift cage
180	1	open tube
181	1	fly kite
182	1	pour water on detective
183	1	open curtains
184	1	say to twin "the combination is 639"
185	1	read news in newspaper
186	1	drop toupee
187	1	put dust in vent
188	1	put brick in hole
189	1	examine stump
190	1	put satchel in front of panel
191	1	press white panel
192	1	drop multi
193	1	break branch
194	1	open toilet
195	1	examine screen
196	1	drop crown
197	1	clip monster
198	1	drop diamonds
199	2	ask wiggins to steal keys
200	1	get honey
201	1	put torch in case
202	1	insert indigo card in slot
203	1	get coal
204	1	order food
205	1	pinch me
206	1	shut panel
207	1	drop clock
208	1	drop historical
209	1	get passbook and room key
210	1	attach paper to teeth
211	1	sit on dragon
212	1	put vase in opening
213	1	ask sydney for hat
214	1	take ball
215	1	hit bung with mace
216	1	put all in toolkit
217	1	get earth crystal
218	1	dig earth
219	1	put packet in pan
220	1	get weeds with fork
221	1	learn gloth
222	1	drop magnet
223	1	examine television
224	1	drop silver
225	1	ask about evidence
226	1	show earth crystal to trent
227	1	search snow
228	1	say candle
229	1	move rug
230	1	examine electrodes
231	1	get pile
232	1	ask dragon about jewel
233	1	put bread in zipper
234	1	drop birdcage
235	1	look in pram
236	1	put blue sphere in sapphire stand
237	1	read sports in newspaper
238	1	move crank
239	1	get all cards
240	1	examine slot
241	1	buy electromagnet
242	1	drop cup
243	1	put silver sphere in pot
244	1	get pencil
245	1	read pale scroll
246	1	close valve
247	1	pull breaker
248	1	d
249	1	drop card
250	1	put dart on claw
251	1	look in pocket
252	1	give goggles to cheryl
253	1	knock on window
254	1	search seat
255	1	push chandelier
256	1	get embers
257	1	drop vase
258	1	push lever
259	1	put strength in right socket
260	1	put it on hand
261	1	drop pencil
262	0	g
263	1	get brick
264	1	strike rod of husbandry
265	1	take gnomon
266	1	put skink in cauldron
267	1	put canary in case
268	1	learn frotz
269	1	examine sheets
270	1	get envelope
271	1	look under stairs
272	1	give ring to butler
273	1	get berries
274	1	enter dish
275	1	krebf shredded scroll
276	1	examine compressor
277	1	get fork
278	1	open historical
279	1	get on couch
280	1	learn bekdab
281	1	drop telescope
282	1	pour water on plant
283	1	get firestone
284	1	give puzzle box to proprietor
285	1	show star crystal to trent
286	1	look in closet
287	1	insert blue card in slot
288	1	take marker
289	1	drink drink
290	1	get leaflet
291	1	drop perfume
292	1	look up trophy in history book
293	1	put coin in net
294	1	climb down
295	1	examine arthur
296	1	get cup
297	1	get pouch
298	1	get robe
299	1	put flour in pot
300	1	plant weed
301	1	give ticket to rimshaw
302	1	open tray
303	1	look under jukebox
304	1	put blanket on grue
305	1	port
306	1	get rod of sacrifice
307	1	get drawing paper
308	1	drop remote control
309	1	open wooden door
310	1	shoot rope with crossbow
311	1	say ptolemy
312	1	push boulder
313	1	show ribbon to chuckles
314	1	drive to trafalgar square
315	1	get scalpel
316	1	cover hole 3
317	1	get x12
318	1	get axe
319	1	drop kitchen card
320	1	get rusty knife
321	1	move carpet
322	1	push ball south
323	1	press channel
324	1	eat blue cake
325	1	gnoeval
326	1	drive to covent garden
327	1	examine bones
328	1	push button 3
329	1	drop jewelry
330	1	in
331	1	examine chair
332	1	get it
333	1	give note to mr crisp
334	1	read ledger
335	1	shoot thad
336	1	shake hands
337	1	get tea
338	1	give candy to lizard
339	1	get hand
340	1	examine cottage
341	1	remove tank
342	1	read slip of paper
343	1	malyon dragon
344	1	point it at goats
345	1	ask allarah about jewel
346	1	smash padlock with pickaxe
347	1	drop garlic
348	1	aimfiz belboz
349	1	kick second window
350	1	ne
351	1	ask for akbar
352	1	put bug in sack
353	1	drop yo-yo
354	1	open demijohn
355	1	press switch a
356	1	leave bed
357	1	set throttle to fast
358	1	scrape gum with card
359	1	get golden chalice
360	1	blorb adventurer
361	1	get accordion
362	1	put all on box
363	1	get chest
364	1	get diamonds
365	1	examine diagram
366	1	read ruby scratch with glass
367	1	examine white door
368	1	hold breath
369	1	eat tablet
370	1	search wreck
371	1	boo
372	1	put painting in case
373	1	examine card
374	1	hammer scraps
375	1	get stone
376	1	put gnomon in hole
377	1	look up mordecai in record
378	1	put coin in interest
379	1	pour wine in green goblet
380	1	look at ring
381	1	take bread
382	1	examine cauldron
383	1	drop drill
384	1	get staff
385	1	put printer on table
386	1	open box then get cube
387	1	hang it on hooks
388	1	pull mat
389	1	take moldy book
390	1	blow in tube
391	1	push demeter northwest
392	1	get bauble
393	1	play pool
394	1	north
395	1	drop padlock
396	1	open secret door
397	1	put red flag on speckled
398	1	eat it
399	1	look in overalls
400	1	take crumpled scroll
401	1	blorple 5
402	1	pick lock with sharp pick
403	1	row east
404	1	blorple 1
405	1	take dornberries
406	1	look up cholok in leshosh
407	1	look in hole
408	1	rub locket
409	1	get silver locket
410	1	put net on hole
411	1	take 1
412	1	hack terminal
413	1	look in tear
414	1	ask hermit about entrance
415	1	take lump
416	1	remove glasses
417	1	put brown rod in hole
418	1	join golden rod to green rod
419	1	open hatch with screwdriver
420	1	push table s
421	1	point at coconut
422	1	drop ring
423	1	left
424	1	open portrait
425	1	take dish
426	1	drop crumpled
427	1	order drink
428	1	put hand in liquid
429	1	examine door
430	1	press knob
431	1	get awl
432	1	push table n
433	1	get cage
434	1	insult vincent
435	1	put large plug in large receptacle
436	1	ask woman about ruby
437	1	get bone
438	1	close trapdoor
439	1	drop all bricks
440	1	get etching
441	1	examine book
442	1	open sack
443	1	northeast
444	1	get cloak
445	1	oracle, hello
446	1	examine radio
447	1	push poseidon northeast
448	1	examine volt meter
449	1	take lamp
450	2	ask wiggins to get garnet
451	1	rezrov gate
452	1	blorple 3
453	1	drop pearl
454	1	shoot pod with bazooka
455	1	get water
456	1	put pallet on boulder
457	1	get cheese
458	1	remove stethoscope
459	1	get guano, scroll and amber vial
460	1	close roof
461	1	buy flashlight and repellent
462	1	join red rod to silver rod
463	1	get towel
464	1	get novel
465	1	examine teachers
466	1	examine emerald
467	1	examine light
468	1	get c battery
469	1	follow pig
470	1	ask hacker about keys
471	1	read grave
472	1	push button 7
473	1	examine plant
474	1	put torch in hand
475	1	put whistle in pot
476	1	learn taclor
477	1	get gigantic bowl
478	1	drop knife
479	1	drop food
480	1	rock, sw
481	1	remove padlock
482	1	press white
483	1	take chest
484	1	get bear
485	1	get cloth
486	1	put sugar in pan
487	1	give pincer to marvin
488	1	examine winch
489	1	get safe
490	1	drop it
491	1	open tin
492	1	examine dish
493	1	give bread to old man
494	1	examine wardrobe
495	1	read sticker
496	1	put bag in case
497	1	put ledger in pot
498	1	look at ron
499	1	push knob
500	1	get out of forklift
501	1	open umbrella
502	1	frotz bottle
503	1	open cauldron
504	1	give pass to sleaze
505	1	dig in sand
506	1	drop shroud
507	1	give silver coin to oarsman
508	1	hole, w
509	1	light pipe with match
510	1	get map
511	1	get homing
512	1	call Maxx
513	1	push mountain
514	1	fill jug
515	1	set left dial to 7
516	1	put bracelet in case
517	1	get ace
518	1	take erbium
519	1	say minirva
520	1	get up
521	2	k9, shoot boulder
522	1	open crypt
523	1	read huge tome
524	1	take all except key, whip, stool
525	1	remove plug
526	1	drop teapot, rose, candy and gold key
527	1	pull cloth
528	1	push pet
529	1	open buoy
530	1	open matchbox
531	1	give pass to reunite
532	1	read lettering
533	1	lift grate
534	1	get featureless rod
535	1	put smoke rod in pot
536	1	search shelves
537	1	buy blue carpet
538	1	drink medicine
539	1	drop paper
540	1	n
541	1	close locket
542	1	put egg in pot
543	1	search bones
544	1	drink ochre potion
545	1	push coffin n
546	1	drop pack
547	1	drop stethoscope
548	1	drop mud
549	1	take foot
550	1	drop leaflet
551	1	drop green
552	1	get clothes
553	1	give safe to mark
554	1	drop scroll
555	1	take coal
556	1	put wire in slot
557	1	put on parka
558	1	put mirror 1 in caliper
559	1	ask bum about anna
560	1	open carton
561	1	read memo
562	1	drop jacket
563	1	put dagger in chest
564	1	break glass with hammer
565	1	gnusto gloth
566	1	drop container and assignment
567	1	press blue button
568	1	gnusto scroll
569	1	get all from demijohn
570	1	show egg to adventurer then east
571	1	get off carpet
572	1	examine symbols
573	1	offer 400
574	1	get zorkmid
575	1	put all in zipper
576	1	put stone in fire
577	1	put shiny in pot
578	1	drop meter
579	1	get particule
580	1	rub it with crayon
581	1	dig in tub
582	1	get out of bucket
583	1	open wrapper
584	1	take implementeers
585	1	show hand to urchin
586	1	examine crabs
587	1	put red powder in kettle
588	1	push dionysus southwest
589	1	remove hood
590	2	robot, north and press triangular button
591	1	get paper
592	1	read matchbook
593	1	learn jindak
594	1	drop canteen and shuttle card
595	1	gnusto liskon
596	1	give note to man
597	1	put eyes in body
598	1	take green sphere
599	1	put volcano in pot
600	1	take dino
601	1	get gas
602	1	cut rope with dagger
603	1	put epic poem in kappa
604	1	move lighted portrait
605	1	look for pig
606	1	download video
607	1	read features in newspaper
608	1	drop flint
609	1	meef vines
610	1	show brick to gnome
611	1	give hat to pelican
612	1	open pram
613	1	remove bit
614	1	get bread
615	1	melbor myself
616	1	put mat under door
617	1	take bag
618	1	bozbar horse
619	1	get bell
620	1	light coal
621	1	drop honey
622	1	open receptacle
623	1	open case
624	1	enter outflow pipe
625	1	push golden machine east
626	1	2
627	1	push piano east
628	1	get finch
629	1	get jar
630	1	give case to jenny
631	1	learn exex
632	1	get toaster
633	1	sit in medium-sized chair
634	1	examine walkie
635	1	get line
636	1	dehlila
637	1	give gram to jim
638	1	put chain on hook
639	1	exit
640	1	give gold locket to creature
641	1	look up 1420 in map
642	1	exodus
643	1	open pouch
644	1	get dumbells
645	1	enter waterfall
646	1	insert opal cluster in fourth hole
647	1	remove ring
648	1	give gloves to zombie
649	1	pour wax on floor
650	1	press gray button
651	1	open bin
652	1	put golden chalice in knapsack
653	1	i
654	1	ask george about gumball
655	1	frotz book
656	1	get arrow
657	1	put c battery in drill
658	1	get miniaturization card
659	1	examine children
660	1	get luck
661	1	examine washing machine
662	1	point it at me
663	1	put toner in slot
664	1	get soap
665	1	take cup
666	1	press south wall
667	1	get silver
668	1	play organ
669	1	learn fiznav
670	1	get pyramid
671	1	pour wine in blue goblet
672	1	get implement
673	1	gnusto swanzo spell
674	1	ask farmer about oyster
675	1	climb scarf
676	1	put black rod in hole
677	1	push yellow
678	1	put wheel on peg
679	1	put firework in toolkit
680	1	take bandage
681	1	erase line between b and r
682	1	get shuttle card
683	1	gloth dough
684	1	put silver in slot
685	1	douse candles
686	1	ask alan about novel
687	1	examine machine
688	1	open fridge
689	1	ask harry about eddie smaldone
690	1	get emerald
691	1	paper
692	1	get sketch
693	1	climb down rope
694	1	ask charles about chest
695	1	get blue paper
696	1	examine thin man
697	1	give tablets to trent
698	1	read letter to woman
699	1	get paint
700	1	drop letter
701	1	get beef
702	1	get bills
703	1	ask her about key
704	1	note tables
705	1	prick dummy
706	1	drop ladder
707	1	draw line from f to p
708	1	put grenade in cupboard
709	1	read muddy scroll
710	1	give ticket 5802 to barker
711	1	press buy
712	1	open raincoat
713	1	put carton in oven
714	1	hello
715	1	get indigo vial
716	1	drop cage
717	1	get bricks
718	1	gnusto fweep spell
719	1	give jewels to guard
720	1	fish
721	1	push bell
722	1	push painting
723	1	examine blossoms
724	1	look into relay
725	1	put control in top socket
726	1	push autopilot button
727	1	inflate pile
728	1	pull pin
729	1	search ash
730	1	get wrought iron key
731	1	dip torch in liquid
732	1	read paper
733	1	ask bly about problem
734	1	look up squirrel in leshosh
735	1	drop knapsack
736	1	drop dragon and paper
737	1	examine post
738	1	search refuse
739	1	climb can
740	1	drop passbook
741	1	say kaluze
742	1	drop key and brush
743	1	drop lantern
744	1	ask george about town
745	1	lock cabinet with key
746	1	remove third brick
747	1	pull shaft
748	1	drop wrench
749	1	dig ground
750	1	get amber
751	1	frotz burin
752	1	put sceptre in first socket
753	1	examine bookcase
754	1	say time
755	1	open front door
756	1	drop whistle
757	1	get pages
758	1	get spoon
759	1	get blueprint
760	1	set second wheel to 2
761	1	cast frotz on amulet
762	1	give pork to wolf
763	1	hit plaster with pickaxe
764	1	look at shape
765	1	gnusto luncho
766	1	press med
767	1	give pumpkin to fairy godmother
768	1	agganrw
769	1	take butter from pot
770	1	gnusto gaspar spell
771	1	show scrap to chuckles
772	1	knock on door
773	1	smash seal
774	1	put sceptre in second socket
775	1	examine ash
776	1	get pillow
777	1	get rod of returning
778	1	get string
779	1	take myrrh
780	1	drink beer
781	1	take dagger
782	1	smash case with broom
783	1	ask what gnome looking for
784	1	examine charles
785	1	get letter opener
786	1	pour water on powder
787	2	guards, drop rifles
788	1	take mouse
789	1	open toolshed
790	1	search shape
791	1	give gram to andrea
792	1	get all from drawer
793	1	drop trident
794	1	examine model
795	1	row west
796	1	examine rose
797	1	drop label
798	1	show blue to trent
799	1	examine bridge
800	1	examine ship
801	1	get ox
802	1	climb out of pipe
803	1	izyuk me
804	1	press bottom
805	1	hang bucket on third peg
806	1	drop biscuit, paper
807	2	knight, open flagstone
808	1	gnusto egdelp
809	1	get token
810	1	blow it
811	1	spray repellant on myself
812	1	put silver chalice on right disc
813	1	learn izyuk
814	1	cover hole 6
815	1	squeeze it
816	1	look in it
817	1	put fluff in bag
818	1	ask george about frank
819	1	set slider to 31
820	1	get steel key
821	1	put ladder under tree
822	1	take burin from zipper
823	1	search picture of cat
824	1	open washing machine
825	1	get emerald cluster
826	1	get out of bed
827	1	get bucket
828	1	close zipper
829	1	open matchbook
830	1	get sprig
831	1	get canister
832	1	howl arac
833	1	examine log
834	1	get watch
835	1	drop microphone
836	1	search machines
837	1	espnis idol
838	1	give card to alan
839	1	learn zifmia
840	1	stand on disc
841	1	3
842	1	insert new battery in laser
843	1	go through north wall
844	1	give rose to knight
845	1	get gem
846	1	open dumpster
847	1	erase line between m and v
848	1	close furnace
849	1	get on horse
850	1	remove jacket
851	1	attack thief with nasty knife
852	1	get sack
853	1	offer coin to delbin
854	1	drop pump
855	1	get mail
856	1	push filthy s
857	1	lower flag
858	1	get key, jewels and whistle
859	1	get ring
860	1	get indigo card
861	1	take kettle
862	1	read scrawled
863	1	get booklet
864	1	put ladder in well
865	1	point down
866	1	put packet in pot
867	1	drop dusty book
868	1	examine satellite
869	1	put hand on statue
870	1	give paper to professor
871	1	give gram to meghan
872	1	open cupboard
873	1	get blue sphere
874	1	drop all except bottle
875	1	put guano in cannon
876	1	open cabinet
877	1	insult joe
878	1	move rail with bar
879	1	get pliers
880	1	put it on yellowed paper
881	1	get pacquet, paper and crayon
882	1	hold rope
883	1	right
884	1	push moldy s
885	1	burn paper
886	1	ask george about bag
887	1	open filing cabinet
888	1	adjust aerial
889	1	attack crulley
890	1	put ring, book in sack
891	1	look in displaycase
892	1	drop dummy
893	1	put opal cluster in knapsack
894	1	enter window
895	1	push coffin w
896	1	drop shield
897	1	take briefcase
898	1	fweep me
899	1	note counter
900	1	put probe in slab
901	1	put cloth in water
902	1	remove shim
903	1	examine boats
904	1	put x10 in second
905	1	put pliers into thing
906	1	examine parchment
907	1	bekdab golem
908	1	drop banana
909	1	put steel key on keyring
910	1	put round stone into grating
911	1	put butter in pot
912	1	break ampoule
913	1	open blue bottle
914	1	take boots
915	1	point it at metal
916	1	drop volcano in water
917	1	pray
918	1	insert beam in niches
919	1	get wig
920	1	insert wishbringer in sculpture
921	1	put stick in pile
922	1	shout
923	1	show bar to tina
924	1	blizzard
925	1	insert yellow card in slot
926	1	dig rock with axe
927	1	put ebony in northern niche
928	1	put ball in machine
929	1	enter inflow pipe
930	1	open jewelry box
931	1	ask male about officer
932	1	drop stone
933	1	climb stand
934	1	ask male about work
935	1	get note
936	1	open copier
937	1	look in pit
938	1	search tray
939	1	examine carvings
940	1	read green
941	1	drop stick
942	1	put towel on valve
943	1	drop broom
944	1	open outer door
945	1	ask librarian for book
946	1	gondar dragon
947	1	put yellow powder in kettle
948	1	take card
949	1	examine mouth
950	1	start engines
951	1	push dispenser button
952	1	get violet card
953	1	take cushion
954	1	take balsa beam from northern niche
955	1	press 4
956	1	push pram south
957	1	get ticket
958	1	enter door
959	1	drop kit
960	1	put clear sphere in diamond stand
961	1	press blue
962	1	show note to chuckles
963	1	take coin from zipper
964	1	push pram east
965	1	get alpha
966	1	read sign
967	1	drop pigeon
968	1	get dead mouse
969	1	go through south wall
970	1	set compass to swallow
971	1	get gold leaf scroll
972	1	open pot
973	1	get nasty knife
974	1	exex turtle
975	1	cut line with dagger
976	1	say firefly to jim
977	1	take glasses
978	1	remove frock
979	1	take note and card
980	1	stand up
981	1	pull cord
982	1	get bag
983	1	take blue carpet
984	1	remove handcuffs
985	2	anoint me
986	1	put feather on left
987	1	get hammer
988	1	open toolkit
989	1	open oven
990	1	ask barman about job
991	1	get in floor
992	1	search thicket
993	1	get necklace
994	1	move handle
995	1	climb idol
996	1	drop pipe
997	1	get mirror 1
998	1	play accordion
999	1	push tree north
1000	1	make sushi
1001	1	dig in ground
1002	1	ask k9 about reactor
1003	1	examine magpie
1004	1	pray to kraxis
1005	1	read spotted scroll
1006	1	take bronze coin from left pan
1007	1	enter coffin
1008	1	take envelope
1009	1	close panel
1010	1	show can to pet
1011	1	examine plant pots
1012	1	put kettle on stove
1013	1	pour fluid in hole
1014	1	put ship in mounted bottle
1015	1	open slab
1016	1	put lye in coat
1017	1	blow whistle
1018	1	take binoculars
1019	1	drop tin
1020	1	push statue w
1021	1	get oil
1022	1	put cube in pot
1023	1	put opener in keyhole
1024	1	read plaque
1025	1	look under bed
1026	1	get dynamite
1027	1	search ruins
1028	1	pour liquid on torch
1029	1	bozbar tortoise
1030	1	ask delbin about ale
1031	1	press east wall
1032	1	examine tombs
1033	1	look in cabinet
1034	1	arrest bill
1035	1	drop fish
1036	1	put lens in spotlight
1037	1	cover opening with blanket
1038	1	go chandelier
1039	1	click on edit
1040	1	ask george about dehlila
1041	1	sharpen knife on rock
1042	1	put egg in case
1043	1	push table e
1044	1	learn fweep
1045	1	get milkbottle
1046	1	l in cabinet
1047	1	put egg in pan
1048	1	kulcad stairs
1049	1	ask pedlar about beans
1050	1	get moss
1051	1	take jar
1052	1	open white door
1053	1	open notebook
1054	1	learn izyuk spell
1055	2	mosaic, lagach
1056	1	get antimacassar
1057	1	put it in opening
1058	1	drop pyramid
1059	1	gnusto meef spell
1060	1	take limb
1061	1	get rock
1062	1	break door
1063	1	go to pig
1064	1	look up indanaz in leshosh
1065	1	look up croseus in album
1066	1	look in crack
1067	1	pour milk in cauldron
1068	1	rewind tape
1069	1	search painting
1070	1	search workbench
1071	1	draw line from b to j
1072	2	k9, shoot door
1073	1	get maiden
1074	1	close outer door
1075	1	click on more
1076	1	read spreadsheet
1077	1	buy c battery and putty
1078	1	jump lake
1079	1	put all in pocket
1080	1	put dynamite in toaster
1081	1	open torch
1082	1	put line in socket
1083	1	look under stove
1084	1	give celery to barb
1085	1	stand on charles
1086	1	press ignition
1087	1	gnusto bekdab
1088	1	focus slide lens
1089	1	buy bag
1090	1	put bladder in sack
1091	1	put it on tomb
1092	1	put amulet in slot
1093	1	get garlic
1094	1	kick south wall
1095	1	drop all but candle
1096	1	drop sticker
1097	1	pour cold porridge in gigantic bowl
1098	2	dungeon master, wait
1099	1	hit floor with axe
1100	1	put red rod in hole
1101	1	get fluff
1102	1	look at device
1103	1	fill bowl
1104	1	open floyd
1105	1	search waterfall
1106	1	show box to guard
1107	1	get hyrax
1108	1	candles
1109	1	put flathead on circle
1110	1	put it in bag
1111	1	get hat
1112	1	gnusto foblub
1113	1	put coin in zipper
1114	1	give teddy to woman
1115	1	meef weeds
1116	1	push can against wall
1117	1	rezrov cabinet
1118	1	give toy to sydney
1119	1	take hairpin
1120	1	give bone to poodle
1121	1	put white in unit
1122	1	examine fin
1123	1	record scene
1124	1	break wall
1125	1	echo
1126	1	get mine
1127	1	ask bly about monster
1128	1	remove first brick
1129	1	say oil
1130	1	feed turnip to daisy
1131	1	give magazine to madman
1132	1	read opal scratch with glass
1133	1	take newspaper
1134	1	drop screw
1135	1	search mess
1136	1	drop mousetrap
1137	1	put white in toolkit
1138	1	shut up
1139	1	set dial to 948
1140	1	look in safe
1141	1	get wand
1142	1	insert ruby cluster in second hole
1143	1	get pot
1144	1	drop dumbells
1145	1	pour coffee in drain
1146	1	drop gloves
1147	1	close link
1148	1	get matchbox
1149	1	give book to twin
1150	1	give box of chocolates to jemima
1151	1	get lye
1152	1	open handbag
1153	1	put figurine in case
1154	1	light match
1155	1	break bubble with axe
1156	1	save image
1157	1	press sequence stud
1158	1	put coin in slot
1159	1	put acorns in net
1160	1	get flowerpot
1161	1	close breaker
1162	1	open cover
1163	1	get orange card
1164	1	examine slipper
1165	1	get coat
1166	1	slide upper card through slot
1167	1	take gothic key
1168	1	push statue
1169	1	drop spices
1170	1	answer phone
1171	1	get timber
1172	1	search desk
1173	1	put splinter into crevice
1174	1	blow horn
1175	1	point it at rod of life
1176	1	attack dragon with sword
1177	1	drop cutter, flask and axe
1178	1	fly
1179	1	put string in brick
1180	1	drop mirror
1181	1	fire laser
1182	1	haggle with salesman
1183	1	examine pedestal
1184	1	pull quartz
1185	1	get candy and gold key
1186	1	read red scroll
1187	1	read journal
1188	1	push it south
1189	1	drop dagger
1190	1	put golden cluster in knapsack
1191	1	here kitty kitty
1192	1	ask delbin about minirva
1193	1	put amber in socket
1194	1	read ripped
1195	1	give pork to crocodile
1196	1	blorple 10
1197	1	gnusto swanko
1198	1	take berries from pot
1199	1	drop aqua vial
1200	1	light salt with bug
1201	1	put bit in cup
1202	1	close receptacle
1203	1	read warped
1204	1	go to statue
1205	1	examine memorial
1206	1	search guard
1207	1	take keys with pole
1208	1	put red sphere in ruby stand
1209	1	ask wolf about pigs
1210	1	open air supply system with tool
1211	1	smell it
1212	1	guard, hello
1213	1	lie in tiny little bed
1214	1	get ampoule
1215	1	take iron key
1216	1	examine porridge oats
1217	1	kill skink
1218	1	ask trent about elizabeth
1219	1	get food
1220	1	fill canteen
1221	1	drop bottle
1222	1	put jar in knapsack
1223	1	drop hoard
1224	1	read letter
1225	1	get shimmering scroll
1226	1	search top
1227	1	push second switch
1228	1	drive to pinchin lane
1229	1	get pickaxe
1230	1	put ticket in slot
1231	1	get heart from boat
1232	1	examine red statuette
1233	1	get net
1234	1	strike rod of luck
1235	1	show case to jenny
1236	1	hit creature with hook
1237	1	get sapphire
1238	1	learn blorple
1239	1	attach string to kite
1240	1	learn ledak
1241	1	get skull
1242	1	put gold in toolkit
1243	1	guncho krill
1244	1	put book in large recess
1245	1	read back of yellow paper
1246	1	push joystick east
1247	1	get figure
1248	1	take dusty brick
1249	1	drop all but brain
1250	1	read faded scroll
1251	1	shoot mushroom with crossbow
1252	1	ask alan about key
1253	1	answer "a well"
1254	1	put berries in pan
1255	1	drop robe in shaft
1256	1	push dionysus southeast
1257	1	examine stamps
1258	1	give shilling to wiggins
1259	1	light gas
1260	1	get bananas
1261	1	heat blue paper over candles
1262	1	ask marion about encyclopedia
1263	1	stand in long line
1264	1	set compass to crane
1265	1	put token in slot
1266	1	get grimoire from box
1267	1	clean podium
1268	1	drop pillow
1269	1	get puzzle box
1270	1	get pump
1271	1	push piano south
1272	1	get coke and carton
1273	1	press island
1274	1	remove cap
1275	1	give food to bear
1276	1	close reactor
1277	1	paint cue ball
1278	1	open telescope
1279	1	espnis thug
1280	1	examine garlic
1281	1	remove suit
1282	1	drop radio
1283	1	set fourth wheel to 9
1284	1	sit on large chair
1285	1	put astrolabe in mounting
1286	1	read white book
1287	1	close outer
1288	1	put green sphere in pot
1289	1	ask angela about affliction
1290	1	get brown paper
1291	1	drop candle
1292	1	give encyclopedia to marion
1293	1	take can
1294	1	drop bird
1295	1	free boy
1296	1	examine chasm
1297	1	cover trapdoor with bearskin rug
1298	1	look at paintings
1299	1	look up yetzuiz in fresto
1300	1	press north wall
1301	1	hear
1302	1	examine plate
1303	1	put all except book in zipper
1304	1	jump to roof
1305	1	take compass rose
1306	1	l
1307	1	lower basket
1308	1	get box and journal
1309	1	ask allarah about red
1310	1	put match in wax
1311	1	insert interface in nutrimat
1312	1	get lump
1313	1	put prize cube in top left socket
1314	1	drink potion
1315	1	learn blorb
1316	1	put toy in pot
1317	1	get sceptre
1318	1	dig
1319	1	extend ladder
1320	1	put ruby cluster in knapsack
1321	1	insert good bedistor in cube
1322	1	gnusto ozmoo spell
1323	1	put match in toolkit
1324	1	get rods from sack
1325	1	drop it and pliers
1326	1	get orange vial
1327	1	push pram e
1328	1	drop flippers
1329	1	caskly hut
1330	1	get plans
1331	1	examine meteor
1332	1	drop plug
1333	1	strike rod of ice
1334	1	examine axe
1335	1	open box with tool
1336	1	cook pork chops
1337	1	open furnace
1338	1	get scarab
1339	1	examine dynamite
1340	1	show green to trent
1341	1	remove hat
1342	1	put scalpel in toolkit
1343	1	drop bees
1344	1	ask belboz about cube
1345	1	ask technician about security gates
1346	1	read sapphire scratch with glass
1347	1	read notice
1348	1	show card to librarian
1349	1	press 0
1350	1	lower short pole
1351	1	put key on keyring
1352	1	get vellum scroll
1353	1	open outer
1354	2	ask wolf to blow turbine
1355	1	take gold key
1356	1	show red to trent
1357	1	cast girgol
1358	1	slide o
1359	1	put eight on pack
1360	1	give cereal to hermit
1361	1	get acorns
1362	1	read book
1363	1	drop tea
1364	1	look at little window
1365	1	show $500
1366	1	show keys to michael
1367	1	drop lamp
1368	1	get secateurs
1369	1	put pass in slot
1370	1	take 3
1371	1	learn throck
1372	1	take circuit
1373	1	look under table
1374	1	drop flat key
1375	1	foblub man
1376	1	raise basket
1377	1	pull railing
1378	1	get vial, calendar and matchbook
1379	1	put fig in urn
1380	1	get red statuette
1381	1	get chain
1382	1	take fragment from zipper
1383	1	drop book
1384	1	take club
1385	1	pull third peg
1386	1	dig plot with shovel
1387	1	give lens to norbert
1388	1	swing rope
1389	1	drop bucket
1390	1	pour liquid on slime
1391	1	read stained scroll
1392	1	frotz candle
1393	1	examine tiny metal
1394	1	put entrails in body
1395	1	drop cracked
1396	1	hit crulley with coffer
1397	2	dragon, give ring to me
1398	1	take chelsea
1399	1	note it
1400	1	get mug
1401	1	insert emerald cluster in third hole
1402	1	examine blue statuette
1403	1	light flashlight
1404	1	launch
1405	1	look up index in history book
1406	1	press down
1407	1	empty zipper into sack
1408	1	buy candy from hawker
1409	1	open coffer
1410	1	get gear
1411	1	remove watch
1412	1	put pebble on second disk
1413	1	set thermostat to warm
1414	1	open manhole with crowbar
1415	1	put all in thing
1416	1	get rods from coffin
1417	1	fill hat with water
1418	1	hear the dark
1419	1	feed apple to horse
1420	1	put brown sphere in pot
1421	1	huncho me
1422	1	remove old battery
1423	1	ask female about male
1424	1	bark
1425	1	press start
1426	1	surf the net
1427	1	put compass rose in carving
1428	1	shazok storm
1429	1	get brass key
1430	1	examine coffin
1431	1	put cube in cauldron
1432	1	idiot
1433	1	examine cups
1434	1	drop rug
1435	1	get drill
1436	1	hit dragon with sword
1437	2	mural, lagach
1438	1	go ledge
1439	1	read label
1440	1	drop candles
1441	1	swordfish
1442	1	take beam from southern niche
1443	1	e
1444	1	read culture
1445	1	get gloves
1446	1	read flimsy scroll
1447	1	open clam with trident
1448	1	fill tank
1449	1	gnusto zifmia spell
1450	1	drop match
1451	1	take all from pot
1452	1	squeeze flower
1453	1	point it at lemniscus
1454	1	gnusto throck
1455	1	rub bug
1456	1	drop red hat
1457	1	push red button
1458	1	press information
1459	1	lie down in front of bulldozer
1460	1	examine packet
1461	1	search foundation
1462	1	read dirty scroll
1463	1	get mask
1464	1	get ruby cluster
1465	1	put red sphere in pot
1466	1	get lamp, glass and ampoule
1467	1	seat
1468	1	open car
1469	1	grab rope
1470	1	get orb
1471	1	put black in slot
1472	1	melt head with torch
1473	1	get pack
1474	1	get short poem
1475	1	put gold in plate
1476	1	show mouse to elephant
1477	1	get kit
1478	1	put silver chalice in knapsack
1479	1	put red flag on spotted
1480	1	take dummy
1481	1	get mousetrap
1482	1	open grating
1483	1	look at queenie
1484	1	put book in cabinet
1485	1	remove goggles
1486	1	read waxy scroll
1487	1	cut blue wire
1488	1	ask male about female
1489	1	push pine panel
1490	1	get bench
1491	1	read warning note
1492	1	save mp4
1493	1	insert red card in slot
1494	1	learn meef, meef and swanzo
1495	1	fold paper
1496	1	pull leaves
1497	1	search boots
1498	1	drop matchbook
1499	1	drop screwdriver
1500	1	open lid
1501	1	put stone in opening
1502	1	slide a
1503	1	put gram in basket
1504	1	get out of long line
1505	1	enter white door
1506	1	enter cab
1507	1	light lantern
1508	1	raise short pole
1509	1	put canteen in knapsack
1510	1	frotz me
1511	1	get smelly scroll
1512	1	take light
1513	1	lower ladder
1514	1	enter
1515	1	fix bucket with acorn
1516	1	drop finch
1517	1	smash window with coffer
1518	1	move moose
1519	1	cut line with axe
1520	1	examine fireplace
1521	1	get teleportation card and battery
1522	1	give key to alan
1523	1	open crate with poker
1524	1	satchel
1525	1	put stick in hole
1526	1	get piece
1527	1	enter car
1528	1	push wand
1529	1	show crossbow to dragon
1530	1	drop grater
1531	1	put rods in coffin
1532	1	put battery in panel
1533	1	jacket
1534	1	examine lever
1535	1	put rods in socket
1536	1	show amulet to michael
1537	1	open flask
1538	1	give fish to grue
1539	1	read writings
1540	1	climb ladder
1541	1	rezrov door
1542	1	take dirty scroll
1543	1	drop can
1544	1	drop ox
1545	1	take lantern
1546	1	caskly chewed scroll
1547	1	ask him about nelson
1548	1	kill thief with nasty knife
1549	1	sit on green rock
1550	1	light firewood with match
1551	1	put card in slot
1552	1	read torn
1553	1	put flask under spout
1554	1	get satchel
1555	1	get cube
1556	1	drop fork
1557	1	drop chair
1558	1	drop hammer
1559	1	ask gnome about prinout
1560	1	get bearskin rug
1561	1	show spreadsheet
1562	1	get matches
1563	1	close cold box
1564	1	open william coffin
1565	1	get spar
1566	1	press emergency button
1567	1	put scraps on anvil
1568	1	drop hair dryer
1569	1	put worm in fountain
1570	1	drop shim
1571	1	light torch with newspaper
1572	1	point east
1573	1	lleps urbzig
1574	1	get stained scroll
1575	1	put bar in case
1576	1	learn lesoch
1577	1	lock door with key
1578	1	drop all cubes
1579	1	put coin in jukebox
1580	1	drop head
1581	1	southwest
1582	1	download image
1583	1	cut jacket with glass
1584	1	burn speck
1585	1	grab case
1586	1	examine fawkes
1587	1	inhale helium
1588	1	eat gigantic quantity of just-right porridge
1589	1	open dresser
1590	1	southeast
1591	1	examine cylinder
1592	1	put star crystal in dagger
1593	1	get garter
1594	1	take off dress
1595	1	drop net
1596	1	put moss in nest
1597	1	press up button
1598	1	set right dial to 4
1599	1	take kitten
1600	1	take headdress
1601	1	east
1602	1	jam branch under plate
1603	1	rub lamp
1604	1	examine toaster
1605	1	jump
1606	1	put arrow in crossbow
1607	1	get long steel key
1608	1	give magazine to doc
1609	1	get white
1610	1	push left button
1611	1	sit in large chair
1612	1	put homing in hatch
1613	1	drop chain
1614	1	get silver chalice
1615	1	close access panel
1616	1	insert violet card in slot
1617	1	read cracked
1618	1	examine icicles
1619	1	get all from table
1620	1	get in basket
1621	1	look up partaim in fresto
1622	1	remove junk with forklift
1623	1	no
1624	1	open towel
1625	1	click designers_manual
1626	1	get knapsack
1627	1	take crumpled
1628	1	get bees
1629	1	look in box
1630	1	fill bottle
1631	1	blorple 8
1632	1	cast lesoch
1633	1	ask allarah about white
1634	1	learn egdelp
1635	1	kick thug
1636	1	close cabinet
1637	1	get flippers
1638	1	put emerald cluster in knapsack
1639	1	look at mural
1640	1	blorple 4
1641	1	get bird
1642	1	open chest
1643	1	eddie, hello
1644	1	help midget
1645	1	catch it
1646	1	open tarot box
1647	1	examine skeleton
1648	1	take hammer
1649	1	drop first brick
1650	1	put bladder in geyser
1651	1	jump onto riser
1652	1	put pot in case
1653	1	read card
1654	1	examine hive
1655	1	drive to whitehall
1656	1	get canteen
1657	1	give coin to gnome
1658	1	search table
1659	1	take jug
1660	1	get glass
1661	1	take gun
1662	1	examine coin
1663	1	examine mousetrap
1664	1	probe contacts
1665	1	drop branch
1666	1	hide under bones
1667	1	drop firework
1668	1	point at vodka
1669	1	drop nasty knife
1670	1	enter stall
1671	1	read page
1672	1	remove opener and drop it
1673	1	get screwdriver
1674	1	se
1675	1	show it to holmes
1676	1	open safe
1677	1	get amulet
1678	1	buy drink
1679	1	take book
1680	1	drop all but pincer
1681	1	push coffin s
1682	1	drop pickaxe
1683	1	take napkin
1684	1	take clover
1685	1	examine watch
1686	1	rub oil on mirror 1
1687	1	drop balsa wood beam
1688	1	look at scene
1689	1	drop all except bread
1690	1	pry sixth rib with sword
1691	1	show torch to gnome
1692	1	set dial to 776
1693	1	insert shiny board in panel
1694	1	examine body
1695	1	hit icicle with umbrella
1696	1	give it to girl
1697	1	push demeter southwest
1698	1	aragon
1699	1	take emerald
1700	1	climb pillar
1701	1	roll statue ne
1702	1	examine floor
1703	1	inventory
1704	1	climb on table
1705	1	drill safe with drill
1706	1	put skink in pocket
1707	1	shake branch
1708	1	take cereal
1709	1	put lemming in cage
1710	1	roll statue sw
1711	1	ask mary for ladder
1712	1	look behind tapestry
1713	1	put paper in pocket
1714	1	read booklet
1715	1	ask bum about brother
1716	1	swanko spirit
1717	1	read missive
1718	1	get in web
1719	1	shake lamp
1720	1	drop stool and bucket
1721	1	drink coke
1722	1	push purple
1723	1	put branch under boulder
1724	1	drop all
1725	1	push play
1726	1	remove brick with crowbar
1727	1	search stand
1728	1	stop
1729	1	put coin in pocket
1730	1	frotz temple
1731	1	get broom
1732	1	enter pub
1733	1	climb tree
1734	1	put emerald in green boot
1735	1	lower grate
1736	1	set first wheel to 9
1737	1	put collar on dog
1738	1	examine pigeons
1739	1	open chest with needle
1740	1	fore
1741	1	eat fruit
1742	1	get jewellery box
1743	1	put scraps in forge
1744	1	put celery in purse
1745	1	get wishbringer
1746	1	take black rod
1747	1	put thumb in hole
1748	1	drop magazine
1749	1	dig sand
1750	1	put ebony in eastern niche
1751	1	read list
1752	1	get tobacco,knife,pipe
1753	1	get pizza box
1754	1	look in zipper
1755	1	eat bread
1756	1	show pole to gnome
1757	1	slide t
1758	1	take coconut
1759	1	hit comb
1760	1	press project status stud
1761	1	put oil on hatch
1762	2	mouse, west
1763	1	look at statue through telescope
1764	1	foblub yupple
1765	1	set fifth wheel to 3
1766	1	open office door
1767	1	climb piano
1768	1	hole, s
1769	1	push dusty s
1770	1	examine computer
1771	1	point wand at menhir
1772	1	drive to buckingham palace
1773	1	look at bookshelf
1774	1	get tray
1775	1	frotz lantern
1776	1	put mail on satchel
1777	1	put gum in cauldron
1778	1	open panel
1779	1	climb rope
1780	1	offer 300
1781	1	give form to female
1782	1	take flour
1783	1	start it
1784	1	close pizza box
1785	1	put gold coin on right
1786	1	put icicle on lump
1787	1	search grate
1788	1	climb down chimney
1789	1	stand in line
1790	1	get pillar
1791	1	examine dial
1792	1	press lever
1793	1	get teddy
1794	1	cut green with scalpel
1795	1	point it at thorns
1796	1	ask belboz about figure
1797	1	ask gnome about fire
1798	1	buy box
1799	1	read newspaper
1800	1	remove gas mask
1801	1	open drawer
1802	1	get teapot, mat, letter opener, matchbook and paper
1803	1	pour water on net
1804	1	longitude is 25
1805	1	take clock
1806	1	put headdress in pot
1807	1	take cola
1808	1	drop pan
1809	1	clean dirty floor with moss
1810	1	push locker east
1811	1	get dagger
1812	1	get dragon and paper
1813	1	push statue n
1814	1	put spell book in zipper
1815	1	put it in hole
1816	1	smell dirty floor
1817	1	put bronze on left
1818	1	light newspaper with pipe
1819	1	ask gnome about color magnet
1820	1	light candle
1821	1	take list
1822	1	get bar
1823	1	search furniture
1824	1	ring bell
1825	1	get memo
1826	1	ask k9 about cybermen
1827	1	get topaz
1828	1	get stick
1829	1	examine switch b
1830	1	examine toadstools
1831	1	look under seat
1832	1	open can
1833	1	open access panel
1834	1	read frayed scroll
1835	1	examine shiny scroll
1836	1	close circuit breaker
1837	1	read blackened
1838	1	open blue box
1839	1	ask fairy godmother about cinderella
1840	1	strike it
1841	1	shake safe
1842	1	drop gigantic bowl
1843	1	open slot
1844	1	open washing machine with poker
1845	1	give gram to ed
1846	1	get husbandry
1847	1	drop cork
1848	1	push yellow button
1849	1	shoot prey
1850	1	light torch with fire
1851	1	put trident in case
1852	1	cock crossbow
1853	1	drop plotter
1854	1	examine boy
1855	1	golmac me
1856	1	clap
1857	1	examine silver coin
1858	1	put card in pocket
1859	1	get poe
1860	1	give gold key, portrait and bills to demon
1861	1	read vellum scroll
1862	1	read dusty scroll
1863	1	look at woods
1864	1	say boo
1865	1	get blue
1866	1	put flag on bed
1867	1	get meter
1868	1	put balloon on pentagon
1869	1	get mud
1870	1	load it
1871	1	read old book
1872	1	learn tinsot
1873	1	get red, blue and green cake
1874	1	chop ice with axe
1875	1	catch mouse with bucket
1876	1	rock, s
1877	1	open bag
1878	1	get relay
1879	1	get blanket
1880	1	put raisins on celery
1881	1	take bar
1882	1	get fan
1883	1	take gores
1884	1	look at controls
1885	1	read faded
1886	1	drop all except radio
1887	1	take bird
1888	1	search fountain
1889	1	carve my name on the memorial
1890	1	get microphone
1891	1	gnusto caskly
1892	1	put x1 in first
1893	1	drop bowl
1894	1	play tape
1895	1	malyon idol
1896	1	ask fairy godmother about dress
1897	1	drop bible
1898	1	spread peanut butter on frank
1899	1	drop axe
1900	1	take grenade
1901	1	look in cauldron
1902	1	get off chair
1903	1	drop sack
1904	1	ride bird
1905	1	drop it and kit
1906	1	show ring to michael
1907	1	drop fifth brick
1908	1	get teapot
1909	1	get new battery
1910	1	get kappa
1911	1	get oil can
1912	1	get pork chops
1913	1	rub flower
1914	1	light it
1915	1	enjoy poetry
1916	1	get popcorn
1917	1	shoot video
1918	1	remove brick
1919	1	set radio to 1170
1920	1	take knife
1921	1	put beam under lintel
1922	1	examine barrels
1923	1	put 10 in box
1924	1	put piece in locket
1925	1	blast
1926	1	press switch b
1927	1	get treatise
1928	1	put jar in purse
1929	1	take 9
1930	1	remove new brick with crowbar
1931	1	learn lleps
1932	1	push boulders
1933	1	light torch
1934	1	stand on beam
1935	1	open closet
1936	1	examine dusty book
1937	1	drop mine
1938	1	listen
1939	1	say yello
1940	1	ask him about librarian
1941	1	give cola to guard
1942	1	close drawer
1943	1	eat bar
1944	1	get shovel
1945	1	get boots
1946	1	jump out window
1947	1	build glider
1948	1	read crumpled scroll
1949	0	again
1950	1	look through astrolabe
1951	1	examine key
1952	1	take 10
1953	1	push switch
1954	1	move cover
1955	1	get buoy
1956	1	go panel
1957	1	search straw
1958	1	open briefcase
1959	1	drop carton
1960	1	examine dog
1961	1	ask barkeep about thad
1962	1	slide miniaturization card through slot
1963	1	push green button
1964	1	get tin
1965	1	drop rubies
1966	1	shoot window
1967	1	examine mesa
1968	1	learn yomin
1969	1	snavig grue
1970	1	take dusty scroll
1971	1	gnusto malyon spell
1972	1	break bottle
1973	1	slide c
1974	1	give bell
1975	1	drop zm$100000
1976	1	drop green rod
1977	1	get crow
1978	1	put it in receptacle
1979	1	spray thug
1980	1	slide n
1981	1	learn nitfol
1982	1	point machine at tree
1983	1	get spindle
1984	1	ask pedlar about suitcase
1985	1	look in mouth
1986	1	aft
1987	1	examine bubble
1988	1	knock on door 11
1989	1	ledak painting
1990	1	examine tree
1991	1	get link
1992	1	go stump
1993	1	put coal in machine
1994	1	take green rod
1995	1	drop gores
1996	1	exit scimitar
1997	1	cut cable
1998	1	put ashes on coin
1999	1	look out window
2000	1	search pocket
2001	1	lie in bed
2002	1	get stethoscope
2003	1	4
2004	1	pull branch
2005	1	examine safe
2006	1	open west door
2007	1	play syrinx
2008	1	light candle with fire
2009	1	get locket
2010	1	drop all but pager
2011	1	give paper to gnome
2012	1	take lemming
2013	1	get paddle
2014	1	pull hose
2015	1	take needle
2016	1	go north
2017	1	get paintbrush
2018	1	lean ladder against fence
2019	1	put silver coin in pocket
2020	1	press green button
2021	1	get spectacles
2022	1	gnusto melbor spell
2023	1	get printer
2024	1	plover
2025	1	hole, n
2026	1	kill eranti
2027	1	pour water on beanstalk
2028	1	get canary
2029	1	examine urchin
2030	1	put lye on moss
2031	1	lock it with padlock
2032	1	drop small key
2033	1	open gate
2034	1	climb on stage
2035	1	put beam across doorway
2036	1	take beam from eastern niche
2037	1	search gnome
2038	1	burn string
2039	1	push west wall
2040	1	get blue card
2041	1	give headdress to shaman
2042	1	give mouse to fairy godmother
2043	1	examine sapphire
2044	1	put it in niche
2045	1	take burin
2046	1	dive in ocean
2047	1	take bread from zipper
2048	1	shake pack
2049	1	point rod of returning at me
2050	1	put bauble in case
2051	1	get file
2052	1	put bazooka on claw
2053	1	burn rope with candle
2054	1	enter shower
2055	1	search garbage
2056	1	blorple 7
2057	1	read hieroglyphs
2058	1	open secret panel
2059	1	put gum on ass
2060	1	take fuse
2061	1	go under wall
2062	1	get torch
2063	1	frotz coin
2064	1	push south wall
2065	1	rezrov box
2066	1	open lab uniform
2067	1	open wallet
2068	1	look under cushion
2069	1	get suit
2070	1	read history book
2071	1	drop nugget
2072	1	give match to man
2073	1	open jeep
2074	1	put golden chalice on left disc
2075	1	open fur sack
2076	1	drop bar
2077	1	break padlock with hook
2078	1	kill figure with sword
2079	1	close jar
2080	1	close it
2081	1	slide l
2082	1	drop spade
2083	1	pour water on coin
2084	1	put crystal in space
2085	1	push button 9
2086	1	light candles with match
2087	1	get spices
2088	1	read envelope
2089	1	dig ground with axe
2090	1	take ladder
2091	1	look in crypt
2092	1	push button enter
2093	1	hide ring under seat
2094	1	push ball southwest
2095	1	take brown rod
2096	1	eat green goo
2097	1	show keepsake to knight
2098	1	drop crayon and pacquet
2099	1	oil handcar with can
2100	1	open container
2101	1	put house on triangle
2102	1	mix pan
2103	1	jump to beanstalk
2104	1	press green
2105	1	drop coconut
2106	1	get all from cabinet
2107	1	oozelumny
2108	1	examine switch a
2109	1	open box
2110	1	get all from basket
2111	1	point at cola
2112	1	get out of cot
2113	1	set constellations to horse
2114	1	read scriptures
2115	1	cross river
2116	1	open door with crowbar
2117	1	open jar
2118	1	look up heinrich in record
2119	1	drop amulet
2120	1	take ash tray
2121	1	press down button
2122	1	push rock
2123	1	get kitchen card and upper card
2124	1	get box
2125	1	city
2126	1	get black
2127	1	gnusto fiznav
2128	1	push moldy n
2129	1	reach into pool
2130	1	take leaf
2131	1	put gold in unit
2132	1	gnusto tossio
2133	1	give gram to danielle
2134	1	take cube
2135	1	put honey in cauldron
2136	1	put laudanum in blue goblet
2137	1	strike rod of fire
2138	1	drop bladder
2139	1	show ledger to magistrate
2140	1	examine ring
2141	1	put trophy in depression
2142	1	dress
2143	1	open mailbox
2144	1	drop knife and crowbar
2145	1	pull weed
2146	1	get test
2147	1	get ruby
2148	1	get wrench
2149	1	beetlebaum
2150	1	get wine
2151	1	get crown
2152	1	copy flimsy scroll to vellum scroll
2153	1	get bracelet
2154	1	look at shadow
2155	1	drop anchor
2156	1	pull chain
2157	1	buy beer
2158	1	put red in glasses
2159	1	look up elijah inrecord
2160	1	put ebony in southern niche
2161	1	drop pager
2162	1	put gold in slot
2163	2	k9, follow me
2164	1	drop wig
2165	1	drop wine
2166	1	open pizza box
2167	1	get can
2168	1	move block
2169	2	demon, give me wand
2170	1	drop box
2171	1	examine goblin
2172	1	show envelope to johnny
2173	1	slide ticket under front
2174	1	take ledger
2175	1	sit on chair
2176	1	look up ternalim in fresto
2177	1	take no tea
2178	1	take blue
2179	1	close plate
2180	1	look at window pane
2181	1	get bazooka
2182	1	open cage
2183	1	pull knob
2184	1	get out
2185	1	enter square
2186	1	ask for mycroft holmes
2187	1	examine tomb
2188	1	put branch in pit
2189	1	get opal cluster
2190	1	drop package
2191	1	put it in coffin
2192	1	note sink
2193	1	south
2194	1	push wireless north
2195	1	get vase
2196	1	open throttle
2197	1	search window
2198	1	get rod of fire
2199	1	launch command
2200	1	put knife in purse
2201	1	cut branch with knife
2202	1	examine splinter
2203	1	search ice
2204	1	enter dory
2205	1	ask marion about nelson
2206	1	show brick to pig
2207	1	drop drive
2208	1	open metal cover
2209	1	put embers in coat
2210	1	examine spade
2211	1	look up eustacia in album
2212	1	get tweezers
2213	1	ask gnome about statue
2214	1	light lamp
2215	1	open door
2216	1	drop splinter
2217	1	get firework
2218	1	push red
2219	1	take flour from pot
2220	1	take balloon
2221	1	dive
2222	1	gnusto krebf spell
2223	1	gnusto exex spell
2224	1	get magazine
2225	1	put brass key on keyring
2226	1	open lab door
2227	1	get dragon
2228	1	put crossbow in sack
2229	1	press red button
2230	1	drop parchment
2231	1	get chisel
2232	1	drop third brick
2233	1	say wheel
2234	1	open tapestry
2235	1	drop rope
2236	1	norbert
2237	1	examine statue
2238	1	look up kebarn in leshosh
2239	1	stand in short line
2240	1	insert cube in opening
2241	1	get brown
2242	1	fill milkbottle with pondwater
2243	1	put short poem in alpha
2244	1	pick cuffs with needle
2245	1	put bomb in sewer
2246	1	give hairpin to mary
2247	1	take note
2248	1	take all from basket
2249	1	empty pot
2250	1	look at frank
2251	1	put all in crate
2252	1	get flute
2253	1	get epic poem
2254	1	give torch to gnome
2255	1	get lens
2256	1	open piano
2257	1	give ekmek to andromeda
2258	1	get green card
2259	1	examine tide
2260	1	examine lump
2261	1	learn malyon
2262	1	get 3
2263	2	dragon, open door
2264	1	drop keys
2265	1	taclor kobold
2266	1	hide envelope under bunk
2267	1	take egg
2268	1	put tobacco in pipe
2269	1	kill dragon
2270	1	drop spoon
2271	1	read damp scroll
2272	1	get fig
2273	1	put towel on your head
2274	1	show file to district attorney
2275	1	blow dust
2276	1	gnusto shiny scroll
2277	1	drop bag
2278	1	get opal
2279	1	lie down
2280	1	plant bean in vegetable plot
2281	1	examine coconuts
2282	1	learn girgol
2283	1	learn feeyuk
2284	1	stand on chair
2285	1	take all but pram
2286	1	get eggs
2287	1	take axe
2288	1	take crunchy cereal
2289	1	take gold box
2290	1	open package
2291	1	odysseus
2292	1	bite banana
2293	1	enter cloud
2294	1	ozmoo myself
2295	1	eat food
2296	1	drop beer can
2297	1	open it
2298	1	record
2299	1	examine map
2300	1	examine switch
2301	1	put tree on square
2302	1	anoppe
2303	1	examine lemming
2304	1	look in cannon
2305	1	fill teapot
2306	1	put box in zipper
2307	1	break windows
2308	1	look under sofa
2309	1	hit dog
2310	1	learn bozbar
2311	1	put rope in unit
2312	1	cut clingfilm with knife
2313	1	drop cloth
2314	1	mount horse
2315	1	look under loudspeaker
2316	1	pull anchor
2317	1	liskon snake
2318	1	put sprig in cauldron
2319	1	get clear sphere
2320	1	open vial
2321	1	put pack on gum
2322	1	drop shawm
2323	1	put dornberries in pot
2324	1	put sack in tesseract
2325	1	learn snavig
2326	1	look in fissure
2327	1	put torch in golden chalice
2328	1	hold bar over crevice
2329	1	note stools
2330	1	take crowbar
2331	1	get rusty key
2332	1	play flute
2333	1	put ladder across rift
2334	1	get in bucket
2335	1	ask doc about syringe
2336	1	sit on carpet
2337	1	close slot
2338	1	get worm
2339	1	ask k9 about sequence
2340	1	take ash
2341	1	get needle
2342	1	put bottle in zipper
2343	1	land
2344	1	put mukhtar on table
2345	1	take amethysts
2346	1	put heart in statue
2347	1	play arcade
2348	1	give brain to timelord
2349	1	take a picture
2350	1	get device
2351	1	get out of cask
2352	1	raise beam
2353	1	examine snooker table
2354	1	move wardrobe
2355	1	get daisy
2356	1	reach in zipper
2357	1	put chalice in case
2358	1	take log
2359	1	put it in hat
2360	1	get toolkit
2361	1	examine stars
2362	1	give copy to male
2363	1	open trap door
2364	1	fie
2365	1	close cage
2366	1	drive to the embankment
2367	1	ask dragon about red
2368	1	drop room key
2369	1	reach in chopper
2370	1	click ftp
2371	1	take handkerchief
2372	1	blow shawm
2373	1	examine refuse
2374	1	look in fountain
2375	1	set third wheel to 8
2376	1	break frame
2377	1	ask man about hammer
2378	1	take match
2379	1	read crypt
2380	1	slide e
2381	1	put it on henry's tomb
2382	1	put rag in pot
2383	1	put coin in loans
2384	1	drive to the monument
2385	1	northwest
2386	1	look in rowboat
2387	1	look in telescope
2388	1	examine headphones
2389	1	take flat key
2390	1	get laser
2391	1	pull torch
2392	1	remove gloves
2393	1	remove mask
2394	1	liskon me
2395	1	look under bunk
2396	1	learn tossio
2397	1	get pots
2398	1	read notes
2399	1	greet gnome
2400	1	get fish
2401	1	get skis
2402	1	push blue
2403	1	close matchbook
2404	1	get flag
2405	1	ask officer about convention
2406	1	open catch
2407	1	drop walkie
2408	1	ask proprietor about amulet
2409	1	blorple x10
2410	1	enter access panel
2411	1	read killing
2412	1	insert orange card in slot
2413	1	push green
2414	1	get lamp
2415	1	close tray
2416	1	get magic porridge pot
2417	1	drop mask
2418	1	put small plug in plotter
2419	1	get gumball
2420	1	squeeze weed killer bottle
2421	1	get parcel from cupboard
2422	1	read scroll
2423	1	learn espnis
2424	1	pull lever
2425	1	ask dragon about trinket
2426	1	point it at knight
2427	1	ask dragon about black
2428	1	get interface
2429	1	put all into thing
2430	1	put red cake in pool
2431	1	examine moss
2432	1	caskly moldy book
2433	1	pull second peg
2434	1	aim bazooka at pod
2435	1	read note
2436	1	plug in television
2437	1	take gray rod
2438	1	s
2439	1	get nugget
2440	1	enter roller
2441	1	take decaf from pot
2442	1	get red card
2443	1	rent compressor
2444	1	give cola to britney
2445	1	open shark repellent
2446	1	google it
2447	1	read tag
2448	1	shake pan
2449	1	ask spirit for name
2450	1	take 4
2451	1	point to coconut
2452	1	look up william on nameplate
2453	1	examine pockets
2454	1	drop radio and pole
2455	1	drop flask
2456	1	get wallet
2457	1	give thumb to robot
2458	1	get amulet and scroll
2459	1	examine air tank
2460	1	examine output
2461	1	give envelope to woman
2462	1	starboard
2463	1	examine fusebox
2464	1	take beads
2465	1	go to windy cave
2466	1	read diary
2467	1	slide teleportation card through slot
2468	1	gnusto feeyuk
2469	1	pull dial
2470	1	press west wall
2471	1	look under mat
2472	1	move bench
2473	1	spells
2474	1	drop scrawled
2475	1	take astrolabe
2476	1	drop all but flashlight
2477	1	l in box
2478	1	put copper key on keyring
2479	1	down
2480	1	examine glass case
2481	1	take bowl
2482	1	show term paper to frobar
2483	1	take amber
2484	1	rezrov alabaster
2485	1	open canteen
2486	1	put silver rod in top
2487	1	open grate
2488	1	drop painting
2489	1	get pole
2490	1	hide behind president
2491	1	close lid
2492	1	point at blue carpet
2493	1	put lens in telescope
2494	1	climb porous wall
2495	1	take flimsy scroll
2496	1	search pizza
2497	1	give gram to alicia
2498	1	learn melbor
2499	1	pull line
2500	1	read writing
2501	2	marvin, open the hatch
2502	1	ask dragon about white
2503	1	remove balls
2504	1	push golden machine south
2505	1	take all
2506	1	drop toy
2507	1	say alakazam
2508	1	get tube
2509	1	enter dumb waiter
2510	1	get clover
2511	1	read parchment
2512	1	examine shroud
2513	1	get all but dagger
2514	1	get container
2515	1	feed pigeon
2516	1	get porridge oats
2517	1	examine vegetable plot
2518	1	examine woman
2519	1	get film and slide
2520	1	examine rolls
2521	1	remove cloak
2522	1	give kappa to callimachus
2523	1	gnusto wigro
2524	1	open zipper
2525	1	egdelp golem
2526	1	take gloves
2527	1	cuss
2528	1	pull tinsel
2529	1	read research paper
2530	1	open aqua vial
2531	1	pull pipe
2532	1	examine barrow
2533	1	examine dining table
2534	1	examine items
2535	1	get apple
2536	1	examine missile
2537	1	fill tank with air
2538	1	drop antimacassar
2539	1	put torch in well
2540	1	climb beanstalk
2541	1	push dusty n
2542	1	empty torch
2543	1	fill bath
2544	1	light candle with match
2545	1	read prayer
2546	1	cut flower
2547	1	get bean pole
2548	1	show invitation to butler
2549	1	reply
2550	1	gnusto espnis
2551	1	get glasses
2552	1	take ebony
2553	1	put bronze key on keyring
2554	1	fill battery
2555	1	get rose
2556	1	put bit in tea
2557	1	climb up piano
2558	1	l up terrock in leshosh
2559	1	push piano north
2560	1	put sheet in tray
2561	1	drop soap
2562	1	get stamp
2563	1	strike returning
2564	1	shoot crulley
2565	1	get in forklift
2566	1	drop portrait and bills
2567	1	fill pot with water
2568	1	take hamburger
2569	1	pick up cube
2570	1	remove skis
2571	1	open tank
2572	1	gnusto huncho
2573	1	plugh
2574	1	examine sculpture
2575	1	read back of brown paper
2576	1	ask bum about crypt
2577	1	put pan in oven
2578	1	get eight
2579	1	eat peanuts
2580	1	give drink to frank
2581	1	put it in thing
2582	1	taclor me
2583	1	follow gnome
2584	1	get firewood
2585	1	blow spices at lafond
2586	1	examine wand
2587	1	manaz
2588	1	click if-archive
2589	1	insert slide in it
2590	1	gnusto taclor
2591	1	drop slip
2592	1	read of unseen terror
2593	1	examine pedlar
2594	1	ask female about bar
2595	1	close hatch
2596	1	ask morgan about dragon
2597	1	take all from basis
2598	1	get sword
2599	1	examine fence
2600	1	pull clean hook
2601	1	sw
2602	1	examine flytrap
2603	1	give blue goblet to butler
2604	1	nitfol turtle
2605	1	press 3
2606	1	ask bum about himself
2607	1	call wpdl
2608	1	press 2
2609	1	ask computestor about videophone
2610	2	amy, leave
2611	1	look at furnace
2612	1	open compartment
2613	1	knock knock
2614	1	examine pram
2615	1	get candy
2616	1	drop map
2617	1	examine slip
2618	1	ask skier about scroll
2619	1	get scroll
2620	1	drop calendar
2621	1	get all
2622	1	drop matches
2623	1	look under floorboard
2624	1	drop ticket
2625	1	drop scarf
2626	1	get newspaper
2627	1	read pages
2628	1	ask woman about roadrunner
2629	1	get film
2630	1	point to key
2631	1	cut coconut with axe
2632	1	move floorboards
2633	1	strike match
2634	1	get pearl
2635	1	give fluff to arthur
2636	1	open cell door
2637	1	put glass in crack
2638	1	open kit
2639	1	click lpr
2640	1	give coin to bartender
2641	1	get candle
2642	1	get rod of life
2643	1	give paper to girl
2644	1	put featureless rod in coffin
2645	1	roll statue nw
2646	1	remove clothes
2647	1	get medicine bottle
2648	1	take oak
2649	1	see
2650	1	douse lamp
2651	1	eat brown goo
2652	2	cheryl, pull rods
2653	1	ask hermit about exit
2654	1	learn lobal
2655	1	polish orb
2656	1	get penguin
2657	1	get beer
2658	1	enter curtain
2659	1	examine thyme
2660	1	read twisted
2661	1	get coffin
2662	1	gnusto vaxum spell
2663	1	fee
2664	1	examine table
2665	1	open navy-blue box
2666	1	examine cage
2667	1	put link in drawer
2668	1	drop rune
2669	1	take keys
2670	1	pull lining
2671	1	take box
2672	1	clean table with cloth
2673	1	drop rusty knife
2674	1	take all from chest
2675	1	push button
2676	1	examine large chair
2677	1	put sweater on table
2678	1	oil door
2679	1	get bladder
2680	1	get rapier
2681	1	search wine rack
2682	1	fix voltage regulator
2683	1	get page
2684	1	get pumpkin
2685	1	get yellow card
2686	1	jump to brown rock
2687	1	burn pole with torch
2688	1	press forcefield
2689	1	drop statuette
2690	1	hit elf
2691	1	put large key on keyring
2692	1	take all but lantern
2693	1	drop door
2694	1	kill troll with sword
2695	1	learn liskon
2696	1	examine bird
2697	1	stage
2698	1	sleep
2699	1	ask male about invitation
2700	1	put peanut butter on celery
2701	1	drop suit
2702	1	drop wire
2703	1	give gram to silas
2704	1	strike rod of bronze
2705	1	lie on couch
2706	1	eat berries
2707	1	look at fireplace
2708	1	get card
2709	1	put scarab in case
2710	1	get gold
2711	1	open stone door
2712	1	take fragment
2713	1	take flag
2714	1	put white in slot
2715	1	drive to tower of london
2716	1	ask detective about chelsea
2717	1	move slab
2718	1	eat red goo
2719	1	put sketch in projector
2720	1	drop glasses
2721	1	dip rag in water
2722	1	get tools
2723	1	get out of pentagram
2724	1	drop eggs
2725	1	close tapestry
2726	1	open stump
2727	1	gnusto snavig
2728	1	enter boat
2729	1	enter hole
2730	1	ask george about beetlebaum
2731	1	get rope
2732	1	drop all except 10, book
2733	1	get peg
2734	1	look through window
2735	1	put scarab in small recess
2736	1	ask k9 about k9
2737	1	open locket
2738	1	get sash
2739	1	feeyuk me
2740	1	drop crown, stamp, zorkmid and ruby
2741	1	drop briefcase
2742	1	pull flower
2743	1	get egg
2744	1	get gold locket
2745	1	swim
2746	1	open lamp
2747	1	open wardrobe
2748	1	smell car
2749	1	drink wine
2750	1	get in golden machine
2751	1	ask male about daddy
2752	1	get gown
2753	1	give ticket 2306 to barker
2754	1	move bookshelf
2755	1	get flint
2756	1	get glider
2757	1	look in panel
2758	1	drop sword
2759	1	take all from toolshed
2760	1	chop tree
2761	1	get bomb
2762	1	learn gondar
2763	1	get magic bean
2764	1	reach in sculpture
2765	1	put hand in cauldron
2766	1	get branch
2767	1	learn swanko
2768	1	press powerup
2769	1	read back of blue paper
2770	1	enter tardis
2771	1	paddle west
2772	1	remove towel
2773	1	put glob on case
2774	1	go through curtain
2775	1	take coin from basis
2776	1	put patch on pipe
2777	1	get real mirror
2778	1	examine dresser
2779	1	remove second board
2780	1	examine dagger
2781	1	drop dodo
2782	1	enter pram
2783	1	get whistle
2784	1	put gum on stick
2785	1	give card to woman
2786	1	put ash on journal
2787	1	learn zemdor
2788	1	take key
2789	1	get book
2790	1	examine grimoire
2791	1	drop spectacles
2792	1	drop cardboardbox
2793	1	read poetry
2794	1	lift plywood cover
2795	1	examine keg
2796	1	remove fifth brick
2797	1	give gram to queenie
2798	1	learn krebf
2799	1	read emerald scratch with glass
2800	1	get rod of ice
2801	1	put clock in pot
2802	1	gnusto tinsot
2803	1	listen to girl
2804	1	get black scroll
2805	1	get diamond
2806	1	get brain
2807	1	read white scroll
2808	1	show note to charles
2809	1	drop newspaper
2810	1	drop bread
2811	1	plug in toaster
2812	1	pull slide
2813	1	drop stand
2814	1	look into wagon
2815	1	open packet
2816	1	put mana in bottom socket
2817	1	put laudanum on pork
2818	1	get bones with chopsticks
2819	1	get gloves and crowbar
2820	1	give mirror 1 to michael
2821	1	get vial
2822	1	fwoosh
2823	1	get tarot box
2824	1	put oak on table
2825	1	get package
2826	1	get pan
2827	1	remove fused bedistor with pliers
2828	1	get chewed scroll
2829	1	put key in hole
2830	1	get wet suit
2831	1	note vomit
2832	1	get
2833	1	give manual
2834	1	sleaze
2835	1	get spray
2836	1	open crate
2837	1	read topaz scratch with glass
2838	1	drop key
2839	1	open dish washer
2840	1	learn shazok
2841	2	mouse, south
2842	1	open guage
2843	1	examine rope
2844	1	press status stud
2845	1	get large key
2846	1	get padlock
2847	1	show photograph to charles
2848	1	gnusto ledak
2849	1	get pork
2850	1	cut growth with cutter
2851	1	drop pile
2852	1	buy telescope
2853	1	open coffin
2854	1	put flour in pan
2855	1	drop shovel
2856	1	drop skink
2857	1	search oats
2858	1	drop buoy
2859	1	get keys
2860	1	examine boots
2861	1	get sphere
2862	1	set compass to hawk
2863	1	take dodo
2864	1	look up
2865	1	ask k9 about door
2866	1	take butter
2867	1	give towel to arthur
2868	1	get ekmek
2869	1	sit in tiny little chair
2870	1	read ornate scroll
2871	1	push right button
2872	1	put soap on zipper
2873	1	learn foblub
2874	1	drop coins
2875	1	lock door
2876	1	pull rods
2877	1	take feather
2878	1	drop plans
2879	1	open desk
2880	1	take icicle
2881	1	say agamemnon
2882	1	examine ball
2883	1	open window with wrench
2884	1	steer towards rocky spire
2885	1	put pouch in toolkit
2886	1	kiss frog
2887	1	examine herbs
2888	1	open claws
2889	1	look in keg
2890	1	push bunk
2891	1	drop myrrh
2892	1	get all from closet
2893	1	drop secateurs
2894	1	open icebox
2895	1	get out of basket
2896	1	put fuse in generator
2897	2	prosser, lie in the mud
2898	1	put sword down
2899	1	look at tag through lens
2900	1	put pan in water
2901	1	take necklace
2902	1	fill bucket with water
2903	1	put clover on coin
2904	1	get crumpled scroll
2905	1	examine bottle
2906	1	drink tea
2907	1	berknip
2908	1	drop teapot
2909	1	plant fluff in flowerpot
2910	1	point west
2911	1	examine gnomon
2912	1	read term paper
2913	1	get violin, necklace, ruby, zorkmid, stamp, crown and dragon
2914	1	enter gazebo
2915	1	get knife
2916	1	search clothes
2917	1	open envelope
2918	1	get gum
2919	1	pull antenna
2920	1	open green bottle
2921	1	1
2922	1	insert capsule into reactor
2923	1	sword
2924	1	ask charles about temple
2925	1	take coin
2926	1	strike rod of infinity
2927	1	examine reeds
2928	1	get label
2929	1	get sharp stone
2930	1	drop torch
2931	1	give silver to barker
2932	1	look up wilhelm in album
2933	1	get crossbow
2934	1	open hatch
2935	1	ask allarah about black
2936	1	punch out blue dot
2937	1	press white, gray, black, red, black
2938	1	put emerald in case
2939	1	note dryer
2940	1	put white rod in pot
2941	1	get down
2942	1	get caliper
2943	1	get flask
2944	1	look in bottle
2945	1	exit shack
2946	1	examine shadow
2947	1	get lockpick
2948	1	take dorkmid
2949	1	open bottle
2950	1	ask hawker about candy
2951	1	push bookcase
2952	1	foo
2953	1	reach into hole
2954	1	put flimsy scroll in zipper
2955	1	put long steel key on keyring
2956	1	examine corpse
2957	1	get in machine
2958	1	plug hair dryer into wall
2959	1	slide shuttle card through slot
2960	1	rock, n
2961	1	say "float"
2962	1	examine toadstool
2963	1	ask hacker for master key
2964	1	open jewellery box
2965	1	eat tiny bowl of porridge
2966	1	give pork chops to wolf
2967	1	put pouch under pipe
2968	1	remove armour
2969	1	out
2970	1	get out of chair
2971	1	drop zipper
2972	1	get beam
2973	1	get rasp
2974	1	screw relay into space
2975	1	ask tip about grid
2976	1	open back door
2977	1	get hydrant
2978	1	get flash
2979	1	cut line with knife
2980	1	eat toadstone
2981	1	covert
2982	1	get balls
2983	1	look in coat
2984	1	get salt
2985	1	get yellow
2986	1	bunyon
2987	1	push newspaper under door
2988	1	take carpet
2989	1	drop matchbox
2990	1	drop decaf
2991	1	ask for pigeon
2992	1	get out of golden machine
2993	1	get scraps
2994	1	put peg in hole
2995	1	search slabs
2996	1	open bird
2997	1	put magnet on mine
2998	1	open lid with spade
2999	1	gnusto gondar spell
3000	1	get album
3001	2	adventurer, open door
3002	1	get oar
3003	1	open curtain
3004	1	close oven
3005	1	give case to harry
3006	1	read brittle scroll
3007	1	look shelf
3008	1	chew gum
3009	1	eat beef
3010	1	drop brass key
3011	1	get out of boat
3012	1	open trapdoor
3013	1	get key
3014	1	examine film projector
3015	1	put all down
3016	1	read torn square
3017	1	read instructions
3018	1	fiznav boat
3019	1	get all from coffin
3020	1	close shield
3021	1	oil secateurs
3022	1	put x1, x2, x7 on first pile
3023	1	get painting
3024	1	put gray rod in pot
3025	1	open app
3026	1	read it
3027	1	look up wilhelm in record
3028	1	get rug
3029	1	look at screen
3030	1	examine remote control
3031	1	ask governor about key
3032	1	put garlic in cauldron
3033	1	sit in cask
3034	1	put paper in receptacle
3035	1	say even
3036	1	search couch
3037	1	get electromagnet
3038	1	open orange vial
3039	1	put butter in pan
3040	1	get scarf
3041	1	get mirror
3042	1	raise lever
3043	1	clean skeleton with moss
3044	1	get coin
3045	1	get volume
3046	1	drop popcorn
3047	1	get portrait and bills
3048	1	get puzzle box and flute
3049	1	open locker
3050	1	drop clipper
3051	1	take mask
3052	1	open freezer
3053	1	dock
3054	1	offer 500
3055	1	break cabinet
3056	1	get remote control
3057	1	take eyes with tongs
3058	1	put diamond in basket
3059	1	examine blue carpet
3060	2	jill, hold me
3061	1	put umbrella on pool
3062	1	examine hole
3063	1	remove coat
3064	1	get grater
3065	1	stop blade
3066	1	put rasp into thing
3067	1	put letter opener in keyhole
3068	1	learn ozmoo
3069	1	drill case with drill
3070	1	open quartz cover
3071	1	take key from zipper
3072	1	take bean pole
3073	1	drop blue paper and yellow paper
3074	1	get crook
3075	1	examine panel
3076	2	robot, east and south
3077	1	put diamond in case
3078	1	lobal me
3079	1	remove bandage
3080	1	drop upper card
3081	1	examine box
3082	1	put coal in basket
3083	1	consult scriptures about planes
3084	1	ask pitchman about dr nostrum
3085	1	get plotter
3086	1	open brown bottle
3087	1	show ruby to pigeon
3088	1	get pendant
3089	1	get sharp pick
3090	1	open purple book
3091	1	put it in projector
3092	1	get tablets
3093	1	go to gnome
3094	1	join golden rod to brown rod
3095	1	take egg from pot
3096	1	hit lamp
3097	1	put cave cube in bottom right socket
3098	1	look into cage
3099	1	put x12 on first pile
3100	1	examine statues
3101	1	foe
3102	1	put wisdom in left socket
3103	1	drop necklace and dragon
3104	1	examine waterfall
3105	1	get star
3106	1	slide k
3107	1	buy ticket
3108	1	show skull to bum
3109	1	give opal, ruby, sapphire and emerald to guard
3110	1	press 5
3111	1	get ball
3112	1	move stone
3113	1	slide s
3114	1	take comb
3115	1	give money to hawker
3116	1	drop crampons
3117	1	take gold coin from right pan
3118	1	get x3, x4, x5, x6
3119	1	show ticket to gravedigger
3120	1	take hand
3121	1	drop bandage
3122	1	sit
3123	2	dungeon master, turn dial to 8 and press button
3124	1	set center dial to 3
3125	1	drop all but lens
3126	1	push ass
3127	1	put all in fireplace
3128	1	drop shiny key
3129	1	hello sailor
3130	1	smell smoke
3131	1	give sushi to samurai
3132	1	get fire
3133	1	read garnet scratch with glass
3134	1	put hand in hive
3135	1	push rod
3136	1	blorple 9
3137	1	take lens
3138	1	examine notice
3139	1	get shredded scroll
3140	1	give umbrella to girl
3141	1	insert green card in slot
3142	1	drink water
3143	1	mix cauldron with spoon
3144	1	ask kemp about circuit breaker
3145	1	sit down
3146	1	drop thing
3147	1	put x8 on second pile
3148	1	learn pulver
3149	1	put ruby in red boot
3150	1	examine white  statuette
3151	1	ask tip for tool
3152	1	drop vial
3153	1	give carton to hacker
3154	1	ahead
3155	1	open map
3156	1	blorple 12
3157	1	get flashlight
3158	1	away
3159	1	put six coins in overhead
3160	1	gnusto rezrov spell
3161	1	press button
3162	1	get horn
3163	1	blorple 2
3164	1	open trunk
3165	1	get cue ball
3166	1	ask her about rare books
3167	1	get carton
3168	1	stand
3169	1	pull ropes
3170	1	break window
3171	1	put match in raincoat
3172	1	break seal with pickaxe
3173	1	insert film in film projector
3174	2	alexis, heel
3175	1	push test button
3176	1	read crumpled
3177	1	learn rezrov
3178	1	put handcuffs on rods
3179	1	get fruit
3180	1	slide lower card through slot
3181	1	say ialdabaoloth
3182	1	take balsa beam
3183	1	give novel to alan
3184	1	give garter to papa
3185	1	ask belboz about me
3186	1	dial 576-3190
3187	1	gnusto cleesh spell
3188	1	read map
3189	1	drop chest
3190	1	read blueprint
3191	1	get jewelry
3192	1	get crampons
3193	1	open cube
3194	1	drop brown
3195	1	repeatedly "turn sceptre" until the coffin opens
3196	1	give violin, necklace, ruby, stamp, zorkmid, crown and dragon to demon
3197	1	put timber across chute
3198	1	get club
3199	1	search crates
3200	1	move barrel
3201	1	get chalice
3202	1	push filthy n
3203	1	bathe
3204	1	examine islet
3205	1	put cereal in pot
3206	1	push fountain
3207	1	buy sandwich
3208	1	say my name
3209	1	ask coach for trophy
3210	1	get aqua vial
3211	1	look under sill
3212	1	heat brown paper over
3213	1	take garlic
3214	1	rock, e
3215	1	get rod
3216	1	press red
3217	1	learn urbzig
3218	1	jump off equipment
3219	1	examine drill
3220	1	drop water
3221	1	slide kitchen card through slot
3222	1	get all from cupboard
3223	1	drop camera
3224	1	open satchel
3225	1	look in nest
3226	1	push joystick west
3227	1	give flask to bum
3228	1	jindak
3229	1	take damp scroll
3230	1	adjust videophone
3231	1	examine plans
3232	1	take headphones
3233	1	put skull in case
3234	1	hit board
3235	1	get head
3236	1	show book to gnome
3237	1	take bucket
3238	1	look at stephanie
3239	1	push bed
3240	1	get lantern
3241	1	get golden cluster
3242	1	look up verlac
3243	1	ask holmes about ash
3244	1	drop egg
3245	1	ask gnome about mother
3246	1	learn caskly
3247	1	learn vaxum
3248	1	drop dino
3249	1	huncho vase
3250	1	get matchbook
3251	1	take green bottle
3252	1	give alpha to apollonius
3253	1	close torch
3254	1	buy peanuts
3255	1	get treasure
3256	1	fill it with water
3257	1	light fuse with match
3258	1	examine enclosure
3259	1	listen to wall
3260	1	open bio-lock door
3261	1	drop pot
3262	1	put firewood on hearth
3263	1	drop emerald
3264	1	look through binoculars at shelter
3265	1	drop boots
3266	1	play whistle
3267	1	put torch in basket
3268	1	swanzo belboz
3269	1	give garnet to akbar
3270	1	slide i
3271	1	open terminal
3272	1	kill sofia with opener
3273	1	draw symbol on me
3274	1	drop them
3275	1	ask cheryl for hologram
3276	1	get torn square
3277	1	click on paper
3278	1	take gumball
3279	1	get corn
3280	1	press yellow button
3281	1	learn huncho
3282	1	drop bear
3283	1	heat yellow paper over candles
3284	1	put it in cannon
3285	1	drop cap
3286	1	put maiden in projector
3287	1	open pacquet of paper
3288	1	get candles
3289	1	say carte
3290	1	egdelp cabinet
3291	1	get piece of paper and business card
3292	1	ask k9 about control
3293	1	get match
3294	1	read glittering scroll
3295	1	clean lump
3296	1	put trunk in case
3297	1	put screwdriver in basket
3298	1	look under lily pad
3299	1	play people
3300	1	lift seat
3301	1	give fragment to green rock
3302	1	put diamond cluster in first hole
3303	1	give amulet to bum
3304	1	light firework
3305	1	search sludge
3306	1	drop pouch
3307	1	give bananas
3308	1	get invitation
3309	1	search grass
3310	1	take mud
3311	1	put star on pack
3312	1	give pan to guard
3313	2	rimshaw, hypnotise me
3314	1	put ace in projector
3315	1	point it at mural
3316	1	drop firestone
3317	1	take analgesic
3318	1	take mousetrap
3319	1	examine thumb
3320	1	lick pet
3321	1	put sceptre in case
3322	1	get red sphere
3323	1	give book to gnome
3324	1	show card to chuckles
3325	1	drop carpet
3326	1	snavig grouper
