0	39	put c battery in drill
1	42	hit dragon with sword
2	12	get heart from boat
3	27	push filthy n
4	14	x thing
5	7	read parchment
6	12	get golden chalice
7	12	get nasty knife
8	52	turn dial right 3
9	27	drop spices
10	28	turn ring to third symbol
11	39	put it on henry's tomb
12	21	tie bucket to rope
13	27	press green
14	29	northeast
15	17	touch red
16	14	x feather
17	3	seat
18	25	search oats
19	27	throw plank
20	1	strike match
21	27	drop teapot
22	14	x tree
23	24	ask belboz about figure
24	39	put rods in socket
25	12	get yellow card
26	27	throw bottle at thing
27	12	get hammer
28	27	pull rods
29	15	turn on torch
30	14	x printouts
31	12	get hand
32	35	open tube
33	12	get pots
34	12	get coke and carton
35	39	insert orange card in slot
36	27	slide i
37	27	throw stick at herman
38	5	eat green
39	49	light lantern
40	12	take pig
41	27	drop bread
42	35	open toolshed
43	29	ask wolf to blow turbine
44	17	touch powerup stud
45	14	x gate
46	7	read ruby scratch with glass
47	12	get tablets
48	12	get paint
49	1	izyuk me
50	42	whip smooth lion
51	6	remove goggles
52	37	buy telescope
53	14	x stairs
54	7	read page
55	12	take printer
56	28	turn sphere
57	39	put sheet in tray
58	1	look up partaim in fresto
59	1	exex turtle
60	28	turn valve with crowbar
61	39	put ring, book in sack
62	27	drop gigantic bowl
63	8	give silver coin to oarsman
64	24	ask man about eranti
65	12	get collar
66	12	get card
67	1	inventory
68	14	examine stamps
69	8	give bone to poodle
70	45	wear mask
71	39	put coins in fur sack
72	52	turn handle
73	1	gnoeval
74	19	look at woods
75	27	push right button
76	1	look up croseus in album
77	52	turn bolt with wrench
78	8	give fluff to arthur
79	1	pour liquid on slime
80	24	ask proprietor about amulet
81	29	mouse, south
82	25	search painting
83	24	ask him about librarian
84	27	drop crown
85	12	get parcel from cupboard
86	40	play tape
87	1	stand on charles
88	14	examine tide
89	40	play flute
90	1	write mace on featureless
91	27	drop shiny key
92	3	3
93	14	examine bones
94	27	drop scroll
95	1	krebf shredded scroll
96	27	push ball south
97	14	examine teachers
98	11	show earth crystal to trent
99	14	examine stars
100	51	cut blue tassel
101	11	show can to pet
102	51	cut rope with dagger
103	19	look out window
104	46	fill jug
105	24	ask her about rare books
106	1	mosaic, lagach
107	14	x barkeep
108	27	pull mat
109	1	unlock box with key
110	52	turn it
111	12	take headdress
112	14	examine goblin
113	14	examine statue
114	1	close raincoat
115	1	mural, lagach
116	27	drop pouch
117	14	x grille
118	17	touch generator
119	14	x me
120	27	drop ring
121	11	show violet to trent
122	38	sleaze
123	19	look at furnace
124	12	get candle
125	19	look in cauldron
126	1	gnusto crumpled
127	27	drop lantern
128	5	feed dog sandwich
129	12	get bag
130	45	wear sash
131	7	read diary
132	12	take green bottle
133	12	take packet from pot
134	1	malyon idol
135	27	press white, gray, black, red, black
136	27	drop paper
137	6	remove skis
138	39	put cave cube in bottom right socket
139	12	take ticket 5802
140	39	put flour in pan
141	15	turn on electricity
142	1	point machine at tree
143	27	drop coconut
144	12	get matchbox
145	39	put carton in oven
146	12	get violin, necklace, ruby, zorkmid, stamp, crown and dragon
147	39	put silver sphere in pot
148	14	x dent
149	12	take crowbar
150	12	take dornberries
151	24	ask detective about chelsea
152	14	examine output
153	7	read crumpled
154	1	gnusto cleesh spell
155	12	get drawing paper
156	39	put piece in locket
157	33	climb piano
158	52	turn dial to 1
159	10	stand up
160	52	turn sceptre
161	35	open freezer
162	39	put celery in purse
163	45	wear glasses
164	12	get crown
165	34	eddie, hello
166	39	put ball in machine
167	39	put crystal in space
168	39	insert indigo card in slot
169	12	get skull
170	27	drop kit
171	19	look in pocket
172	27	push coffin w
173	7	read moldy book
174	12	get figure
175	3	1
176	39	put opener in keyhole
177	12	take toner
178	14	x dresser
179	39	put all in pocket
180	17	rub it with crayon
181	28	turn ring to sixth symbol
182	39	put jar in knapsack
183	12	get axe
184	35	open metal cover
185	12	get tube
186	39	put rope in unit
187	6	remove bandage
188	12	get vial, calendar and matchbook
189	14	x apparatus
190	12	get green
191	23	learn lobal
192	11	show note to chuckles
193	5	feed apple to horse
194	27	drop clipper
195	1	enter outflow pipe
196	1	get in bucket
197	14	x dials
198	27	move rail with bar
199	7	read back of yellow paper
200	14	x computers
201	1	gnusto fiznav
202	35	open portrait
203	14	x minerals
204	14	x pan
205	7	read faded scroll
206	34	boo
207	12	take sketch
208	35	open demijohn
209	8	give toy to sydney
210	52	wave sceptre
211	53	get out of bucket
212	12	roustabout, get net
213	14	examine switch a
214	12	get golden cluster
215	41	ask cheryl for hologram
216	28	turn dial right
217	36	hit dragon with sword
218	12	take toupee
219	39	put all in zipper except book
220	12	take envelope
221	5	eat toadstone
222	27	press emergency button
223	9	drive to whitehall
224	29	left
225	11	show keys to michael
226	27	drop fish
227	27	drop lump
228	27	push piano south
229	45	wear suit
230	14	x copier
231	14	examine body
232	39	put battery in panel
233	12	take sack
234	12	take thing
235	39	put match in toolkit
236	52	wave spar
237	12	take butter
238	14	examine dusty book
239	14	examine sapphire
240	39	put pan in water
241	35	unscrew panel
242	12	take 12
243	39	put toner in slot
244	35	open oven
245	12	take packet
246	14	x probe
247	14	x barrels
248	39	put astrolabe in mounting
249	35	open trap door
250	4	hole, e
251	15	turn off machine
252	1	close panel
253	39	put ledger in pot
254	24	ask hermit about entrance
255	17	pinch me
256	45	wear snorkel
257	24	ask fairy godmother about horse
258	14	x gun
259	14	x horriblis
260	39	put coal in furnace
261	12	take a picture
262	8	give rag to skier
263	39	put medicine bottle in shaft
264	10	sit
265	14	x slabs
266	31	smash window with coffer
267	12	get test
268	1	unlock chain with keys
269	27	push ass
270	27	throw stone at creature
271	9	drive to the embankment
272	42	hit creature with hook
273	12	get x3, x4, x5, x6
274	35	open box
275	27	push second switch
276	34	say wheel
277	52	shake lamp
278	39	put chalice in case
279	1	dig rock with axe
280	12	get package
281	14	examine tree
282	12	get album
283	21	join golden rod to green rod
284	42	hit comb
285	39	put gray rod in pot
286	39	put tree on square
287	1	unlock gate
288	39	insert cube in opening
289	27	drop historical
290	14	x security gates
291	1	plug hair dryer into wall
292	12	take rags
293	12	get blue
294	35	open curtain
295	39	put maiden on pack
296	39	put bread in zipper
297	12	get tweezers
298	12	take bar
299	12	get branch
300	8	give ekmek to andromeda
301	39	put crossbow in sack
302	3	2
303	51	cut branch with knife
304	1	espnis idol
305	12	get scraps
306	35	open matchbook
307	39	put rods in coffin
308	14	x cupboard
309	24	ask woman about ruby
310	27	drop book
311	12	get rope
312	1	gnusto zifmia spell
313	39	put coin in net
314	1	enter stall
315	19	look at device
316	24	ask computestor about videophone
317	3	4
318	39	put it in coffin
319	12	get amulet and scroll
320	8	give celery to barb
321	1	set second wheel to 2
322	5	eat stew
323	26	shoot window
324	1	point down
325	39	put pallet on boulder
326	1	punch out blue dot
327	14	x plaque
328	39	put berries in pan
329	37	buy candy from hawker
330	12	get vellum scroll
331	39	put it on tomb
332	12	take red
333	52	roll statue ne
334	35	open umbrella
335	12	take x1, x10
336	12	take circuit
337	35	dragon, open door
338	14	examine items
339	1	click if-archive
340	12	get trident
341	27	press buy
342	1	point it at mural
343	25	search guard
344	24	ask doc about syringe
345	39	insert wishbringer in sculpture
346	1	point it at thorns
347	27	pull antenna
348	14	x control
349	8	give gram to andrea
350	39	put silver coin in pocket
351	12	get locket
352	52	wave wand at underwear
353	12	get cloak
354	35	open stump
355	27	robot, lift cage
356	1	rezrov cabinet
357	12	take fragment from zipper
358	27	pull lining
359	12	get scroll
360	42	hit bung with mace
361	5	eat peanuts
362	7	read dirty scroll
363	12	get magic porridge pot
364	35	open net
365	1	foo
366	12	get pork
367	1	clean podium
368	12	take cushion
369	19	look at queenie
370	27	put sword down
371	39	put trophy in depression
372	12	take compass rose
373	12	get mine
374	39	put entrails in body
375	1	hammer scraps
376	1	fweep me
377	52	turn dial to 3
378	14	x guard
379	27	press 2
380	12	take toad
381	12	take crumpled
382	14	examine snooker table
383	9	row east
384	8	give flask to bum
385	14	examine vegetable plot
386	12	take raincoat
387	14	x comb
388	12	get stone
389	7	read topaz scratch with glass
390	12	get frog
391	8	give brain to timelord
392	1	close cage
393	12	get improbability drive
394	39	put emerald in green boot
395	27	pull pin
396	27	push chandelier
397	19	look in zipper
398	39	put red sphere in ruby stand
399	12	get chewed scroll
400	12	take fuse
401	25	search straw
402	12	take cage
403	14	x ariana
404	1	look up elijah inrecord
405	12	take implementeers
406	24	ask k9 about cybermen
407	14	x keypad
408	27	drop lamp
409	12	take hairpin
410	52	turn it right 5
411	33	jump lake
412	1	malyon dragon
413	1	enter square
414	39	put prize cube in top left socket
415	27	drop lockpick
416	1	get in machine
417	1	yell
418	27	throw rag at fire
419	34	say alakazam
420	15	turn on autopilot
421	12	get flint
422	19	listen
423	21	join golden rod to brown rod
424	1	exit scimitar
425	28	turn it left 7
426	24	ask bum about anna
427	11	show pole to gnome
428	12	take egg from pot
429	8	give lens to norbert
430	24	ask alan about novel
431	28	turn newel
432	1	set first wheel to 9
433	12	take pincer
434	12	get invitation
435	12	get treatise
436	25	probe contacts
437	12	get amulet
438	42	hit floor with axe
439	35	open northern door
440	1	draw line from b to j
441	27	throw gun at herman
442	14	examine wardrobe
443	12	take peridots
444	7	read of unseen terror
445	7	read tag
446	12	get timber
447	27	slide teleportation card through slot
448	14	x painting
449	39	put it in hat
450	39	put gear on post
451	16	turtle, follow me
452	12	take ribbon
453	27	slide n
454	18	take off veil
455	15	turn reactor on
456	1	plug in toaster
457	23	learn caskly
458	14	x sketch
459	1	set compass to hawk
460	27	slide s
461	35	open cube
462	12	get watch
463	17	touch transmit stud
464	14	examine mesa
465	12	get vase
466	17	touch orange
467	6	withdraw $603
468	27	drop tin
469	1	stand on chair
470	12	take burin
471	50	talk to reunite
472	12	get bearskin rug
473	1	yomin tortoise
474	12	take thumb
475	39	put skink in pocket
476	8	give gram to meghan
477	9	drive to tower of london
478	28	turn e
479	25	search ruins
480	44	untie wire
481	36	attack thief with nasty knife
482	1	exit
483	27	throw body in pit
484	35	open green bottle
485	25	search grate
486	14	examine fawkes
487	39	put lens in spotlight
488	35	open journal
489	12	take bottle
490	39	put egg in case
491	39	put egg in pan
492	14	examine dagger
493	14	examine pram
494	39	insert yellow card in slot
495	14	x couch
496	14	x papers
497	39	put ruby cluster in knapsack
498	12	get opal
499	12	take dummy
500	45	wear tourniquet
501	27	push switch
502	4	repeatedly "turn sceptre" until the coffin opens
503	35	open jar
504	19	smell
505	27	move handle
506	39	put pot in case
507	1	clip monster
508	35	open piano
509	14	examine dog
510	14	x blocks
511	27	drop cracked
512	27	drop zipper
513	14	x photograph
514	21	tie wire to hook
515	12	get ekmek
516	39	put house on triangle
517	27	push test button
518	1	fiznav boat
519	27	drop silver
520	10	lie in tiny little bed
521	6	remove armour
522	14	examine winch
523	39	put long steel key on keyring
524	9	paddle west
525	12	get blanket
526	27	drop secateurs
527	4	robot, east and south
528	12	get ring
529	25	search pizza
530	12	take sugar from pot
531	33	climb porous wall
532	35	open box with tool
533	45	wear hat
534	39	put timber across chute
535	27	drop bucket
536	5	eat bread
537	12	get red statuette
538	23	learn feeyuk
539	6	remove hat
540	8	give carton to hacker
541	24	ask dragon about jewel
542	28	turn w
543	12	get awl
544	8	give mirror 1 to michael
545	12	get jar
546	12	get oil
547	52	turn valve
548	12	get rod of ice
549	33	walk around bulldozer
550	7	read news in newspaper
551	24	ask male about officer
552	29	go through north wall
553	12	get coffin
554	12	take bowl
555	12	get label
556	36	hit elf
557	17	touch wood with pole
558	12	get dragon
559	14	examine floor
560	14	x metal thing
561	1	yomin ogre
562	12	take trunk
563	11	show keepsake to knight
564	12	take ticket 2306
565	1	point to coconut
566	27	drop multi
567	27	drop candle
568	2	strike rod of fire
569	7	read killing
570	1	unlock car
571	14	examine large chair
572	12	get hook
573	12	get rod of returning
574	25	search waterfall
575	12	get sketch
576	24	ask hermit about exit
577	12	get black scroll
578	27	drop grater
579	52	turn knob
580	12	take x1,x2,x7,x8
581	19	look at mural
582	12	take tiepin
583	17	kiss frog
584	11	show spreadsheet
585	20	reach in chopper
586	49	light firework
587	27	drop briefcase
588	35	open secret door
589	34	say rat to picasso
590	1	unlock wardrobe with key
591	27	throw box at outcropping
592	27	move bench
593	27	drop red hat
594	6	remove cap
595	12	take bread
596	8	give towel to arthur
597	39	put golden cluster in knapsack
598	14	x form
599	27	drop dagger
600	19	look in crypt
601	51	cut line with axe
602	34	say oil
603	14	x slot
604	1	close torch
605	39	put gown on hook
606	35	open tank
607	27	drop pipe
608	35	open door with crowbar
609	12	get novel
610	14	x pedestal
611	1	unlock compartment
612	39	put key on keyring
613	35	open sack
614	27	drop dusty brick
615	14	examine garlic
616	21	tie rope to railing
617	27	drop label
618	12	get matches
619	27	push bookcase
620	12	get opal cluster
621	12	take all from toolshed
622	14	examine emerald
623	14	x books
624	12	get lamp
625	35	open raincoat
626	24	ask technician about security gates
627	12	get toaster
628	1	pick lock with sharp pick
629	39	put it in thing
630	11	show $500
631	27	throw sand
632	27	drop balsa wood beam
633	1	blorple x10
634	39	put bug in sack
635	14	examine blossoms
636	27	drop suit
637	36	hit lamp
638	1	write 5 on cube
639	12	get bomb
640	14	x jail
641	14	examine pedlar
642	14	x temple
643	39	put x1, x2, x7 on first pile
644	7	read dusty scroll
645	31	break branch
646	27	press black
647	27	throw sceptre in boat
648	12	get milkbottle
649	27	push dispenser button
650	27	push button
651	12	take no tea
652	12	get cube
653	12	take rope
654	27	press forcefield
655	27	push play
656	14	x stove
657	1	frotz temple
658	12	get leaflet
659	14	examine toadstools
660	7	read paper
661	35	open trunk
662	35	open orange vial
663	14	x contraption
664	14	x fountain
665	49	light torch with newspaper
666	46	fill teapot
667	39	put gram in basket
668	27	push golden machine south
669	14	x creature
670	11	show green to trent
671	52	wave hairband
672	44	untie horse
673	12	take gold coin from right pan
674	12	get lump
675	35	open shark repellent
676	12	take water
677	1	unlock door with wrought iron key
678	7	read faded
679	12	take ebony
680	39	put bottle in zipper
681	12	take mask
682	34	exodus
683	21	tie rope to rod
684	28	turn dial to 4
685	35	open west door
686	1	point it at metal
687	42	hit elf
688	14	x frank
689	35	open locket
690	8	give key to alan
691	14	x thad
692	12	take sapphire
693	19	l up terrock in leshosh
694	39	put ace in projector
695	14	examine chasm
696	34	say kaluze
697	39	put balloon on pentagon
698	12	take kettle
699	14	x camera
700	14	x contact points
701	14	x west mural
702	40	play whistle
703	39	put heart in statue
704	27	drop dodo
705	1	get in golden machine
706	12	get container
707	27	press white
708	1	close door
709	34	guard, hello
710	31	break windows
711	27	drop buoy
712	1	close matchbook
713	44	untie balloon
714	39	put ebony in northern niche
715	45	wear dress
716	27	drop scrawled
717	19	look under bed
718	12	get pack
719	12	get clover
720	1	look up 1420 in map
721	19	look at ring
722	1	lock door with key
723	7	read slip of paper
724	35	open trapdoor
725	12	take scrawled
726	12	get cage
727	46	spread peanut butter on frank
728	35	open secret panel
729	12	take x1, x2, x7, x12
730	12	get red card
731	6	remove balls
732	23	learn ledak
733	24	ask him about nelson
734	7	read back of blue paper
735	12	take slip
736	12	take cup
737	12	take red powder
738	35	open pram
739	1	look up verlac
740	7	read scroll
741	34	plugh
742	1	stand on disc
743	14	examine slipper
744	1	caskly hut
745	12	take x10
746	24	ask dragon about black
747	1	unlock padlock with key
748	39	put chasm cube in bottom left socket
749	12	get spices
750	29	sw
751	7	read features in newspaper
752	52	wave wand at magic porridge pot
753	27	drop tea
754	24	ask george about frank
755	37	buy bag
756	14	x building
757	39	put mail on satchel
758	12	take garlic
759	1	enter inflow pipe
760	5	eat gigantic quantity of just-right porridge
761	1	gnusto vaxum spell
762	1	lleps urbzig
763	6	remove third brick
764	52	wave scroll
765	27	press information
766	27	drop jewelry
767	12	get eggs
768	35	open outer
769	12	take list
770	10	lie down in front of bulldozer
771	39	put patch on pipe
772	52	turn roller on
773	39	put all into thing
774	27	drop shield
775	52	turn wheel
776	39	insert opal cluster in fourth hole
777	27	press med
778	12	take sword
779	39	put printer on table
780	39	put vase in opening
781	12	take marker
782	14	x robot
783	42	hit board
784	12	take smoke rod
785	1	shut panel
786	27	drop cloth
787	6	remove stethoscope
788	39	put spell book in zipper
789	12	take amber
790	14	examine it
791	12	take zipper
792	1	gnusto wigro
793	27	throw club at aquarium
794	12	take pan
795	1	gnusto swanko
796	52	turn it left 7
797	27	push poseidon northeast
798	39	put wisdom in left socket
799	35	open terminal
800	14	examine thyme
801	15	turn on toaster
802	17	touch flower
803	1	dig in sand
804	27	drop stone
805	1	huncho me
806	1	ozmoo myself
807	14	x gnome
808	1	pour wine in blue goblet
809	28	turn neith
810	35	open safe
811	12	get arrow
812	1	point it at goats
813	14	x sonar
814	14	examine plant
815	10	sit in tiny little chair
816	8	give headdress to shaman
817	39	put bronze on left
818	39	put butter in pan
819	46	fill bottle
820	12	take rag
821	12	get passbook and room key
822	29	go to pig
823	12	get net
824	27	drop biscuit, paper
825	14	x crowbar
826	14	x clingfilm
827	27	push statue n
828	12	get sharp stone
829	1	set dial to 776
830	14	examine grimoire
831	27	drop birdcage
832	15	turn on machine
833	28	turn wheel off
834	12	take staff
835	15	turn projector on
836	12	get cup
837	12	take key
838	14	x mukhtar
839	22	burn paper
840	19	listen to wall
841	14	x treant
842	27	drop it and kit
843	12	get pan
844	14	examine woman
845	35	open pouch
846	39	put canteen in knapsack
847	53	get out of cask
848	1	yonk malyon spell
849	24	ask farmer about oyster
850	1	save image
851	14	examine mousetrap
852	12	get scarab
853	39	put golden chalice on left disc
854	14	x coffee
855	1	wind watch
856	12	get pork chops
857	1	click ftp
858	49	light candle with fire
859	1	stand on bench
860	39	put maiden in projector
861	14	x shaman
862	39	put dart on claw
863	29	n
864	39	put sack in tesseract
865	23	learn meef, meef and swanzo
866	27	drop all but candle
867	12	take spreadsheet
868	27	press switch a
869	39	put peg in hole
870	27	drop rope
871	35	open pot
872	6	remove towel
873	8	give ticket 5802 to barker
874	33	walk 4 paces west
875	34	say candle
876	39	put gold in unit
877	8	give goggles to cheryl
878	14	examine washing machine
879	39	insult vincent
880	12	take small key
881	1	set right dial to 4
882	12	get pumpkin
883	24	ask her about key
884	1	swanko spirit
885	40	play pool
886	14	x generator
887	1	gloth dough
888	12	get accordion
889	11	show brick to pig
890	39	put coin in loans
891	39	put link in chalice
892	1	answer phone
893	34	hello sailor
894	39	put mat under door
895	1	unlock door with steel key
896	39	put hand in cauldron
897	12	get bricks
898	12	get box and journal
899	12	get lamp and sword
900	12	get beam
901	8	give gram to jim
902	1	unfold leaf
903	14	x hawks
904	14	x bed
905	14	x blank card
906	27	press blue
907	24	ask allarah about white
908	1	blorple 8
909	8	give note to man
910	27	pull breaker
911	19	look in box
912	12	take ball
913	14	examine ball
914	19	look at controls
915	52	wave handkerchief
916	28	turn dial to 47
917	24	ask morgan about dragon
918	27	drop popcorn
919	27	drop eggs
920	14	x chair
921	39	put volcano in pot
922	12	get figurine
923	51	cut rope with knife
924	11	show bar to tina
925	33	climb tree
926	12	get portrait and bills
927	8	give pumpkin to fairy godmother
928	1	dungeon master, wait
929	12	get hat
930	14	x natives
931	39	insert ruby cluster in second hole
932	23	learn liskon
933	45	wear goggles
934	5	eat blue cake
935	12	get note
936	1	set left dial to 7
937	27	drop fifth brick
938	14	x magazines
939	7	read red scroll
940	27	drop stool and bucket
941	12	get teapot, mat, letter opener, matchbook and paper
942	1	unlock door with keys
943	27	drop radio and pole
944	1	zemdor ale
945	52	wave it in moonlight
946	19	look under seat
947	27	press ignition
948	33	climb stand
949	12	get blue card
950	52	turn wheel right
951	39	put blanket on grue
952	27	push newspaper under door
953	8	give ticket to rimshaw
954	50	talk to alltext
955	19	look through window
956	19	look at window pane
957	39	put opal cluster in knapsack
958	12	take old book
959	12	get all from closet
960	12	take beads
961	27	push moldy s
962	1	set dial to 948
963	14	x machine
964	52	turn h
965	50	talk to britney
966	8	give manual
967	27	drop matchbook
968	1	upload picture
969	50	talk to gnome about mogglev
970	1	alexis, heel
971	27	drop pearl
972	12	take sand
973	39	put pliers into thing
974	39	put red flag on spotted
975	12	take mouse
976	27	drop map
977	39	put on parka
978	39	put torch in hand
979	27	drop hoard
980	39	put it on yellowed paper
981	14	examine barrow
982	35	open royal-blue box
983	27	press sequence stud
984	12	get club
985	27	drop key
986	27	drop match
987	12	get red sphere
988	27	drop whistle
989	12	get all from drawer
990	4	dungeon master, turn dial to 8 and press button
991	14	examine switch b
992	1	upload image
993	12	get string
994	27	move barrel
995	35	open fur sack
996	12	get rusty knife
997	25	search slabs
998	27	drop pager
999	12	take vellum scroll
1000	15	turn on videophone
1001	53	get out of boat
1002	24	ask gnome about prinout
1003	1	twist nose
1004	1	look up wilhelm in record
1005	12	get tin
1006	52	turn wireless on
1007	1	gnusto malyon spell
1008	8	give match to man
1009	27	pull torch
1010	34	say "float"
1011	7	read garnet scratch with glass
1012	37	buy electromagnet
1013	12	get all from cupboard
1014	14	x sydney
1015	4	open box then get cube
1016	1	catch it
1017	39	put red rod in hole
1018	14	x skeleton
1019	39	put coal in machine
1020	32	kill thief with nasty knife
1021	12	get short poem
1022	1	type 0628 on laptop
1023	27	drop rune
1024	39	put lye in coat
1025	12	take berries from pot
1026	45	wear cap
1027	27	push golden machine east
1028	12	get white
1029	22	burn speck
1030	39	insert shiny board in panel
1031	12	take stick
1032	14	examine model
1033	14	x city
1034	8	give food to bear
1035	14	examine silver coin
1036	14	examine thumb
1037	39	put smoke rod in pot
1038	24	ask delbin about minirva
1039	1	look up cholok in leshosh
1040	39	put letter opener in keyhole
1041	27	push west wall
1042	27	drop rug
1043	27	drop firestone
1044	11	show red to trent
1045	25	search boots
1046	27	drop all but brain
1047	27	pull knob
1048	12	get ox
1049	35	open manhole with crowbar
1050	27	drop branch
1051	14	examine pigeons
1052	27	drop shroud
1053	12	get piece of paper and business card
1054	27	drop container and assignment
1055	1	bandage arm with rags
1056	14	x bulbs
1057	12	get eight of wands
1058	12	take 9
1059	14	examine rope
1060	8	give alpha to apollonius
1061	6	wipe web
1062	1	blorple 2
1063	28	turn it right 5
1064	8	give sushi to samurai
1065	14	examine plans
1066	27	drop spectacles
1067	12	get all cards
1068	8	give thumb to robot
1069	12	tell floyd to get shiny board
1070	5	eat tablet
1071	12	take pallet
1072	12	get coal
1073	12	take hoard
1074	24	ask k9 about sequence
1075	25	search mess
1076	1	close cold box
1077	28	turn bolt with wrench
1078	45	wear amulet
1079	39	put all in crate
1080	1	focus slide lens
1081	12	take seven coins from basis
1082	27	drop jacket
1083	1	enter shack
1084	12	take dusty brick
1085	14	examine chair
1086	1	enter white door
1087	12	get safe
1088	1	point wand at menhir
1089	12	take gores
1090	12	get scalpel
1091	45	wear flippers
1092	12	take jar
1093	12	take green rod
1094	14	examine safe
1095	12	take spar
1096	1	undress
1097	1	enter cloud
1098	12	get clear sphere
1099	7	read flimsy scroll
1100	27	drop spade
1101	27	push red
1102	12	get stained scroll
1103	12	get cue ball
1104	1	i
1105	39	put shiny in pot
1106	35	open telescope
1107	1	blow shawm
1108	12	take mud
1109	1	polish orb
1110	1	gnusto meef spell
1111	14	examine islet
1112	1	cast frotz on amulet
1113	1	get in web
1114	12	get c battery
1115	29	se
1116	35	open copier
1117	11	show scrap to chuckles
1118	14	x paper
1119	1	covert
1120	12	get bills
1121	27	drop bowl
1122	12	get robe
1123	12	get black
1124	12	get moss
1125	1	raise basket
1126	35	open compartment
1127	39	put sprig in cauldron
1128	39	put egg in pot
1129	14	x thug
1130	1	taclor kobold
1131	49	light lamp
1132	25	search sludge
1133	39	put coin in interest
1134	27	drop radio
1135	28	turn sceptre
1136	39	put mirror 1 in caliper
1137	24	ask marion about encyclopedia
1138	1	enter window
1139	12	get rod of fire
1140	1	blorple 5
1141	19	look in cannon
1142	14	examine volt meter
1143	45	wear cloak
1144	27	push joystick west
1145	28	turn knob
1146	39	put headdress in pot
1147	12	get mask
1148	14	examine fireplace
1149	14	x grenade
1150	35	open grate
1151	12	get puzzle box
1152	0	break cabinet
1153	45	wear jacket
1154	2	strike rod of ice
1155	14	x windy tunnel
1156	1	pour fluid in hole
1157	12	take scrap
1158	27	push statue w
1159	12	take rod
1160	12	take balloon
1161	27	move carpet
1162	49	light fuse with match
1163	11	show book to gnome
1164	12	get spectacles
1165	51	cut cable
1166	2	strike rod of bronze
1167	39	put decaf in pot
1168	12	get firestone
1169	39	put dagger in chest
1170	39	put firewood on hearth
1171	12	get antimacassar
1172	1	liskon me
1173	19	look at statue through telescope
1174	14	x plate
1175	39	put skull in case
1176	24	ask female about male
1177	27	drop fork
1178	27	press red
1179	39	put raisins on celery
1180	27	push painting
1181	12	take zm$100000
1182	4	rock, sw
1183	12	take bean pole
1184	12	take chelsea
1185	19	look under sill
1186	1	enter coffin
1187	14	examine tomb
1188	31	break padlock with hook
1189	1	gnusto espnis
1190	15	turn off lantern
1191	7	read notice
1192	52	turn dial to 639
1193	12	get red, blue and green cake
1194	12	get sphere
1195	39	put kettle on stove
1196	12	get pillow
1197	45	wear spectacles
1198	14	x lever
1199	17	rub oil on mirror 1
1200	12	take flimsy scroll
1201	25	search shape
1202	14	x forest
1203	35	open chest with needle
1204	17	touch w rune with rose
1205	39	put coal in basket
1206	12	get shuttle card
1207	24	ask angela about affliction
1208	14	x chest
1209	35	open brown bottle
1210	12	take whistle
1211	27	drop dragon and paper
1212	12	get lye
1213	19	look under lily pad
1214	36	hit dog
1215	35	close zipper
1216	12	get secateurs
1217	31	smash seal
1218	12	get gold
1219	1	lower short pole
1220	1	unlock door with iron key
1221	24	ask k9 about k9
1222	27	drop carton
1223	51	cut line with knife
1224	27	drop perfume
1225	19	look in mouth
1226	14	x coat
1227	35	open filing cabinet
1228	29	ne
1229	1	write on whiteboard with marker
1230	12	get tray
1231	11	show brick to gnome
1232	39	put all except book in zipper
1233	29	go ledge
1234	19	look at list
1235	39	put butter in pot
1236	14	x plants
1237	27	pull second peg
1238	14	examine pockets
1239	14	x shape
1240	12	take knife
1241	27	drop blanket
1242	39	put it in hole
1243	52	turn ring to fifth symbol
1244	9	drive to buckingham palace
1245	12	get broom
1246	43	wake homer
1247	27	throw it
1248	1	rezrov door
1249	12	take balsa beam from northern niche
1250	21	attach string to kite
1251	1	close outer
1252	24	ask charles about temple
1253	12	get device
1254	14	x arrangement
1255	18	take off dress
1256	39	put bazooka on claw
1257	17	hold breath
1258	27	drop robe in shaft
1259	39	put coin in jukebox
1260	8	give paper to girl
1261	15	turn drill off
1262	12	get ladder
1263	12	get pump
1264	27	drop clock
1265	27	drop food
1266	1	nitfol frogs
1267	14	x top shelf
1268	39	put pebble on second disk
1269	39	put brown sphere in pot
1270	12	take skink
1271	1	foblub yupple
1272	12	get mug
1273	39	put whistle in pot
1274	17	touch man
1275	12	take emerald
1276	12	take opener
1277	27	push purple
1278	1	write 9 on cube
1279	39	put gold in slot
1280	1	gondar dragon
1281	3	satchel
1282	39	put line in socket
1283	14	x carvings
1284	14	examine icicles
1285	5	eat brown goo
1286	12	take scroll
1287	12	get firework
1288	53	get out of forklift
1289	1	note vomit
1290	49	light match
1291	12	get peg
1292	27	drop passbook
1293	6	remove plug
1294	29	go through south wall
1295	1	leave bed
1296	1	gnusto foblub
1297	39	put probe in slab
1298	33	jump onto riser
1299	12	get lamp, glass and ampoule
1300	14	x label
1301	23	learn girgol
1302	24	ask wolf about pigs
1303	12	get flashlight
1304	12	get buoy
1305	14	x pen
1306	1	close furnace
1307	39	put x10 in second
1308	35	open aqua vial
1309	39	put diamond in basket
1310	19	look shelf
1311	1	unlock cupboard with key
1312	52	roll statue sw
1313	19	look into wagon
1314	24	ask male about invitation
1315	1	swanzo belboz
1316	19	look at paintings
1317	12	get fire
1318	27	drop antimacassar
1319	1	vaxum adventurer
1320	24	ask alan about key
1321	14	x flowers
1322	14	x wheels
1323	1	draw line from f to p
1324	35	open washing machine with poker
1325	37	buy drink
1326	27	drop newspaper
1327	39	put all in fireplace
1328	1	close receptacle
1329	6	scrape gum with card
1330	27	throw wishbone at ghost
1331	39	put red in glasses
1332	12	take pass
1333	14	x homing
1334	7	read subway
1335	24	ask hawker about candy
1336	14	x river
1337	21	tie scarf to signpost
1338	27	move rug
1339	12	take ledger
1340	28	turn roller on
1341	6	remove cloak
1342	41	ask for akbar
1343	14	x shelf
1344	24	ask pedlar about suitcase
1345	12	take gumball
1346	1	gnusto shazok
1347	27	drop coin
1348	39	insert red card in slot
1349	12	take moldy book
1350	14	x chairs
1351	14	examine shroud
1352	8	give silver to barker
1353	12	get lantern
1354	1	set constellations to horse
1355	12	get indigo card
1356	14	x terrock
1357	27	push pet
1358	35	open stone door
1359	35	open lid with spade
1360	39	put jar in purse
1361	24	ask kemp about circuit breaker
1362	14	x project status stud
1363	24	ask bum about brother
1364	1	enter roller
1365	35	open crate
1366	27	push tree north
1367	28	turn wireless on
1368	39	put white rod in pot
1369	5	drink potion
1370	12	get air tank
1371	25	search ash
1372	41	order drink
1373	12	get mace
1374	12	take hammer
1375	39	put dynamite in toaster
1376	14	examine toaster
1377	1	write 4 on cube
1378	12	get teleportation card and battery
1379	12	get alpha
1380	12	get diamond cluster
1381	27	throw club at herman
1382	11	show torch to gnome
1383	33	climb on stage
1384	27	drop magazine
1385	39	put string in brick
1386	8	give book to gnome
1387	1	look up indanaz in leshosh
1388	14	x cubicles
1389	27	drop carpet
1390	7	read brochure
1391	27	press lever
1392	40	play accordion
1393	8	give form to female
1394	27	throw ball at umbrella
1395	14	examine satellite
1396	1	launch command
1397	19	look at stephanie
1398	27	drop pickaxe
1399	1	starboard
1400	27	slide o
1401	39	put fuse in generator
1402	19	look in fissure
1403	12	take eyes with tongs
1404	19	look at scene
1405	14	x officer
1406	27	drop sword
1407	12	take note and card
1408	25	search refuse
1409	27	drop chair
1410	28	turn dial
1411	35	open cupboard
1412	12	take stopper
1413	27	press west wall
1414	1	enter access panel
1415	12	get pouch
1416	39	insert new battery in laser
1417	1	plug toaster into wall
1418	8	give magazine to madman
1419	39	put towel on valve
1420	25	search stand
1421	12	get silver
1422	1	unlock jewellery box with gold key
1423	14	examine tracks
1424	5	eat beef
1425	39	put 10 in box
1426	12	take dagger
1427	39	put ladder under tree
1428	27	drop flint
1429	27	press project status stud
1430	12	get matchbook
1431	12	take silver
1432	25	search garbage
1433	1	clean skeleton with moss
1434	12	get link
1435	12	get wet suit
1436	19	look in bottle
1437	14	x rack
1438	39	put net on hole
1439	1	unlock crypt
1440	16	k9, follow me
1441	14	x respirator
1442	12	take green sphere
1443	27	pull dial
1444	27	press green button
1445	14	x pass
1446	12	take splinter
1447	39	put scarab in case
1448	1	set slider to 31
1449	12	take bread from zipper
1450	14	examine skeleton
1451	12	get dynamite
1452	23	learn frotz
1453	39	put black in slot
1454	14	x table
1455	19	look in fountain
1456	17	touch obelisk
1457	14	x figure
1458	1	set throttle to fast
1459	15	turn on lantern
1460	27	drop matchbox
1461	25	search pocket
1462	14	x soft things
1463	7	read back of brown paper
1464	39	put knife in zipper
1465	1	close tapestry
1466	1	gnusto bekdab
1467	38	yes
1468	12	get flash
1469	14	examine wand
1470	8	give jewels to guard
1471	32	kill figure with sword
1472	8	give blue goblet to butler
1473	7	read instructions
1474	29	go under wall
1475	27	drop stethoscope
1476	1	guncho krill
1477	14	x vial
1478	14	x insect
1479	39	put hand in liquid
1480	24	ask gnome about fire
1481	27	pull anchor
1482	1	point it at knight
1483	27	guards, drop rifles
1484	35	open receptacle
1485	39	put gum on ass
1486	27	drop garlic
1487	24	ask delbin about ale
1488	35	open jewelry box
1489	12	get ruby
1490	27	drop plug
1491	6	remove shim
1492	12	get diamonds
1493	27	drop drill
1494	28	turn dial to 639
1495	27	drop crayon and pacquet
1496	8	give opal, ruby, sapphire and emerald to guard
1497	8	give case to jenny
1498	1	snavig grouper
1499	24	ask barkeep about thad
1500	14	examine cylinder
1501	12	get food
1502	27	move crank
1503	39	put white in unit
1504	12	take balsa beam
1505	12	get oil can
1506	12	take gnomon
1507	14	x device
1508	27	press switch b
1509	12	take silver coin
1510	46	fill canteen
1511	39	put red flag on speckled
1512	14	examine keg
1513	27	drop skink
1514	1	blow spices at lafond
1515	22	burn string
1516	1	blorple 1
1517	15	turn on slide projector
1518	45	wear ring
1519	8	give encyclopedia to marion
1520	12	get paddle
1521	1	enter hole
1522	7	read newspaper
1523	12	take 10
1524	12	get pillar
1525	1	wait
1526	29	w
1527	12	get 3
1528	19	smell smoke
1529	5	eat bar
1530	12	get keys
1531	12	get sword
1532	45	wear balm
1533	1	unlock box with screwdriver
1534	14	x flue
1535	14	examine charles
1536	12	get bench
1537	13	cover trapdoor with bearskin rug
1538	15	turn on flashlight
1539	24	ask tip about grid
1540	28	turn c
1541	27	drop cutter, flask and axe
1542	14	x scanner
1543	12	get implement
1544	12	get husbandry
1545	27	drop cup
1546	12	take chest
1547	27	drop green rod
1548	46	fill milkbottle with pondwater
1549	39	put wheel on peg
1550	39	put screwdriver in basket
1551	39	put stick in hole
1552	1	caskly chewed scroll
1553	11	show crossbow to dragon
1554	12	take box
1555	7	read spotted scroll
1556	1	unlock toolshed with small key
1557	14	x bar
1558	39	put round stone into grating
1559	1	note counter
1560	1	set fourth wheel to 9
1561	39	put fluff in bag
1562	39	put card in pocket
1563	39	lean ladder against fence
1564	27	pull line
1565	14	examine dial
1566	52	turn switch off
1567	23	learn vaxum
1568	7	read letter to woman
1569	12	take hamburger
1570	1	gnusto gloth
1571	27	throw green at gray
1572	24	ask george about gumball
1573	1	pour wine in green goblet
1574	27	pull clean hook
1575	35	open cauldron
1576	14	x mushroom
1577	45	wear badge
1578	10	sit on carpet
1579	27	drop stand
1580	27	throw star at young woman
1581	12	take yellow powder
1582	35	unscrew gnomon
1583	27	push coffin n
1584	50	talk to empirious
1585	12	get shimmering scroll
1586	14	x clover
1587	27	drop emerald
1588	12	take robe
1589	5	eat fruit
1590	12	take analgesic
1591	5	eat green goo
1592	43	wake falcon with salts
1593	12	take flag
1594	12	get file
1595	1	caskly moldy book
1596	7	read scriptures
1597	27	push bunk
1598	19	look through astrolabe
1599	12	get fan
1600	39	insert violet card in slot
1601	14	x fungus
1602	12	get token
1603	12	get coffer
1604	42	hit box
1605	12	get pencil
1606	24	ask charles about chest
1607	14	x watch
1608	1	load it
1609	14	examine key
1610	12	get long steel key
1611	29	stage
1612	39	put splinter into crevice
1613	1	pour vodka in cola
1614	1	lock cabinet with key
1615	27	pull branch
1616	1	z
1617	39	put magnet on mine
1618	1	record scene
1619	14	examine missile
1620	52	turn ring to seventh symbol
1621	1	lower ladder
1622	16	follow gnome
1623	7	read lettering
1624	12	get lockpick
1625	14	examine hooks
1626	39	put golden chalice in knapsack
1627	14	x gauge
1628	27	pull flower
1629	1	enter handcar
1630	8	give cola to britney
1631	1	pour water on net
1632	27	move block
1633	12	ask wiggins to get garnet
1634	31	break glass with hammer
1635	8	give coin to bartender
1636	14	x servers
1637	12	get teapot
1638	35	open throttle
1639	27	pull hose
1640	14	x trapdoor
1641	1	pour water on coin
1642	27	slide a
1643	12	get key, jewels and whistle
1644	1	lower flag
1645	12	get puzzle box and flute
1646	27	press down
1647	12	get garlic
1648	12	take 3
1649	27	drop decaf
1650	27	drop fruit
1651	1	set thermostat to warm
1652	27	drop padlock
1653	27	push autopilot button
1654	39	put yellow powder in kettle
1655	43	wake gnome
1656	27	drop crown, stamp, zorkmid and ruby
1657	49	light candles with match
1658	27	push pine panel
1659	19	look at ron
1660	27	drop screwdriver
1661	7	read stained scroll
1662	33	climb up piano
1663	27	move slab
1664	27	push boulder
1665	12	get ruby cluster
1666	12	take statuette
1667	28	turn nephthys
1668	27	press status stud
1669	35	adventurer, open door
1670	12	take lemming
1671	12	get gear
1672	14	examine computer
1673	39	put moss in nest
1674	4	robot, north and press triangular button
1675	12	take vial
1676	14	examine notice
1677	39	put pouch in toolkit
1678	23	learn izyuk
1679	11	show invitation to butler
1680	12	take selfie
1681	24	ask allarah about jewel
1682	12	get all
1683	39	put bladder in sack
1684	27	press south wall
1685	39	put bauble in case
1686	1	gnusto feeyuk
1687	27	drop firework
1688	14	x crane
1689	12	take pillow
1690	14	examine cups
1691	12	get daisy
1692	14	examine urchin
1693	10	sit on green rock
1694	12	get beef
1695	1	unlock it with gothic key
1696	1	look up william on nameplate
1697	24	ask dragon about trinket
1698	27	pull ropes
1699	24	ask barman about job
1700	29	go to statue
1701	27	drop spoon
1702	27	press brown button
1703	45	wear veil
1704	5	drink coke
1705	1	unlock chain with brooch
1706	35	open door
1707	12	take decaf from pot
1708	39	put emerald cluster in knapsack
1709	39	put dornberries in pot
1710	39	put scraps on anvil
1711	4	hole, w
1712	12	get rod of sacrifice
1713	25	search grass
1714	12	get kit
1715	39	put towel on your head
1716	12	get out
1717	23	learn lleps
1718	27	slide lower card through slot
1719	35	open canteen
1720	14	examine barrels
1721	12	take beam from eastern niche
1722	14	examine rolls
1723	1	note it
1724	7	read writings
1725	39	put all in toolkit
1726	7	read list
1727	14	examine map
1728	10	lie on couch
1729	1	latitude is 25
1730	12	take cola
1731	27	drop sack
1732	12	take card
1733	39	put peanut butter on celery
1734	1	throck weed
1735	12	get cloth
1736	39	put lye on moss
1737	24	ask what gnome looking for
1738	34	away
1739	36	attack crulley
1740	39	put x8 on second pile
1741	19	smell car
1742	52	turn ring to second symbol
1743	8	give book to twin
1744	27	drop pigeon
1745	4	rock, n
1746	17	touch pad
1747	36	hit plaster with pickaxe
1748	14	x tower
1749	14	examine plant pots
1750	1	point rod of returning at me
1751	27	push button 9
1752	11	show warranty
1753	49	light flashlight
1754	18	take off gown
1755	12	get brown
1756	2	strike rod of luck
1757	27	push yellow button
1758	17	lick pet
1759	16	follow mouse
1760	1	open map
1761	27	drop flashlight
1762	1	gnusto huncho
1763	12	take thyme
1764	7	read crypt
1765	27	drop walkie
1766	52	turn dial to 11
1767	7	read research paper
1768	14	examine children
1769	13	cover hole 6
1770	12	take boots
1771	14	examine enclosure
1772	1	click lpr
1773	12	take door
1774	12	get all from coffin
1775	1	point it at rod of life
1776	27	throw meat in passage
1777	52	turn nephthys
1778	33	climb on table
1779	23	learn espnis
1780	12	get x12
1781	45	wear gas mask
1782	1	point at coconut
1783	12	take handkerchief
1784	14	x man
1785	1	unlock box 600 with key
1786	35	open navy-blue box
1787	15	turn radio on
1788	12	get canary
1789	12	get off chair
1790	45	wear wet suit
1791	52	turn crank
1792	14	examine axe
1793	27	drop boots
1794	27	throw laser into void
1795	12	take gloves
1796	27	drop diamonds
1797	12	get map
1798	41	ask for mycroft holmes
1799	23	learn tinsot
1800	52	turn key
1801	35	open catch
1802	35	open claws
1803	1	record
1804	17	rub bug
1805	38	swordfish
1806	39	put white in toolkit
1807	12	get candy and gold key
1808	24	ask george about beetlebaum
1809	14	x farm
1810	12	take clover
1811	12	take x8, x9, x10, x11
1812	27	drop volcano in water
1813	12	take blue
1814	7	read wall
1815	12	get weeds with fork
1816	12	get newspaper
1817	27	push button enter
1818	27	drop calendar
1819	14	examine meteor
1820	17	touch control stud
1821	12	get padlock
1822	14	examine huge bed
1823	36	attack dragon with sword
1824	12	get honey
1825	12	get acorns
1826	35	open flask
1827	12	get mousetrap
1828	39	put handcuffs on rods
1829	1	enter gazebo
1830	12	get teddy
1831	14	x brick
1832	12	get glider
1833	28	turn ring to second symbol
1834	27	drop umbrella
1835	1	surf the net
1836	44	unhook chain
1837	39	put homing in hatch
1838	14	examine dynamite
1839	34	echo
1840	39	put skink in cauldron
1841	14	x right screen
1842	52	roll statue se
1843	12	get rug
1844	1	meef weeds
1845	7	read spreadsheet
1846	14	x printer
1847	1	paint cue ball
1848	24	ask k9 about reactor
1849	39	put card in slot
1850	27	throw brown at black
1851	28	turn dial to 3
1852	35	open access panel
1853	42	hit plaster with pickaxe
1854	39	put scraps in forge
1855	27	drop rubies
1856	35	open matchbox
1857	39	put six coins in overhead
1858	1	hide behind president
1859	14	x vent
1860	39	put large key on keyring
1861	52	shake safe
1862	45	wear it
1863	1	gnusto scroll
1864	14	x window
1865	1	unlock chest
1866	39	insult joe
1867	27	put all down
1868	27	push button 7
1869	14	x safe
1870	39	put paper in pocket
1871	12	get mirror
1872	51	cut line with dagger
1873	1	close outer door
1874	14	x duct
1875	1	izyuk myself
1876	27	throw axe at dwarf
1877	1	get down
1878	35	open tin
1879	25	search valuables
1880	1	unlock bronze door with key
1881	1	tossio golem
1882	12	take jug
1883	52	turn c
1884	38	sword
1885	14	examine cage
1886	1	point sacrifice at board
1887	53	get out of web
1888	27	drop dumbells
1889	45	wear shield
1890	14	x tray
1891	39	put epic poem in kappa
1892	35	open tray
1893	35	open jewellery box
1894	52	turn screw
1895	12	take oak
1896	52	shake pan
1897	7	read card
1898	38	berknip
1899	1	egdelp cabinet
1900	19	smell it
1901	35	open floyd
1902	27	push piano east
1903	39	put hand on statue
1904	14	x kite
1905	8	give novel to alan
1906	14	x book
1907	27	push button 1
1908	29	ahead
1909	12	take stand
1910	15	turn on light
1911	27	drop leaflet
1912	12	get spar
1913	35	open closet
1914	12	take radio
1915	35	open window
1916	39	put packet in pan
1917	49	light firewood with match
1918	1	erase line between m and v
1919	14	examine fusebox
1920	14	examine diagram
1921	31	tear it
1922	39	put gold in toolkit
1923	12	get gigantic bowl
1924	35	open quartz cover
1925	49	light candle
1926	28	turn gnomon
1927	1	click on more
1928	7	read torn
1929	25	search wreck
1930	14	examine coconuts
1931	29	in
1932	14	x crossbow
1933	10	sit on dragon
1934	27	pull chain
1935	24	ask male about daddy
1936	14	x shadow
1937	39	put compass rose in carving
1938	27	push wireless north
1939	12	take binoculars
1940	11	show ledger to magistrate
1941	39	put silver in slot
1942	12	get cheese
1943	39	put worm in fountain
1944	23	learn pulver
1945	12	get knapsack
1946	14	examine hole
1947	1	set compass to crane
1948	12	take dirty scroll
1949	1	pulver river
1950	12	take thick brick
1951	52	wave stick
1952	1	wait for 35 minutes
1953	12	get tea
1954	27	push bell
1955	25	search thicket
1956	1	unplug tv
1957	12	get star
1958	12	get volume
1959	50	talk to queenie
1960	31	break frame
1961	8	give amulet to bum
1962	8	give eggs
1963	14	x curtain
1964	34	say yello
1965	39	insert green card in slot
1966	12	get large key
1967	12	take all from pot
1968	15	turn on film projector
1969	8	give shilling to wiggins
1970	29	mouse, west
1971	12	take leaf
1972	6	remove glasses
1973	12	take pigeon
1974	14	x fuse
1975	31	smash padlock with pickaxe
1976	1	fie
1977	27	press button
1978	1	oozelumny
1979	14	x bay
1980	39	put feather on left
1981	24	ask holmes about ash
1982	1	blorple 12
1983	27	drop ticket
1984	14	x swallow
1985	12	get blue paper
1986	7	read emerald scratch with glass
1987	27	push statue
1988	7	read old book
1989	14	x panel
1990	39	put silver coin on left
1991	39	put toy in pot
1992	19	look under loudspeaker
1993	27	drop dummy
1994	1	agganrw
1995	39	put knife in purse
1996	1	google it
1997	14	x coach
1998	12	take red scroll
1999	12	get porridge oats
2000	20	reach in zipper
2001	39	insert good bedistor in cube
2002	1	blow dust
2003	23	learn izyuk spell
2004	12	take ladder
2005	48	sleep
2006	27	drop canteen and shuttle card
2007	12	get stethoscope
2008	8	give case to harry
2009	10	sit down
2010	52	wave beads
2011	1	note dryer
2012	14	x drain
2013	12	get lens
2014	39	put brick in hole
2015	12	get gumball
2016	49	light pipe with match
2017	27	drop all except bottle
2018	15	turn off electricity
2019	39	put it in opening
2020	1	close jar
2021	9	drive to trafalgar square
2022	1	get in basket
2023	12	take volcano
2024	12	get bean pole
2025	39	put sceptre in first socket
2026	14	x opener
2027	27	push dusty s
2028	14	x writing
2029	28	turn m
2030	15	turn on engine
2031	6	remove old battery
2032	27	push ball southwest
2033	14	x information stud
2034	1	wait for johnny
2035	39	put amber in socket
2036	12	get new battery
2037	14	x statue
2038	12	get indigo vial
2039	14	x bowl
2040	12	take painting
2041	35	open case
2042	1	upload video
2043	27	pull shaft
2044	39	put bracelet in case
2045	7	read matchbook
2046	1	blorb adventurer
2047	12	get stamp
2048	12	take light
2049	3	paper
2050	12	get maiden
2051	12	take shaft
2052	1	pour water on plant
2053	12	take icicle
2054	22	burn rope with candle
2055	39	put paper in receptacle
2056	28	turn it on
2057	7	read pages
2058	14	examine cauldron
2059	27	drop notice
2060	27	drop box
2061	35	open clam with trident
2062	39	put tobacco in pipe
2063	17	touch calibration
2064	27	pull cloth
2065	12	get poe
2066	13	hide ring under seat
2067	39	put steel key on keyring
2068	39	put satchel in front of panel
2069	12	get wallet
2070	35	knight, open flagstone
2071	10	lie on bed
2072	1	pour liquid on torch
2073	26	shoot rope with crossbow
2074	46	fill bath
2075	35	open forge
2076	23	learn blorb
2077	12	take tea
2078	19	look at tag through lens
2079	14	x torn clothes
2080	1	wait for 36 hours
2081	12	get bucket
2082	27	drop crampons
2083	1	set radio to 1170
2084	12	take flour
2085	1	gnusto egdelp
2086	19	look in cabinet
2087	27	push bed
2088	39	put link in drawer
2089	8	give copy to male
2090	29	e
2091	29	west
2092	6	remove hood
2093	23	learn melbor
2094	27	drop third brick
2095	25	search wine rack
2096	12	get envelope
2097	12	get wand
2098	23	learn zifmia
2099	35	open pacquet of paper
2100	12	get soap
2101	12	get plotter
2102	27	drop them
2103	35	open towel
2104	1	tinsot fragment
2105	39	put gold in plate
2106	27	drop ladder
2107	14	x implementor
2108	12	take keys with pole
2109	27	move stone
2110	27	drop all but lens
2111	12	take wand
2112	12	get pole
2113	12	take gun
2114	45	wear shroud
2115	7	read white scroll
2116	12	get rock
2117	14	x wheel
2118	12	get flask
2119	45	wear skis
2120	12	take blue carpet
2121	19	look in bucket
2122	12	take cereal
2123	27	drop first brick
2124	8	give violin, necklace, ruby, stamp, zorkmid, crown and dragon to demon
2125	27	press east wall
2126	12	take white scroll
2127	1	unplug coaxial cable
2128	1	strike it
2129	14	x prep table
2130	27	press powerup
2131	27	drop bear
2132	14	examine white  statuette
2133	12	take rune
2134	14	x white pillar
2135	27	move lighted portrait
2136	14	examine radio
2137	14	examine book
2138	1	zifmia adventurer
2139	19	look in closet
2140	45	wear watch
2141	39	put ticket in slot
2142	39	jam branch under plate
2143	46	fill battery
2144	12	get sack
2145	19	l in hatch
2146	8	give garter to papa
2147	15	turn on homing
2148	27	drop all
2149	27	drop egg
2150	39	put arrow in crossbow
2151	35	open lid
2152	11	show hand to urchin
2153	1	bozbar horse
2154	27	drop it and pliers
2155	27	drop head
2156	33	climb down chimney
2157	12	get bar
2158	52	shazok storm
2159	1	extend ladder
2160	39	put star on pack
2161	8	give garnet to akbar
2162	52	wave bean pole
2163	1	blow horn
2164	35	open zipper
2165	12	get dead mouse
2166	27	push wand
2167	12	get ticket
2168	1	steer towards rocky spire
2169	1	look up mordecai in record
2170	15	turn on stove
2171	14	x mural
2172	8	give money to hawker
2173	8	give tablets to trent
2174	14	x stranger
2175	1	shout
2176	51	cut flower
2177	29	go stump
2178	15	turn radio off
2179	14	x grass
2180	45	wear shirt
2181	45	wear gown
2182	28	turn dial right 3
2183	41	ask spirit for name
2184	12	get violet card
2185	12	take bird
2186	12	take paper
2187	27	drop package
2188	14	x k9
2189	39	put gnomon in hole
2190	8	give paper to professor
2191	35	open air supply system with tool
2192	12	get remote control
2193	39	insert beam in niches
2194	1	frotz burin
2195	10	sit in medium-sized chair
2196	14	x rags
2197	8	give bread to old man
2198	39	put large plug in large receptacle
2199	12	get emerald
2200	12	get mirror 1
2201	7	read poetry
2202	14	x mirror
2203	12	get gem
2204	25	search workbench
2205	14	x hand
2206	24	ask gnome about statue
2207	7	read ledger
2208	1	oil door
2209	5	eat berries
2210	27	drop chest
2211	27	drop wine
2212	8	give safe to mark
2213	14	x technician
2214	31	break bubble with axe
2215	27	throw rope north
2216	53	get out of chair
2217	21	tie chain to me
2218	35	open bird
2219	12	take dish
2220	4	remove opener and drop it
2221	14	x key
2222	12	get coat
2223	39	put box in zipper
2224	31	smash case with broom
2225	1	raise short pole
2226	1	set compass to swallow
2227	8	give bell
2228	33	climb out of pipe
2229	35	marvin, open the hatch
2230	12	get beer
2231	35	open it
2232	12	get pearl
2233	1	write prize on featureless
2234	27	drop water
2235	14	x sequence stud
2236	29	down
2237	12	take term paper
2238	14	x mask
2239	41	ask coach for trophy
2240	34	say agamemnon
2241	27	push fountain
2242	12	take bucket
2243	7	read frayed scroll
2244	53	get out of bed
2245	5	drink whiskey
2246	52	wave clover
2247	35	open carton
2248	50	talk to sleaze
2249	24	ask bum about himself
2250	12	get embers
2251	50	talk to stephanie
2252	15	turn off flashlight
2253	23	learn swanko
2254	28	turn ring to seventh symbol
2255	1	unlock cage
2256	12	take axe
2257	12	take bronze coin from left pan
2258	1	unlock hatch with brass key
2259	1	get on horse
2260	24	ask gnome about color magnet
2261	19	look at frank
2262	12	get ampoule
2263	1	unlock door with brass key
2264	27	drop shim
2265	1	note tables
2266	1	unlock west door
2267	12	take shield
2268	1	fwoosh
2269	14	x water
2270	35	open buoy
2271	14	x dusty brick
2272	14	examine shiny scroll
2273	35	open toilet
2274	52	wave spindle
2275	15	turn on microphone
2276	12	get ball
2277	19	look at screen
2278	27	drop it
2279	1	close access panel
2280	14	x pool
2281	24	ask male about work
2282	1	close slot
2283	23	learn fweep
2284	52	wave pole
2285	1	look up yetzuiz in fresto
2286	7	read business card
2287	52	turn dial to 47
2288	27	drop sticker
2289	14	x desks
2290	12	take manual
2291	27	drop torch
2292	14	x card
2293	12	get chalice
2294	1	oil secateurs
2295	24	ask trent about elizabeth
2296	35	open back door
2297	12	get firewood
2298	14	x paint splotches
2299	12	get popcorn
2300	12	get bottle
2301	39	put sphere on pentagram
2302	28	turn ring to fifth symbol
2303	6	remove brick
2304	12	get medicine bottle
2305	7	read huge tome
2306	33	climb beanstalk
2307	12	take red rod
2308	35	open tarot box
2309	11	show note to charles
2310	12	get glasses
2311	14	examine card
2312	14	examine mouth
2313	21	tie chest to rope
2314	15	turn on bulb
2315	1	gnusto tossio
2316	27	drop aqua vial
2317	39	put chain on hook
2318	14	x console
2319	36	hit creature with hook
2320	14	x pig
2321	39	put flask under spout
2322	8	give candy to lizard
2323	27	drop camera
2324	12	get head
2325	14	examine ash
2326	14	x bats
2327	27	move wardrobe
2328	8	give pork to wolf
2329	34	say even
2330	1	write 12 on cube
2331	1	unlock grate with keys
2332	39	put rag in pot
2333	14	examine bubble
2334	14	examine television
2335	27	push yellow
2336	45	wear razor
2337	12	take tinsel
2338	39	put torch in basket
2339	39	put bit in tea
2340	1	type 384
2341	12	get rod
2342	14	examine white door
2343	17	touch yellow
2344	14	x bag
2345	14	x footprints
2346	14	examine lights
2347	12	get carton
2348	27	slide k
2349	23	learn rezrov
2350	14	examine wight
2351	1	blow whistle
2352	1	enter pram
2353	39	put oak on table
2354	1	point it at me
2355	12	get bird
2356	1	cuss
2357	14	examine slip
2358	39	put mukhtar on table
2359	14	x wall
2360	1	unlock door with key
2361	1	type "bleem"
2362	39	put umbrella on pool
2363	11	show term paper to frobar
2364	1	tip boot
2365	35	open slab
2366	1	close locket
2367	12	take club
2368	12	take dusty scroll
2369	27	throw book at outcrop
2370	27	drop plans
2371	14	x powerup stud
2372	27	push red button
2373	14	x counter
2374	45	wear locket
2375	12	get laser
2376	1	wedge doors with axe
2377	12	get epic poem
2378	1	unlock cabinet with shiny key
2379	12	get crow
2380	14	examine bottle
2381	27	slide kitchen card through slot
2382	12	take vase
2383	8	give gram to danielle
2384	27	drop all but pager
2385	20	clap
2386	52	turn wheel left
2387	12	get pistol
2388	29	fore
2389	12	get pyramid
2390	39	put branch under boulder
2391	14	examine crabs
2392	12	get dumbells
2393	12	get can
2394	1	stand in short line
2395	12	get electromagnet
2396	52	wave staff
2397	14	x outcrop
2398	29	norbert
2399	27	push south wall
2400	25	search tray
2401	27	drop dino
2402	17	touch
2403	1	look up wilhelm in album
2404	12	get pendant
2405	19	listen to dial
2406	27	throw rope into chute
2407	14	x wire
2408	1	note stools
2409	11	show blue to trent
2410	29	aft
2411	12	take torch
2412	38	reply
2413	12	get line
2414	24	ask belboz about me
2415	7	read scrawled
2416	23	learn foblub
2417	1	write 6 on cube
2418	11	show card to librarian
2419	12	get wine
2420	19	look in hole
2421	27	drop bees
2422	12	take cube
2423	25	search top
2424	14	x pack
2425	12	get knife
2426	12	get all from demijohn
2427	1	unlock northern door with flat key
2428	12	take peanut butter
2429	12	get all from basket
2430	12	get hydrant
2431	50	talk to woman
2432	8	give teddy to woman
2433	8	give gram to ed
2434	33	jump to beanstalk
2435	8	give drink to frank
2436	1	gnusto exex spell
2437	6	remove suit
2438	1	unlock handcuffs with key
2439	35	open white door
2440	36	hit board
2441	8	give envelope to woman
2442	14	examine watch
2443	19	look at bookshelf
2444	14	x flower
2445	19	look for pig
2446	14	x handle
2447	14	examine bridge
2448	12	get hyrax
2449	35	open drawer
2450	27	throw bricks
2451	7	read twisted
2452	12	get toolkit
2453	13	cover opening with blanket
2454	1	close reactor
2455	12	get coins
2456	52	sharpen knife on rock
2457	24	ask bly about problem
2458	7	read label
2459	8	give pan to guard
2460	1	urbzig mace
2461	17	touch ne rune with rose
2462	27	drop pile
2463	24	ask fairy godmother about dress
2464	15	turn on drive
2465	17	kiss corpse
2466	24	ask harry about eddie smaldone
2467	39	insert blue card in slot
2468	41	ask sydney for hat
2469	1	consult scriptures about planes
2470	24	ask pedlar about beans
2471	39	put it in niche
2472	27	drop axe
2473	19	look in coat
2474	1	gnusto melbor spell
2475	14	x switch
2476	12	take glasses
2477	32	kill sofia with opener
2478	1	open app
2479	46	fill bucket with water
2480	27	drop painting
2481	27	drop matches
2482	33	climb idol
2483	7	read sign
2484	1	xyzzy
2485	8	give puzzle box to proprietor
2486	39	put scarab in small recess
2487	45	wear fish
2488	19	look under jukebox
2489	35	open jeep
2490	39	put trident in case
2491	34	say -120 to garrulous
2492	1	blorple 4
2493	27	drop flat key
2494	39	put ladder across rift
2495	14	x nest
2496	8	dragon, give ring to me
2497	12	take picture
2498	42	kick thug
2499	12	take gothic key
2500	27	drop telescope
2501	1	pour coffee in drain
2502	39	put silver chalice in knapsack
2503	27	drop zm$100000
2504	12	take capsule
2505	1	exit shack
2506	27	drop bottle
2507	7	read pale scroll
2508	7	read muddy scroll
2509	12	get emerald cluster
2510	1	bunyon
2511	39	put mace cube in top right socket
2512	27	drop photo
2513	12	take right foot
2514	14	x well
2515	12	take umbrella
2516	17	touch table
2517	5	feed birds
2518	1	blorple 3
2519	14	examine fin
2520	12	get particule
2521	33	climb down rope
2522	7	read hieroglyphs
2523	1	unlock chest with brass key
2524	5	eat it
2525	14	examine packet
2526	12	get orange card
2527	35	open william coffin
2528	12	take feather
2529	27	drop finch
2530	14	x boxes
2531	29	east
2532	19	look under cushion
2533	14	x rods
2534	35	open kit
2535	1	enter right end of plank
2536	39	put emerald in case
2537	39	insert capsule into reactor
2538	12	take lantern
2539	35	open chest
2540	1	jindak
2541	27	push button 3
2542	51	chop ice with axe
2543	27	push moldy n
2544	39	put sketch in projector
2545	7	read plaque
2546	34	say to twin "the combination is 639"
2547	12	get bear
2548	12	get jewelry
2549	12	get whistle
2550	39	put grenade in cupboard
2551	3	jacket
2552	14	examine glass case
2553	1	play arcade
2554	25	search table
2555	32	kill troll with sword
2556	7	read brittle scroll
2557	27	throw rod
2558	12	get miniaturization card
2559	25	search window
2560	27	push green button
2561	14	examine reeds
2562	14	x bladder
2563	23	learn blorple
2564	27	drop amulet
2565	14	x bushes
2566	12	take flour from pot
2567	12	get kitchen card and upper card
2568	27	drop all but flashlight
2569	35	open mailbox
2570	34	here kitty kitty
2571	39	put laudanum in blue goblet
2572	39	put ladder in well
2573	35	open coffin
2574	1	huncho vase
2575	12	get portrait
2576	1	golmac me
2577	14	x sign
2578	12	take coin from basis
2579	12	get sprig
2580	39	put lens in telescope
2581	1	pour hot porridge in gigantic bowl
2582	14	x studs
2583	6	wipe celery with napkin
2584	31	smash cabinet
2585	27	drop trident
2586	12	get steel key
2587	12	take note
2588	27	push dionysus southwest
2589	12	get pacquet, paper and crayon
2590	31	break window
2591	39	put x1 in first
2592	19	look in displaycase
2593	23	learn ozmoo
2594	8	demon, give me wand
2595	27	drop teapot, rose, candy and gold key
2596	27	drop nugget
2597	27	press start
2598	14	x button
2599	8	give pork to crocodile
2600	17	touch bottom
2601	52	turn wheel off
2602	12	get off carpet
2603	23	learn snavig
2604	8	give box of chocolates to jemima
2605	12	get poetry
2606	52	turn dial right
2607	1	pour water in silver chalice
2608	1	yomin barker
2609	1	point to key
2610	12	get trowel
2611	7	read green
2612	6	remove mask
2613	27	drop shawm
2614	35	open vial
2615	12	get aqua vial
2616	12	get tarot box
2617	41	ask mary for ladder
2618	14	x old man
2619	35	open pizza box
2620	12	get corn
2621	8	give gram to silas
2622	27	drop toupee
2623	14	examine boots
2624	12	get cutter
2625	27	drop myrrh
2626	0	break door
2627	28	turn dial to 11
2628	1	blorple 11
2629	12	get amber
2630	17	touch thing with pole
2631	36	hit bung with mace
2632	12	get wrought iron key
2633	12	take black rod
2634	1	urbzig snake
2635	12	get brown paper
2636	39	hang it on hooks
2637	14	examine dresser
2638	19	look at shape
2639	8	give pork chops to wolf
2640	1	liskon snake
2641	12	get crumpled scroll
2642	49	light coal
2643	14	x compass
2644	1	write 11 on cube
2645	52	turn selkis
2646	14	examine bookcase
2647	1	zemdor blue box
2648	23	learn huncho
2649	12	take wrapper
2650	1	chew gum
2651	31	tear cloth
2652	33	jump to brown rock
2653	8	give pass to reunite
2654	7	read missive
2655	27	drop bladder
2656	24	ask governor about key
2657	12	get battery
2658	12	take watch
2659	27	move bookshelf
2660	12	get green card
2661	27	drop small key
2662	8	give gold locket to creature
2663	1	frotz candle
2664	14	x rock
2665	27	drop bird
2666	36	hit icicle with umbrella
2667	12	take dodo
2668	12	get gown
2669	1	set fifth wheel to 3
2670	25	search shelves
2671	12	get ace
2672	14	x globe
2673	12	get coin
2674	27	push knob
2675	12	get fig
2676	7	read it
2677	16	follow ford
2678	14	examine coffin
2679	27	drop cardboardbox
2680	1	erase line between b and r
2681	39	put copper key on keyring
2682	29	right
2683	1	foblub man
2684	14	x magnetite
2685	14	x panels
2686	12	get bazooka
2687	51	cut jacket with glass
2688	12	get all from cabinet
2689	34	say minirva
2690	12	get satchel
2691	1	unlock lock with lockpick
2692	29	tell floyd to go north
2693	27	pull third peg
2694	12	get stick
2695	19	look in safe
2696	12	take trophy
2697	27	drop booklet
2698	12	take shovel
2699	1	greet gnome
2700	12	get rods from sack
2701	39	put pack on gum
2702	1	gnusto ledak
2703	21	tie rope to branch
2704	1	aimfiz belboz
2705	12	take red flag
2706	14	x murals
2707	27	slide t
2708	12	take napkin
2709	1	dock
2710	4	turtle, se and get scroll then nw
2711	1	hack terminal
2712	15	turn off torch
2713	19	look under stove
2714	12	take beam from southern niche
2715	1	close trapdoor
2716	27	drop screw
2717	12	take book
2718	19	look in it
2719	27	slide ticket under front
2720	29	nw
2721	24	ask bum about crypt
2722	12	get magic bean
2723	12	get bread
2724	34	tell bum about skull
2725	12	take pebble
2726	12	get grimoire from box
2727	35	open briefcase
2728	1	rezrov box
2729	14	x sheet
2730	17	touch nw rune with rose
2731	12	get bell
2732	19	look behind tapestry
2733	1	note sink
2734	39	put torch in well
2735	27	drop shovel
2736	30	reach into hole
2737	52	roll statue nw
2738	19	look under floorboard
2739	12	take tongs
2740	12	get spindle
2741	14	x huge statue
2742	14	examine switch
2743	45	wear sandals
2744	14	x hermit
2745	31	break wall
2746	46	fill it with water
2747	45	wear boots
2748	34	dehlila
2749	7	read blueprint
2750	15	turn off lamp
2751	1	pour liquid on body
2752	12	take myrrh
2753	24	ask k9 about control
2754	39	put ship in mounted bottle
2755	14	x car
2756	14	x crack
2757	14	examine ring
2758	1	blorple 10
2759	12	get mud
2760	1	close circuit breaker
2761	7	read cracked
2762	39	put stone in fire
2763	27	drop brown
2764	39	put soap on zipper
2765	27	pull quartz
2766	34	hello
2767	12	take white rod
2768	14	x pile
2769	12	get crossbow
2770	14	examine herbs
2771	1	save mp4
2772	14	x arcade
2773	27	drop glasses
2774	25	search machines
2775	7	read map
2776	1	lower basket
2777	39	put figurine in case
2778	35	open historical
2779	1	rezrov gate
2780	39	put cereal in pot
2781	7	read vellum scroll
2782	27	drop pot
2783	12	take egg
2784	1	write 2 on cube
2785	29	go to windy cave
2786	11	show envelope to johnny
2787	12	get rose
2788	14	x generator access
2789	7	read damp scroll
2790	1	close valve
2791	39	put firework in toolkit
2792	1	dig ground with axe
2793	12	get diamond
2794	12	take all
2795	1	enter dumb waiter
2796	35	open cell door
2797	27	push left button
2798	12	get berries
2799	24	ask k9 about door
2800	12	take thorn
2801	12	get printer
2802	34	say carte
2803	17	touch mist
2804	39	put brass key on keyring
2805	12	get finch
2806	12	get penguin
2807	27	drop vial
2808	1	enter curtain
2809	27	push dusty n
2810	12	get orb
2811	21	tie tinsel to coin
2812	39	put coin in zipper
2813	7	read blackened
2814	8	give bananas
2815	35	open dish washer
2816	24	ask hacker about keys
2817	14	x clock
2818	7	read book
2819	1	look up edward in record
2820	12	take crumpled scroll
2821	12	take crunchy cereal
2822	14	examine post
2823	12	get yellow
2824	21	tie rope to altar
2825	12	get clothes
2826	27	drop all bricks
2827	13	cover hole 3
2828	1	clean lump
2829	1	dig earth
2830	39	put clover on coin
2831	24	ask belboz about cube
2832	24	ask gnome about mother
2833	12	get fork
2834	39	put star crystal in dagger
2835	12	take clock
2836	35	open car
2837	27	throw silver at white
2838	15	turn on walkie
2839	12	take shawm
2840	14	x tables
2841	12	get luck
2842	12	take all from basket
2843	12	take silver rod
2844	19	look
2845	35	open fridge
2846	15	turn drill on
2847	1	gnusto gondar spell
2848	25	search ice
2849	8	give rose to knight
2850	1	blorple 9
2851	52	turn dial
2852	46	fill bowl
2853	14	x storm
2854	39	put invite in copier
2855	12	get skis
2856	39	put collar on dog
2857	45	wear sack
2858	39	put glass in crack
2859	19	look under table
2860	1	start engines
2861	28	turn wheel
2862	14	x cup
2863	17	rub flower
2864	35	open envelope
2865	29	up
2866	6	remove bit
2867	1	enter waterfall
2868	12	get egg
2869	12	take all from basis
2870	46	fill tank with air
2871	39	put new battery in torch
2872	27	drop bar
2873	27	drop bandage
2874	49	light torch with fire
2875	39	put cloth in water
2876	45	wear robe
2877	1	lower grate
2878	12	get it
2879	27	drop letter
2880	26	shoot prey
2881	12	get pizza box
2882	4	hole, s
2883	12	get necklace
2884	27	drop toy
2885	12	take match
2886	39	put pan in oven
2887	34	oracle, hello
2888	32	kill dragon
2889	39	put gum in cauldron
2890	27	drop slip
2891	27	push demeter southwest
2892	44	untie rope
2893	27	drop rusty knife
2894	1	gnusto liskon
2895	1	drill safe with drill
2896	27	slide l
2897	14	x chandelier
2898	27	push table e
2899	1	egdelp golem
2900	1	unlock filing cabinet with key
2901	10	stand
2902	39	put clear sphere in diamond stand
2903	12	get horn
2904	7	read waxy scroll
2905	14	x boots
2906	39	put gum on stick
2907	52	wave stone
2908	1	unlock chain with key
2909	24	ask skier about scroll
2910	12	take log
2911	12	get bone
2912	14	examine bench
2913	12	take comb
2914	53	get out of cot
2915	27	drop pole
2916	1	dig in tub
2917	12	get sash
2918	19	look in pit
2919	27	drop peridots
2920	25	search furniture
2921	35	open bio-lock door
2922	39	put sugar in pan
2923	27	press down button
2924	27	drop vase
2925	24	ask dragon about white
2926	34	blizzard
2927	28	turn switch with screwdriver
2928	14	examine sheets
2929	43	wake up old man
2930	39	put stone in opening
2931	37	buy box
2932	39	put ashes on coin
2933	11	show it to holmes
2934	28	turn valve
2935	1	click on edit
2936	1	unlock cabinet with key
2937	1	blorple 7
2938	35	open notebook
2939	39	put flag on bed
2940	19	look under bunk
2941	12	take fragment
2942	1	pour water on detective
2943	1	espnis thug
2944	52	turn dial left 4
2945	39	put blue in glasses
2946	12	get screwdriver
2947	1	dig
2948	1	close plate
2949	12	get rods from coffin
2950	12	get booklet
2951	14	examine pedestal
2952	51	cut coconut with axe
2953	1	close drawer
2954	10	lie in bed
2955	39	put ebony in southern niche
2956	23	learn zemdor
2957	14	examine magpie
2958	39	put bit in cup
2959	14	x floorboards
2960	12	take carpet
2961	1	throck shrub
2962	27	throw ball in pond
2963	23	learn yomin
2964	5	drink water
2965	8	give coin to gnome
2966	19	l in box
2967	12	take gold box
2968	8	give cola to guard
2969	1	write 1 on cube
2970	1	enter car
2971	5	eat food
2972	27	press gray button
2973	12	get pickaxe
2974	12	get eight
2975	12	get glass
2976	25	search crates
2977	14	examine drill
2978	12	take poetry
2979	7	read prayer
2980	14	x juke
2981	1	rewind tape
2982	4	hole, n
2983	14	x east mural
2984	1	close it
2985	29	go panel
2986	12	get gold leaf scroll
2987	42	hit dog
2988	27	push joystick east
2989	5	drink beer
2990	1	meef vines
2991	17	rub locket
2992	52	turn isis
2993	45	wear clown mask
2994	14	examine coin
2995	27	drop dusty book
2996	12	get drill
2997	36	hit floor with axe
2998	12	take yellow pill
2999	27	drop pack
3000	39	put garlic in cauldron
3001	19	look at fireplace
3002	33	climb pillar
3003	1	pour water on powder
3004	29	southwest
3005	12	get rubies
3006	12	get film and slide
3007	33	walk 4 paces south
3008	12	get homing
3009	1	stand in long line
3010	14	x male
3011	12	get chisel
3012	39	put skull on statue
3013	39	put flour in pot
3014	12	get silver chalice
3015	28	turn ring to fourth symbol
3016	12	get meter
3017	29	north
3018	1	point at vodka
3019	39	put painting in case
3020	12	get tobacco,knife,pipe
3021	1	download image
3022	27	lift seat
3023	39	put x12 on first pile
3024	12	get fruit
3025	45	wear gloves
3026	12	take whip
3027	35	open panel
3028	14	x cat
3029	14	examine light
3030	39	put fig in urn
3031	1	enter pub
3032	14	x box
3033	12	get grater
3034	27	drop bench
3035	14	examine toadstool
3036	14	examine dish
3037	12	take flat key
3038	12	get water
3039	7	read term paper
3040	23	learn jindak
3041	12	take toy
3042	39	put bomb in sewer
3043	27	pull tinsel
3044	14	examine thin man
3045	1	candles
3046	45	wear stethoscope
3047	1	enter
3048	12	get jewellery box
3049	8	give fish to grue
3050	50	talk to man
3051	27	drop hammer
3052	27	drop wrench
3053	14	x shelves
3054	14	examine compressor
3055	21	join red rod to silver rod
3056	12	get guano, scroll and amber vial
3057	1	set center dial to 3
3058	2	strike returning
3059	12	get letter opener
3060	45	wear wings
3061	35	open locker
3062	27	drop honey
3063	1	frotz bottle
3064	39	put it on hand
3065	14	examine tombs
3066	12	take plank
3067	12	take pot
3068	27	slide miniaturization card through slot
3069	1	gnusto swanzo spell
3070	12	get torch
3071	12	get microphone
3072	1	frotz lantern
3073	1	liskon self
3074	6	remove watch
3075	7	read letter
3076	33	swim
3077	17	rub lamp
3078	14	x trees
3079	39	put pass in slot
3080	14	examine shadow
3081	12	get wishbringer
3082	49	light candle with match
3083	33	climb can
3084	53	get out of long line
3085	39	put red cake in pool
3086	34	tell gnome about grunk
3087	35	open book
3088	52	turn ring
3089	18	take off scarf
3090	8	give card to woman
3091	12	get pages
3092	14	x librarian
3093	1	frotz coin
3094	27	slide upper card through slot
3095	27	push table s
3096	12	get boots
3097	1	look up eustacia in album
3098	27	drop flippers
3099	45	wear armour
3100	6	remove fused bedistor with pliers
3101	14	x bubble
3102	12	take ticket
3103	12	get key
3104	7	read sports in newspaper
3105	20	shake hands
3106	29	south
3107	27	drop keys
3108	1	look up squirrel in leshosh
3109	14	examine waterfall
3110	52	shake branch
3111	14	x whiteboard
3112	12	get orange vial
3113	24	ask female about bar
3114	14	x column
3115	1	unlock drawer
3116	32	kill eranti
3117	12	grab case
3118	35	open cage
3119	15	turn on magnet
3120	12	take coconut
3121	14	examine porridge oats
3122	39	put ebony in eastern niche
3123	14	x hawk
3124	19	l
3125	15	turn off saw
3126	39	put token in slot
3127	25	search seat
3128	25	search fountain
3129	19	look at little window
3130	27	push mountain
3131	7	read sapphire scratch with glass
3132	12	get nugget
3133	19	look behind painting
3134	34	say firefly to jim
3135	12	take damp scroll
3136	14	x hole
3137	39	put flimsy scroll in zipper
3138	14	x ball
3139	27	pull cord
3140	1	gnusto shiny scroll
3141	8	give torch to gnome
3142	24	ask about evidence
3143	11	show amulet to michael
3144	35	open desk
3145	21	tie rope to k9
3146	12	take bag
3147	14	examine refuse
3148	12	get dragon and paper
3149	27	push boulders
3150	14	x fan
3151	27	drop pump
3152	14	x female
3153	10	sit in cask
3154	12	take stool
3155	12	tell pigeon to get ruby
3156	1	fly kite
3157	14	x carpark
3158	19	look in nest
3159	12	get wheel
3160	39	put red sphere in pot
3161	21	attach paper to teeth
3162	18	take off jacket
3163	12	get crampons
3164	24	ask man about hammer
3165	12	get brain
3166	19	look in telescope
3167	12	take tube and torch
3168	34	say time
3169	35	open shield
3170	1	close link
3171	52	turn it on
3172	1	enter cab
3173	15	turn on floyd
3174	45	wear fur
3175	9	row west
3176	27	push coffin s
3177	27	drop soap
3178	21	tie chain to rod
3179	12	get candles
3180	35	open washing machine
3181	14	examine arthur
3182	49	light newspaper with pipe
3183	39	put sceptre in case
3184	45	wear balls
3185	12	get magazine
3186	51	cut clingfilm with knife
3187	35	open gate
3188	52	turn dial left
3189	1	ledak painting
3190	52	turn door
3191	27	drop kitchen card
3192	6	remove second board
3193	7	read grave
3194	14	x pair
3195	12	get candy
3196	27	throw red at smoke
3197	27	drop banana
3198	27	throw sword into lake
3199	52	turn m
3200	17	touch waterfall
3201	8	give magazine to doc
3202	12	take safe
3203	27	drop portrait and bills
3204	14	examine log
3205	1	unlock grating with rusty key
3206	12	get gold locket
3207	12	get shredded scroll
3208	14	x grill
3209	39	put it in cannon
3210	1	urbzig toy
3211	1	close hatch
3212	14	examine stump
3213	40	ring bell
3214	35	open slot
3215	27	drop all except 10, book
3216	27	drop knapsack
3217	35	open grating
3218	52	swing rope
3219	34	tina, hello
3220	12	get topaz
3221	6	remove junk with forklift
3222	39	put beam under lintel
3223	7	read culture
3224	1	raise beam
3225	1	dig sand
3226	19	watch television
3227	12	take wire
3228	1	feeyuk me
3229	39	put short poem in alpha
3230	14	examine hive
3231	41	order food
3232	1	rimshaw, hypnotise me
3233	12	take dorkmid
3234	27	move moose
3235	1	look up ternalim in fresto
3236	27	drop hair dryer
3237	25	search couch
3238	33	climb down
3239	27	drop cork
3240	1	gnusto taclor
3241	35	open crypt
3242	1	wield sword
3243	43	wake implementor
3244	1	raise lever
3245	23	learn lesoch
3246	39	put sweater on table
3247	12	take rice
3248	12	get blueprint
3249	37	buy ticket
3250	12	get dagger
3251	34	odysseus
3252	14	x hat
3253	28	turn knob to high
3254	35	open handbag
3255	5	drink tea
3256	14	x boot
3257	5	feed pigeon
3258	27	drop plotter
3259	12	take all except key, whip, stool
3260	27	push filthy s
3261	1	close canteen
3262	14	examine slot
3263	8	give corn to bird
3264	12	get needle
3265	12	take spell book from zipper
3266	35	open container
3267	1	close shield
3268	39	insert emerald cluster in third hole
3269	53	get out of bunk
3270	39	put embers in coat
3271	5	eat tiny bowl of porridge
3272	14	examine gnomon
3273	27	pull leaves
3274	23	learn exex
3275	22	burn pole with torch
3276	12	get caliper
3277	24	ask fairy godmother about cinderella
3278	37	buy c battery and putty
3279	1	again
3280	12	take iron key
3281	14	x knob
3282	12	take probe
3283	27	push railing
3284	21	mount horse
3285	12	take paper with pole
3286	7	read writing
3287	14	x block
3288	42	hit lamp
3289	14	x dragon
3290	23	learn nitfol
3291	1	longitude is 25
3292	45	wear air tank
3293	14	x dust
3294	33	climb rope
3295	39	put featureless rod in coffin
3296	12	get pot
3297	12	get balls
3298	39	put small plug in plotter
3299	12	take walkie
3300	1	vardik me
3301	11	show mouse to elephant
3302	52	turn neith
3303	39	put flathead on circle
3304	27	drop statuette
3305	19	look in tear
3306	27	press knob
3307	12	take pen
3308	28	turn selkis
3309	39	put cube in pot
3310	14	examine fence
3311	27	move desk
3312	8	give $56
3313	41	ask gnome for ball
3314	12	get up
3315	35	open wardrobe
3316	34	aragon
3317	1	spells
3318	23	learn shazok
3319	39	put torch in golden chalice
3320	1	tase sleaze
3321	12	take section
3322	1	look up heinrich in record
3323	7	read gray scroll
3324	12	get rasp
3325	27	drop bag
3326	12	get oar
3327	52	turn switch with screwdriver
3328	39	put green sphere in pot
3329	39	put acorns in net
3330	12	take astrolabe
3331	27	throw all but book into lower chute
3332	12	take 4
3333	17	squeeze it
3334	41	ask hacker for master key
3335	27	drop mine
3336	29	northwest
3337	24	ask male about female
3338	6	remove coat
3339	14	examine bandage
3340	35	open guage
3341	12	get rapier
3342	1	write chasm on featureless cube
3343	8	give form to barman
3344	39	put rasp into thing
3345	39	put eight on pack
3346	14	x self
3347	1	cast lesoch
3348	27	drop gloves
3349	27	push dionysus southeast
3350	12	get bones with chopsticks
3351	52	turn valve with crowbar
3352	12	get bees
3353	12	get bananas
3354	12	get wrench
3355	27	throw axe at cord
3356	27	drop room key
3357	12	get gloves and crowbar
3358	27	drop nasty knife
3359	1	pick up cube
3360	27	press white panel
3361	27	drop all but pincer
3362	12	take stone
3363	14	examine machine
3364	6	remove fifth brick
3365	35	open bottle
3366	29	out
3367	17	squeeze weed killer bottle
3368	12	take limb
3369	19	look in crack
3370	1	taclor me
3371	37	buy blue carpet
3372	49	light torch
3373	47	anoint me
3374	12	get silver locket
3375	45	wear breeches
3376	27	drop yo-yo
3377	25	search clothes
3378	1	point east
3379	34	say ptolemy
3380	34	say my name
3381	12	take gold key
3382	1	enter dory
3383	38	no
3384	39	put sceptre in second socket
3385	14	x it
3386	1	wind canary
3387	42	hit icicle with umbrella
3388	35	open crate with poker
3389	27	drop green
3390	14	x screen
3391	14	examine box
3392	27	drop wire
3393	35	open tapestry
3394	39	put it in bag
3395	12	get towel
3396	10	sit on chair
3397	1	lobal me
3398	14	x salt
3399	14	examine boulders
3400	12	get pile
3401	39	put key in hole
3402	14	examine crypt
3403	12	get crook
3404	1	haggle with salesman
3405	45	wear sweater
3406	27	push table n
3407	39	put thumb in hole
3408	6	remove gloves
3409	29	u
3410	12	get flowerpot
3411	53	get out of golden machine
3412	14	x note
3413	12	get scarf
3414	39	put cube in cauldron
3415	39	put ash on journal
3416	8	give pass to sleaze
3417	52	turn dial to 4
3418	6	remove new brick with crowbar
3419	14	examine corpse
3420	1	dig plot with shovel
3421	41	ask for pigeon
3422	35	open cover
3423	52	turn ring to fourth symbol
3424	40	play syrinx
3425	27	pull pipe
3426	35	open coffer
3427	35	open office door
3428	7	read note
3429	12	take key from zipper
3430	35	open front door
3431	12	take burin from zipper
3432	24	ask george about bag
3433	27	drop key and brush
3434	12	get film
3435	12	get bauble
3436	1	cock crossbow
3437	27	drop upper card
3438	39	hang bucket on third peg
3439	45	wear coat
3440	38	y
3441	14	x viewscreen
3442	1	unlock icebox with square key
3443	1	point it at lemniscus
3444	1	frotz me
3445	27	slide shuttle card through slot
3446	27	push green
3447	12	take veil
3448	7	read opal scratch with glass
3449	35	open packet
3450	39	put lemming in cage
3451	8	give fragment to green rock
3452	12	get rod of life
3453	12	take coin
3454	12	take screwdriver
3455	16	follow pig
3456	7	read white book
3457	1	close pizza box
3458	37	buy peanuts
3459	27	pull slide
3460	7	read leaflet
3461	1	g
3462	49	light it
3463	29	go through curtain
3464	25	search bones
3465	1	cast girgol
3466	23	learn fiznav
3467	9	drive to pinchin lane
3468	12	get real mirror
3469	27	press up button
3470	27	push demeter northwest
3471	35	open wooden door
3472	7	read torn square
3473	1	write cave on cube
3474	25	search snow
3475	12	get zorkmid
3476	12	get relay
3477	14	examine memorial
3478	39	put glob on case
3479	1	hide under bones
3480	27	push lever
3481	27	drop journal and key
3482	12	get box
3483	6	remove ring
3484	12	get page
3485	12	get sapphire
3486	1	thank gnome
3487	14	x boat
3488	24	ask woman about roadrunner
3489	17	touch mirror
3490	12	take ash
3491	39	put it in receptacle
3492	14	x horse
3493	12	take suitcase
3494	39	put book in cabinet
3495	12	take ash tray
3496	15	turn on lamp
3497	27	push it south
3498	1	gnusto luncho
3499	1	kick second window
3500	10	lie down
3501	12	take perfume
3502	14	x cooler
3503	27	drop brass key
3504	28	turn wheel right
3505	39	put red powder in kettle
3506	14	examine statues
3507	1	clean dirty floor with moss
3508	1	enter tardis
3509	5	drink drink
3510	12	get painting
3511	49	light gas
3512	27	drop pan
3513	12	take it
3514	12	get blue sphere
3515	19	smell dirty floor
3516	1	bite banana
3517	52	turn page
3518	1	close breaker
3519	27	push pram south
3520	51	carve my name on the memorial
3521	14	examine screen
3522	12	get chain
3523	27	drop stick
3524	39	put blue sphere in sapphire stand
3525	12	get spray
3526	12	get shovel
3527	23	learn krebf
3528	9	drive to covent garden
3529	12	get canister
3530	1	gnusto throck
3531	12	get memo
3532	6	remove jacket
3533	12	take lamp
3534	12	get slip of paper
3535	39	put packet in pot
3536	39	put match in wax
3537	1	write 8 on cube
3538	6	remove frock
3539	28	turn it
3540	1	blow it
3541	14	x copy
3542	12	get sceptre
3543	14	x porous wall
3544	51	chop tree
3545	27	move cover
3546	19	look in pram
3547	27	drop pillow
3548	14	x dispenser
3549	23	learn egdelp
3550	12	take needle
3551	12	take butter from pot
3552	12	get all but dagger
3553	12	get mail
3554	19	look in overalls
3555	27	drop all cubes
3556	40	play organ
3557	14	examine spade
3558	1	pick cuffs with needle
3559	1	look up kebarn in leshosh
3560	29	s
3561	27	drop scarf
3562	14	x sandstone
3563	1	close cabinet
3564	1	kick south wall
3565	14	x left screen
3566	1	get in forklift
3567	12	get suit
3568	14	x kettle
3569	14	examine film projector
3570	14	x coin
3571	35	open blue bottle
3572	19	watch video
3573	14	x transmit stud
3574	8	give paper to gnome
3575	14	x forcefield stud
3576	40	play people
3577	14	x cutout
3578	12	get interface
3579	24	ask officer about convention
3580	27	slide c
3581	15	turn on computestor
3582	36	hit box
3583	37	buy sandwich
3584	1	still life, lagach
3585	33	jump to roof
3586	45	wear pendant
3587	35	open wallet
3588	1	port
3589	1	fee
3590	1	foe
3591	14	x electric panel
3592	1	screw relay into space
3593	1	clean table with cloth
3594	39	put brown rod in hole
3595	12	get tools
3596	23	learn taclor
3597	51	cut blue wire
3598	8	give hat to pelican
3599	12	get balm
3600	14	x moss
3601	27	throw stone at thing
3602	7	read notes
3603	27	pull railing
3604	47	pray to kraxis
3605	28	turn isis
3606	1	pour cold porridge in gigantic bowl
3607	14	examine headphones
3608	45	wear them
3609	27	lift plywood cover
3610	12	take lump
3611	6	remove brick with crowbar
3612	14	x leaf
3613	27	drop pin
3614	35	open torch
3615	14	x bones
3616	39	put canary in case
3617	8	give kappa to callimachus
3618	19	look in panel
3619	42	hit crulley with coffer
3620	27	drop all except radio
3621	12	get treasure
3622	35	open window with wrench
3623	14	x indicator
3624	14	examine boy
3625	10	sit in large chair
3626	27	drop magnet
3627	19	look under mat
3628	52	turn e
3629	7	read ornate scroll
3630	12	get flute
3631	27	drop beer can
3632	33	jump off equipment
3633	12	take wings
3634	11	show file to district attorney
3635	12	take sceptre
3636	1	stand on beam
3637	1	lock it with padlock
3638	7	read booklet
3639	27	drop can
3640	27	push rock
3641	1	bekdab golem
3642	12	get etching
3643	14	x toner
3644	1	gnusto krebf spell
3645	23	learn gloth
3646	1	drill case with drill
3647	39	put oil on hatch
3648	14	examine sundial
3649	1	write 7 on cube
3650	1	gnusto tinsot
3651	8	give note to mr crisp
3652	27	push rod
3653	1	gnusto zemdor
3654	12	take erbium
3655	1	catch mouse with bucket
3656	14	x invite
3657	53	get out of basket
3658	1	draw symbol on me
3659	12	take necklace
3660	11	show box to guard
3661	14	examine red statuette
3662	46	fill hat with water
3663	12	take keys
3664	17	touch notch
3665	14	x attendant
3666	6	remove first brick
3667	27	drop crumpled
3668	39	put beam across doorway
3669	27	slide e
3670	7	read glittering scroll
3671	28	turn dial to 1
3672	35	open package
3673	27	drop all except bread
3674	12	take wood
3675	12	take syringe
3676	9	drive to the monument
3677	12	take lens
3678	19	look through binoculars at shelter
3679	12	get bladder
3680	12	get kappa
3681	12	take paper bird
3682	14	examine blue carpet
3683	35	open dumpster
3684	12	take coin from zipper
3685	12	grab rope
3686	12	take ruby
3687	12	take amethysts
3688	27	drop candles
3689	14	x door
3690	21	tie rope to timber
3691	12	get canteen
3692	1	dig in ground
3693	11	show skull to bum
3694	45	wear crampons
3695	35	open outer door
3696	27	push blue
3697	35	open cabinet
3698	1	wedge door with cheese
3699	39	put dust in vent
3700	14	x cage
3701	27	drop mask
3702	14	x patch
3703	11	show ticket to gravedigger
3704	36	hit comb
3705	27	drop gores
3706	7	read history book
3707	14	examine plate
3708	52	turn gnomon
3709	27	drop chain
3710	12	take gray rod
3711	39	put coin in slot
3712	14	x pipe
3713	39	put amulet in slot
3714	12	get flag
3715	28	turn dial left
3716	27	drop trap
3717	39	put pouch under pipe
3718	1	blow in tube
3719	46	fill tank
3720	1	look up trophy in history book
3721	35	open bag
3722	1	click on paper
3723	27	drop cage
3724	1	pour wax on floor
3725	7	read envelope
3726	12	get pliers
3727	1	point west
3728	12	get piece
3729	50	talk to boy
3730	1	gnusto snavig
3731	1	rezrov alabaster
3732	1	gnusto caskly
3733	12	take mousetrap
3734	35	open satchel
3735	19	look in rowboat
3736	14	examine moss
3737	15	turn on switch
3738	39	put bag in case
3739	12	get spoon
3740	1	close oven
3741	39	put screwdriver in toolkit
3742	27	press blue button
3743	8	give pincer to marvin
3744	37	buy flashlight and repellent
3745	7	read crumpled scroll
3746	12	get staff
3747	27	lift grate
3748	27	drop ox
3749	14	x keys
3750	20	reach in sculpture
3751	46	fill pot with water
3752	26	shoot thad
3753	12	take all from chest
3754	14	x electronics
3755	39	put silver rod in top
3756	1	start it
3757	14	x body
3758	39	put hand in hive
3759	1	get on couch
3760	34	plover
3761	12	get wig
3762	19	l in cabinet
3763	39	put coin in pocket
3764	8	give umbrella to girl
3765	14	examine air tank
3766	28	turn screw
3767	12	get match
3768	27	press red button
3769	27	throw rock at stick
3770	11	show ring to michael
3771	23	learn throck
3772	12	take parka
3773	27	drop blue paper and yellow paper
3774	6	remove handcuffs
3775	27	drop broom
3776	1	tinsot channel
3777	1	unlock hatch
3778	35	open hatch
3779	12	take spade
3780	39	put trunk in case
3781	39	put all in zipper
3782	27	push pram e
3783	14	x knife
3784	1	point at blue carpet
3785	14	examine ship
3786	39	put bar in case
3787	37	buy beer
3788	12	get fish
3789	17	squeeze flower
3790	25	search gnome
3791	5	eat red goo
3792	12	get apple
3793	39	put diamond cluster in first hole
3794	12	get torn square
3795	19	look into cage
3796	12	get
3797	34	say ialdabaoloth
3798	33	jump out window
3799	14	x desk
3800	12	take dino
3801	12	get sharp pick
3802	2	strike rod of husbandry
3803	12	take purse
3804	27	drop wig
3805	11	show egg to adventurer then east
3806	35	open furnace
3807	27	press 4
3808	12	get bracelet
3809	14	examine cottage
3810	23	learn gondar
3811	39	put all on box
3812	38	answer "a well"
3813	1	bozbar tortoise
3814	35	open curtains
3815	6	remove clothes
3816	10	sit on large chair
3817	15	turn on space heater
3818	14	examine panel
3819	27	drop splinter
3820	41	ask librarian for book
3821	14	examine splinter
3822	14	examine symbols
3823	12	take pole
3824	35	open hatch with screwdriver
3825	36	hit crulley with coffer
3826	1	enter boat
3827	7	read journal
3828	19	listen to girl
3829	35	open lab uniform
3830	14	examine carvings
3831	52	turn sphere
3832	1	lock door
3833	12	take coal
3834	14	examine door
3835	1	prick dummy
3836	27	move floorboards
3837	5	drink wine
3838	14	examine table
3839	27	throw iron key at cat
3840	23	learn malyon
3841	15	turn on hair dryer
3842	7	read sticker
3843	1	dial 576-3190
3844	1	point at cola
3845	11	show star crystal to trent
3846	27	throw it at rabbit
3847	12	take brown rod
3848	14	examine dining table
3849	33	climb scarf
3850	8	give card to alan
3851	24	ask allarah about black
3852	27	drop knife and crowbar
3853	27	drop net
3854	29	go to gnome
3855	39	put bronze key on keyring
3856	12	take hair dryer
3857	45	wear clothes
3858	39	put wire in slot
3859	12	get fluff
3860	1	pour milk in cauldron
3861	52	wave crook
3862	14	examine bird
3863	35	open lab door
3864	12	get rusty key
3865	1	gnusto ozmoo spell
3866	39	insert interface in nutrimat
3867	5	drink ochre potion
3868	14	examine lump
3869	35	open toolkit
3870	7	read warped
3871	35	open lamp
3872	1	stand in line
3873	35	open blue box
3874	12	get earth crystal
3875	24	ask pitchman about dr nostrum
3876	1	ride bird
3877	25	search desk
3878	1	close lid
3879	52	shake pack
3880	8	give ticket 2306 to barker
3881	1	close roof
3882	12	get featureless rod
3883	25	search picture of cat
3884	27	drop thing
3885	27	drop mousetrap
3886	28	turn switch off
3887	19	look under stairs
3888	39	put all in thing
3889	12	take can
3890	27	drop knife
3891	27	drop mud
3892	27	drop microphone
3893	1	close tray
3894	12	take shroud
3895	12	take headphones
3896	12	take sticker
3897	27	drop bible
3898	23	learn tossio
3899	4	rock, s
3900	12	take sweater
3901	1	melbor myself
3902	39	put match in raincoat
3903	39	put book in large recess
3904	8	give it to girl
3905	39	put black rod in hole
3906	11	show photograph to charles
3907	1	dig ground
3908	12	get paper
3909	14	examine electrodes
3910	27	press techno
3911	1	vaxum being
3912	17	touch blue
3913	27	drop pencil
3914	24	ask george about town
3915	1	enter shower
3916	28	turn dial left 4
3917	26	shoot pod with bazooka
3918	1	enter dish
3919	8	give ring to butler
3920	19	look at shadow
3921	14	examine lemming
3922	27	push piano north
3923	1	unwrap parcel
3924	11	show card to chuckles
3925	3	city
3926	39	put eyes in body
3927	1	oil handcar with can
3928	12	take bandage
3929	26	shoot mushroom with crossbow
3930	24	ask george about dehlila
3931	27	drop wet suit
3932	27	press 0
3933	12	get brick
3934	12	get chest
3935	5	drink medicine
3936	14	x blade
3937	39	put honey in cauldron
3938	1	tinsot water
3939	27	drop flask
3940	1	water bean
3941	1	nitfol turtle
3942	19	look up
3943	39	put it in projector
3944	39	put silver chalice on right disc
3945	12	take celery
3946	8	give gram to queenie
3947	14	examine tiny metal
3948	12	get book
3949	49	light salt with bug
3950	19	listen to conversation
3951	12	get worm
3952	8	give gloves to zombie
3953	52	turn ring to third symbol
3954	1	kulcad stairs
3955	27	drop card
3956	27	cheryl, pull rods
3957	14	x wallet
3958	12	get gas
3959	1	look up index in history book
3960	33	jump
3961	27	press island
3962	6	remove gas mask
3963	1	gnusto fweep spell
3964	27	press channel
3965	27	press 3
3966	24	ask allarah about red
3967	12	get vial
3968	1	gnusto rezrov spell
3969	12	get garter
3970	14	examine flytrap
3971	35	open icebox
3972	39	put branch in pit
3973	28	turn h
3974	5	drink liquid
3975	39	put torch in case
3976	39	put icicle on lump
3977	27	push locker east
3978	14	x district attorney
3979	27	drop necklace and dragon
3980	39	insert oar in oarlock
3981	27	pull weed
3982	7	read ripped
3983	39	put scalpel in toolkit
3984	29	go chandelier
3985	23	learn urbzig
3986	19	look inside tube
3987	27	press 5
3988	1	enter door
3989	5	feed turnip to daisy
3990	24	ask gnome about page
3991	14	x posse
3992	24	ask marion about nelson
3993	27	push pram east
3994	6	remove padlock
3995	39	insert slide in it
3996	1	download video
3997	24	ask dragon about red
3998	39	put strength in right socket
3999	12	take kitten
4000	39	put white in slot
4001	14	x ladder
4002	12	take all but lantern
4003	29	go north
4004	35	open dresser
4005	35	open wrapper
4006	28	turn crank
4007	14	examine blue statuette
4008	39	insert film in film projector
4009	7	read memo
4010	14	x chopper
4011	13	hide envelope under bunk
4012	12	take briefcase
4013	14	x pots
4014	17	touch information
4015	1	plug in television
4016	21	tie rope to handle
4017	52	turn ring to sixth symbol
4018	34	say boo
4019	27	drop coins
4020	12	take all but parchment
4021	35	open bin
4022	52	wave it
4023	14	x mine
4024	27	drop pyramid
4025	1	pour water on beanstalk
4026	25	search foundation
4027	12	take 1
4028	19	look in keg
4029	39	put coffin in case
4030	14	x barman
4031	31	break bottle
4032	1	set third wheel to 8
4033	8	give hairpin to mary
4034	1	frotz book
4035	12	take grenade
4036	1	gnusto gaspar spell
4037	12	take foot
4038	17	touch panel
4039	1	write 10 on cube
4040	12	get brass key
4041	1	get in floor
4042	27	push can against wall
4043	39	put control in top socket
4044	4	rock, e
4045	51	cut growth with cutter
4046	39	put bladder in geyser
4047	27	press bottom
4048	28	turn wheel left
4049	29	southeast
4050	19	look under sofa
4051	27	pull lever
4052	1	untie chain
4053	27	drop remote control
4054	1	write 3 on cube
4055	27	drop drive
4056	8	give cereal to hermit
4057	14	x gaping
4058	14	examine searchlight
4059	1	snavig grue
4060	14	examine boats
4061	39	put ruby in red boot
4062	12	get gloves
4063	11	show case to jenny
4064	24	ask bly about monster
4065	14	examine sculpture
4066	19	taste it
4067	39	put ladder under trap
4068	14	x marker
4069	14	examine parchment
4070	1	tighten joint
4071	47	pray
4072	2	strike rod of infinity
4073	31	break seal with pickaxe
4074	27	press north wall
4075	1	anoppe
4076	14	x stalk
4077	14	x status display
4078	39	put gold coin on right
4079	23	learn bekdab
4080	12	get salt
4081	12	get all from table
4082	12	take hand
4083	10	prosser, lie in the mud
4084	17	touch tool stud
4085	27	drop cap
4086	35	open can
4087	52	turn w
4088	11	show ribbon to chuckles
4089	14	examine lever
4090	25	pry sixth rib with sword
4091	19	look into relay
4092	7	read warning note
4093	29	d
4094	27	drop mirror
4095	39	put mana in bottom socket
4096	12	take newspaper
4097	27	drop parchment
4098	28	turn ring
4099	39	put stick in pile
4100	12	get gum
4101	14	examine rose
4102	33	climb ladder
4103	8	give gold key, portrait and bills to demon
4104	27	press yellow button
4105	1	click designers_manual
4106	12	get paintbrush
4107	32	kill skink
4108	14	x lye
4109	29	fly
4110	30	reach into pool
4111	39	put towel over drain
4112	41	ask tip for tool
4113	12	get flippers
4114	12	take all but pram
4115	14	examine walkie
4116	11	show ruby to pigeon
4117	12	take 7
4118	31	break ampoule
4119	12	get plans
4120	8	give mouse to fairy godmother
4121	27	drop meter
4122	14	x light
4123	39	put diamond in case
4124	23	learn bozbar
4125	51	cut green with scalpel
4126	12	get smelly scroll
4127	6	remove tank
4128	1	manaz
4129	35	open purple book
4130	14	examine remote control
4131	1	unlock door
4132	8	give gram to alicia
4133	52	turn knob to high
4134	53	get out of pentagram
4135	27	drop door
4136	27	throw club at belt
4137	34	idiot
4138	39	put guano in cannon
4139	39	put clock in pot
4140	39	put laudanum on pork
