0	3	meef vines
1	37	touch
2	25	get teapot, mat, letter opener, matchbook and paper
3	3	get in golden machine
4	38	open bag
5	3	dig ground
6	51	x column
7	51	examine boats
8	3	draw line from f to p
9	28	look in pit
10	30	give gold key, portrait and bills to demon
11	6	blizzard
12	3	set third wheel to 8
13	25	get figurine
14	27	drop vial
15	3	fie
16	14	tie chain to me
17	43	ask gnome about mother
18	40	read card
19	38	open access panel
20	51	x cat
21	3	dig in sand
22	24	wear cloak
23	49	cut growth with cutter
24	25	get jewellery box
25	51	x magnetite
26	38	open pacquet of paper
27	5	turn on space heater
28	39	buy beer
29	38	open icebox
30	25	get portrait
31	25	get ekmek
32	28	look behind tapestry
33	39	buy electromagnet
34	41	attack dragon with sword
35	50	put flag on bed
36	25	get all from table
37	25	take flat key
38	38	open envelope
39	50	put branch in pit
40	51	x paint splotches
41	50	put probe in slab
42	43	ask charles about chest
43	25	get glasses
44	27	drop clipper
45	51	x k9
46	51	examine light
47	51	examine emerald
48	27	drop nugget
49	50	insert wishbringer in sculpture
50	51	examine tiny metal
51	5	turn on engine
52	25	get gown
53	27	drop portrait and bills
54	27	move block
55	27	drop yo-yo
56	27	press knob
57	5	turn on lamp
58	40	read back of brown paper
59	3	nitfol turtle
60	50	put decaf in pot
61	25	take bean pole
62	25	take briefcase
63	30	give eggs
64	51	examine thumb
65	3	close slot
66	4	cover hole 3
67	38	open satchel
68	50	put ashes on coin
69	27	drop mine
70	50	put gum on stick
71	27	drop upper card
72	52	shoot rope with crossbow
73	25	get pillar
74	51	examine radio
75	13	play syrinx
76	9	repeatedly "turn sceptre" until the coffin opens
77	8	break ampoule
78	30	give gram to queenie
79	50	put match in raincoat
80	30	give manual
81	53	strike rod of infinity
82	26	remove frock
83	25	get embers
84	38	open furnace
85	37	touch calibration
86	25	take envelope
87	3	stand in line
88	30	give mouse to fairy godmother
89	30	give jewels to guard
90	42	turn dial to 3
91	3	taclor me
92	50	put all in toolkit
93	26	remove ring
94	37	squeeze it
95	50	put ladder in well
96	34	sit on carpet
97	3	fiznav boat
98	27	drop bladder
99	50	put canary in case
100	51	examine diagram
101	29	swordfish
102	45	n
103	30	give note to man
104	27	drop peridots
105	50	put flour in pan
106	19	sleep
107	27	press down button
108	27	move desk
109	25	get electromagnet
110	3	raise short pole
111	25	take feather
112	25	get aqua vial
113	27	drop pot
114	17	climb scarf
115	3	clean lump
116	27	push dusty s
117	28	look at ring
118	50	put bracelet in case
119	25	get flag
120	27	drop teapot, rose, candy and gold key
121	25	get horn
122	43	ask him about librarian
123	42	turn ring to fifth symbol
124	30	give pumpkin to fairy godmother
125	25	get chalice
126	25	get chewed scroll
127	25	get laser
128	28	look in bucket
129	25	take lemming
130	42	roll statue se
131	25	get vase
132	14	tie rope to railing
133	50	put sack in tesseract
134	42	turn switch off
135	27	move rail with bar
136	50	put hand in cauldron
137	27	press white
138	27	drop candles
139	43	ask doc about syringe
140	13	play accordion
141	50	insert new battery in laser
142	25	get ring
143	25	get indigo vial
144	26	remove junk with forklift
145	27	push coffin w
146	14	join golden rod to brown rod
147	9	hole, s
148	25	get real mirror
149	27	drop camera
150	28	look at fireplace
151	50	put new battery in torch
152	3	point rod of returning at me
153	25	get lamp, glass and ampoule
154	3	blorple 2
155	25	get worm
156	33	learn blorb
157	45	east
158	25	take decaf from pot
159	25	take cage
160	26	remove shim
161	25	get tobacco,knife,pipe
162	51	examine fusebox
163	28	look at bookshelf
164	51	x clover
165	51	examine plant
166	3	rezrov box
167	27	press north wall
168	31	probe contacts
169	38	open cupboard
170	25	get necklace
171	50	put large key on keyring
172	51	examine ash
173	25	get matchbox
174	28	look in fissure
175	43	ask belboz about cube
176	51	x hand
177	3	click lpr
178	30	give encyclopedia to marion
179	51	examine splinter
180	27	drop umbrella
181	25	get wishbringer
182	25	take butter
183	25	take jug
184	50	put headdress in pot
185	24	wear armour
186	25	get mud
187	27	press yellow button
188	38	marvin, open the hatch
189	25	take flag
190	24	wear fur
191	27	drop kitchen card
192	25	get guano, scroll and amber vial
193	51	x bag
194	25	take burin
195	25	get ticket
196	51	x horse
197	3	oil door
198	25	take a picture
199	2	eat beef
200	51	examine sculpture
201	28	look in closet
202	32	turn dial
203	51	examine it
204	50	put letter opener in keyhole
205	50	put bronze key on keyring
206	51	examine dagger
207	25	get lockpick
208	3	point sacrifice at board
209	38	open royal-blue box
210	8	break frame
211	25	get bucket
212	27	drop firework
213	51	examine cups
214	3	enter square
215	50	put gram in basket
216	50	put red rod in hole
217	25	get blue card
218	25	take emerald
219	27	press emergency button
220	3	frotz lantern
221	3	point at blue carpet
222	27	drop rusty knife
223	11	pray
224	51	examine cylinder
225	50	insert blue card in slot
226	25	take key
227	22	drive to the monument
228	33	learn caskly
229	27	push ball southwest
230	51	examine mouth
231	3	look up squirrel in leshosh
232	25	take flimsy scroll
233	51	x barkeep
234	51	x fountain
235	51	x pack
236	25	get pork
237	43	ask detective about chelsea
238	3	gnusto liskon
239	25	get cutter
240	3	close torch
241	25	get rod
242	30	give $56
243	51	x officer
244	48	talk to sleaze
245	51	examine stump
246	28	look in mouth
247	16	ask for akbar
248	50	put canteen in knapsack
249	51	x hawk
250	30	give paper to girl
251	2	drink coke
252	32	turn newel
253	27	drop glasses
254	3	foo
255	3	raise beam
256	51	x mine
257	29	sleaze
258	45	northwest
259	2	eat food
260	51	examine statues
261	27	drop multi
262	26	remove bit
263	44	show envelope to johnny
264	3	set left dial to 7
265	25	get smelly scroll
266	42	turn page
267	25	get sword
268	34	lie in tiny little bed
269	40	read brochure
270	50	put oak on table
271	3	close panel
272	6	dehlila
273	25	take headphones
274	26	remove gas mask
275	25	get dynamite
276	25	take dusty brick
277	0	fill bucket with water
278	25	get amulet
279	27	drop nasty knife
280	25	get tea
281	51	examine blue statuette
282	50	put gold in slot
283	27	drop brown
284	42	turn dial right 3
285	50	put ebony in southern niche
286	50	put key in hole
287	25	get it
288	25	get clover
289	30	give novel to alan
290	51	x footprints
291	51	examine carvings
292	2	eat peanuts
293	3	gnusto throck
294	27	drop jewelry
295	51	examine crypt
296	3	lobal me
297	42	turn sceptre
298	3	launch command
299	28	look at paintings
300	5	turn on toaster
301	25	get pendant
302	26	remove plug
303	51	examine body
304	26	remove padlock
305	27	drop eggs
306	26	remove jacket
307	51	x brick
308	27	drop parchment
309	50	put cloth in water
310	37	touch information
311	50	put pouch in toolkit
312	51	x curtain
313	25	take dish
314	30	give form to female
315	50	put box in zipper
316	38	open bottle
317	25	get beam
318	41	hit creature with hook
319	27	drop plans
320	25	get can
321	25	get brown paper
322	0	fill tank
323	27	drop knife and crowbar
324	25	get oar
325	27	pull pipe
326	28	look at woods
327	25	take brown rod
328	25	take egg from pot
329	16	ask spirit for name
330	44	show note to chuckles
331	3	pour hot porridge in gigantic bowl
332	51	x grass
333	26	remove coat
334	25	take all but lantern
335	50	put jar in purse
336	38	open safe
337	28	look
338	50	put house on triangle
339	51	x dusty brick
340	45	northeast
341	25	get sceptre
342	27	drop all but flashlight
343	50	put coin in net
344	27	pull antenna
345	3	enter right end of plank
346	25	get silver
347	25	get coat
348	5	turn on switch
349	27	drop pipe
350	49	carve my name on the memorial
351	51	x forcefield stud
352	27	press med
353	51	examine film projector
354	3	look up trophy in history book
355	25	take crunchy cereal
356	51	examine hooks
357	42	turn knob to high
358	3	look up elijah inrecord
359	25	get rod of fire
360	25	get all
361	25	get sketch
362	50	put red sphere in ruby stand
363	26	remove suit
364	35	hit dragon with sword
365	49	cut line with dagger
366	13	play whistle
367	15	reach into pool
368	35	hit comb
369	25	get all from basket
370	25	get slip of paper
371	32	turn crank
372	52	shoot prey
373	9	dungeon master, turn dial to 8 and press button
374	51	examine stars
375	25	take celery
376	27	pull third peg
377	51	x counter
378	25	take cereal
379	51	x ariana
380	34	lie on bed
381	3	lleps urbzig
382	25	take beads
383	29	no
384	27	drop all cubes
385	27	drop spoon
386	51	examine switch
387	16	ask mary for ladder
388	3	gnusto tinsot
389	25	get implement
390	51	examine tomb
391	20	take off gown
392	3	fweep me
393	3	exex turtle
394	14	tie chest to rope
395	25	get memo
396	51	x insect
397	25	get link
398	51	examine tree
399	3	egdelp cabinet
400	6	here kitty kitty
401	26	remove handcuffs
402	25	get tray
403	45	go stump
404	3	exit
405	27	drop newspaper
406	28	look at screen
407	40	read pages
408	3	kick south wall
409	26	remove new brick with crowbar
410	35	hit elf
411	3	frotz me
412	25	get hyrax
413	30	give coin to bartender
414	53	strike rod of fire
415	27	drop toupee
416	27	drop torch
417	51	x body
418	3	catch it
419	25	get axe
420	3	punch out blue dot
421	3	gloth dough
422	27	drop flask
423	31	search painting
424	25	get shuttle card
425	25	take hammer
426	25	get mug
427	25	take bandage
428	38	open jewellery box
429	50	put glass in crack
430	44	show pole to gnome
431	27	drop grater
432	27	push boulder
433	51	x natives
434	43	ask hacker about keys
435	3	steer towards rocky spire
436	27	press green
437	24	wear air tank
438	51	examine hive
439	51	examine lemming
440	40	read ruby scratch with glass
441	43	ask allarah about jewel
442	6	say carte
443	38	open jeep
444	28	look in telescope
445	25	get garter
446	51	x pan
447	25	get mask
448	39	buy candy from hawker
449	25	take coin from zipper
450	2	eat green goo
451	38	open canteen
452	49	cut blue tassel
453	40	read poetry
454	50	put maiden in projector
455	28	look for pig
456	24	wear coat
457	27	drop pickaxe
458	33	learn malyon
459	27	drop can
460	22	drive to pinchin lane
461	42	turn c
462	50	put bag in case
463	28	l in box
464	45	go through north wall
465	27	drop chest
466	25	get emerald
467	48	talk to boy
468	51	x dials
469	43	ask delbin about minirva
470	9	hole, n
471	50	put it on hand
472	25	get pole
473	31	search slabs
474	44	show ledger to magistrate
475	30	give note to mr crisp
476	24	wear clothes
477	42	shake lamp
478	3	close furnace
479	3	plug toaster into wall
480	27	drop slip
481	3	blow shawm
482	33	learn pulver
483	28	look in pram
484	3	gnusto egdelp
485	27	drop shroud
486	3	point it at rod of life
487	30	give flask to bum
488	27	press 5
489	3	point it at thorns
490	51	x door
491	3	point it at knight
492	25	get coin
493	40	read diary
494	49	cut branch with knife
495	50	put raisins on celery
496	38	open buoy
497	50	put medicine bottle in shaft
498	50	put homing in hatch
499	25	get violin, necklace, ruby, zorkmid, stamp, crown and dragon
500	34	lie down
501	3	start engines
502	2	eat it
503	25	get pork chops
504	32	turn c
505	51	examine corpse
506	2	drink tea
507	3	note sink
508	25	get flask
509	27	drop secateurs
510	27	drop crampons
511	3	haggle with salesman
512	11	anoint me
513	28	look at scene
514	25	get all from cupboard
515	49	cut green with scalpel
516	51	x bones
517	43	ask dragon about white
518	25	get dragon and paper
519	3	gnusto luncho
520	50	put bread in zipper
521	51	examine cage
522	3	lock cabinet with key
523	3	dig sand
524	3	greet gnome
525	28	listen to dial
526	8	break seal with pickaxe
527	30	give money to hawker
528	50	put beam under lintel
529	25	get stone
530	27	drop drill
531	3	gnusto huncho
532	3	pour wine in green goblet
533	27	drop matchbook
534	50	put bottle in zipper
535	27	drop green
536	51	x kettle
537	27	press white panel
538	50	put it in coffin
539	33	learn bozbar
540	38	open fur sack
541	3	set constellations to horse
542	14	tie rope to rod
543	25	get pyramid
544	25	get red statuette
545	38	open pot
546	27	drop mirror
547	51	x attendant
548	17	jump off equipment
549	30	give garter to papa
550	3	pour wax on floor
551	51	x opener
552	32	turn gnomon
553	51	x generator
554	27	drop shield
555	40	read envelope
556	6	guard, hello
557	51	examine chair
558	27	press 0
559	42	roll statue nw
560	50	put rods in coffin
561	25	take kettle
562	25	take black rod
563	3	blorple 3
564	25	take dusty scroll
565	3	point it at mural
566	49	cut coconut with axe
567	51	x blocks
568	51	examine missile
569	27	drop pouch
570	25	get bananas
571	3	gnusto fiznav
572	45	go to statue
573	25	get lye
574	25	get novel
575	27	move floorboards
576	24	wear amulet
577	27	press blue button
578	51	x implementor
579	25	get orange vial
580	50	put gold in plate
581	25	take crumpled
582	3	close tray
583	51	x electric panel
584	27	push filthy s
585	51	examine bones
586	27	drop fish
587	38	open orange vial
588	0	fill hat with water
589	25	get token
590	27	press project status stud
591	27	push dionysus southeast
592	3	note it
593	30	give pass to sleaze
594	3	gnusto zifmia spell
595	27	drop splinter
596	27	drop room key
597	38	open oven
598	41	hit board
599	31	search machines
600	9	rock, e
601	30	give garnet to akbar
602	25	get jewelry
603	3	pour water on coin
604	25	take 7
605	3	stand in long line
606	27	press black
607	26	remove first brick
608	43	ask bly about monster
609	25	get emerald cluster
610	25	get wheel
611	3	hammer scraps
612	3	rewind tape
613	51	examine washing machine
614	25	get long steel key
615	25	get vellum scroll
616	48	talk to reunite
617	51	x crane
618	9	robot, north and press triangular button
619	50	put fuse in generator
620	31	search foundation
621	30	give gram to andrea
622	50	put battery in panel
623	50	put acorns in net
624	50	put diamond in case
625	3	shout
626	40	read notice
627	30	give envelope to woman
628	27	drop spectacles
629	25	get glass
630	3	note dryer
631	25	get drill
632	50	put blanket on grue
633	25	take ledger
634	51	x indicator
635	38	open catch
636	27	drop bible
637	50	put dynamite in toaster
638	45	out
639	3	enter tardis
640	27	move barrel
641	25	get up
642	39	buy flashlight and repellent
643	25	get meter
644	44	show red to trent
645	25	get crossbow
646	25	get pliers
647	38	open stone door
648	50	put brown rod in hole
649	27	drop necklace and dragon
650	27	press west wall
651	5	turn on light
652	31	search grass
653	27	pull lever
654	50	put round stone into grating
655	25	get bees
656	3	dock
657	27	drop first brick
658	5	turn off saw
659	25	get bones with chopsticks
660	51	examine thin man
661	25	get piece of paper and business card
662	51	examine memorial
663	25	take gun
664	9	robot, east and south
665	51	examine coffin
666	40	read notes
667	33	learn meef, meef and swanzo
668	25	get coins
669	6	echo
670	3	enter dory
671	50	put link in chalice
672	51	x handle
673	51	x grille
674	27	drop amulet
675	42	swing rope
676	25	take box
677	25	take card
678	27	pull rods
679	25	take 10
680	25	get microphone
681	25	get sash
682	25	get weeds with fork
683	34	lie down in front of bulldozer
684	3	close cold box
685	25	get coal
686	50	put pouch under pipe
687	25	get firewood
688	42	turn sphere
689	38	open chest with needle
690	38	open crate
691	30	give bananas
692	2	eat stew
693	24	wear snorkel
694	3	record
695	51	x note
696	27	drop key and brush
697	43	ask farmer about oyster
698	50	put all in thing
699	3	look up mordecai in record
700	21	wake implementor
701	28	look shelf
702	27	drop buoy
703	38	open car
704	26	remove armour
705	30	give pork chops to wolf
706	27	drop suit
707	25	take compass rose
708	27	press red
709	27	drop label
710	45	go under wall
711	27	drop notice
712	3	save image
713	25	get all from drawer
714	12	kill sofia with opener
715	28	look in cauldron
716	27	drop trident
717	27	drop spade
718	27	drop third brick
719	40	read journal
720	3	look up partaim in fresto
721	3	close oven
722	26	remove skis
723	51	examine waterfall
724	51	x city
725	25	take flour
726	50	put red flag on speckled
727	30	give paper to professor
728	28	look under cushion
729	46	burn rope with candle
730	51	x grill
731	35	hit lamp
732	51	examine cottage
733	24	wear skis
734	25	get fish
735	3	get down
736	32	turn dial to 3
737	40	read glittering scroll
738	37	hold breath
739	30	give gram to danielle
740	33	learn lesoch
741	3	gnusto ledak
742	50	put ruby cluster in knapsack
743	51	examine map
744	3	close door
745	27	pull mat
746	6	plover
747	3	get in web
748	25	get string
749	25	get rod of life
750	27	drop pile
751	50	insult vincent
752	51	examine post
753	27	drop zipper
754	25	grab case
755	50	put beam across doorway
756	25	get hydrant
757	42	turn dial right
758	51	examine bottle
759	27	guards, drop rifles
760	51	examine keg
761	25	take eyes with tongs
762	51	x blank card
763	51	x bubble
764	16	ask tip for tool
765	3	look up croseus in album
766	25	get mirror
767	45	go panel
768	51	x dispenser
769	3	shut panel
770	46	burn pole with torch
771	25	get diamonds
772	25	get egg
773	25	get painting
774	50	put golden chalice in knapsack
775	22	drive to the embankment
776	3	i
777	27	press bottom
778	40	read memo
779	51	examine mousetrap
780	31	search sludge
781	45	d
782	25	take boots
783	30	give gram to alicia
784	25	get album
785	3	kulcad stairs
786	50	put coal in machine
787	50	put pan in oven
788	50	insert indigo card in slot
789	25	get pack
790	26	remove glasses
791	43	ask male about work
792	51	examine islet
793	42	wave beads
794	30	give goggles to cheryl
795	32	turn ring to seventh symbol
796	36	get out of bucket
797	33	learn girgol
798	7	light fuse with match
799	28	look into cage
800	50	put epic poem in kappa
801	3	google it
802	25	take all from basis
803	25	get spices
804	25	get suit
805	38	open journal
806	51	examine slipper
807	3	record scene
808	27	drop cork
809	43	ask bum about brother
810	25	get device
811	51	examine dresser
812	25	get blue paper
813	51	examine dusty book
814	51	examine snooker table
815	51	x books
816	43	ask charles about temple
817	28	look into relay
818	7	light pipe with match
819	45	ahead
820	40	read plaque
821	27	push filthy n
822	33	learn fweep
823	24	wear balm
824	40	read letter
825	50	put it in receptacle
826	27	drop kit
827	38	open gate
828	25	get printer
829	27	drop plug
830	3	izyuk me
831	3	blow spices at lafond
832	50	put it in opening
833	25	get shredded scroll
834	25	get tweezers
835	25	get vial, calendar and matchbook
836	50	insert yellow card in slot
837	34	lie in bed
838	50	put lye in coat
839	51	examine notice
840	27	press start
841	43	ask allarah about red
842	3	lock door
843	50	put painting in case
844	3	oil secateurs
845	25	get x3, x4, x5, x6
846	42	turn wireless on
847	51	x chopper
848	17	climb pillar
849	51	x outcrop
850	50	put mana in bottom socket
851	27	drop mask
852	3	dig in ground
853	25	get pages
854	3	still life, lagach
855	50	put compass rose in carving
856	43	ask him about nelson
857	30	give book to twin
858	33	learn lobal
859	25	take grenade
860	27	drop telescope
861	25	get acorns
862	3	frotz temple
863	51	x cutout
864	3	g
865	3	enter
866	25	get mirror 1
867	25	get violet card
868	5	turn on film projector
869	25	get all cards
870	3	snavig grue
871	50	put feather on left
872	42	turn ring to seventh symbol
873	43	ask k9 about reactor
874	27	drop candle
875	25	get sharp stone
876	3	get on couch
877	28	look through binoculars at shelter
878	32	turn selkis
879	25	get zorkmid
880	38	open desk
881	3	alexis, heel
882	51	examine coin
883	51	x label
884	25	get page
885	50	put flathead on circle
886	25	get tube
887	50	put red cake in pool
888	51	examine icicles
889	37	touch generator
890	0	fill battery
891	3	drill safe with drill
892	27	pull quartz
893	50	put brass key on keyring
894	50	put egg in case
895	3	izyuk myself
896	40	read prayer
897	50	put arrow in crossbow
898	22	drive to buckingham palace
899	27	drop teapot
900	25	take keys
901	27	drop beer can
902	40	read crumpled
903	51	x male
904	25	get tarot box
905	25	get food
906	25	get brick
907	25	get plans
908	17	jump out window
909	18	satchel
910	29	berknip
911	30	give alpha to apollonius
912	12	kill figure with sword
913	3	gnusto gondar spell
914	51	x light
915	28	listen to conversation
916	25	get bladder
917	38	open secret door
918	40	read blueprint
919	27	drop matchbox
920	7	light candle with match
921	51	examine boy
922	26	remove hat
923	51	x gnome
924	27	pull torch
925	3	close pizza box
926	49	cut blue wire
927	3	frotz book
928	50	put coin in interest
929	25	get green card
930	25	get teddy
931	3	blow horn
932	51	x arcade
933	27	drop birdcage
934	50	put bit in tea
935	3	blorple 5
936	27	drop shim
937	25	get cube
938	3	rezrov gate
939	5	turn on stove
940	42	turn ring to fourth symbol
941	5	turn off electricity
942	8	break bottle
943	33	learn foblub
944	27	move crank
945	50	put berries in pan
946	3	point east
947	25	get opal cluster
948	51	x clingfilm
949	51	examine parchment
950	17	climb down
951	28	look in cannon
952	25	take 12
953	36	get out of chair
954	20	take off jacket
955	45	south
956	25	get all from demijohn
957	30	give bell
958	3	candles
959	30	give food to bear
960	22	drive to whitehall
961	27	pull line
962	17	climb down rope
963	3	latitude is 25
964	50	put scraps in forge
965	50	put card in pocket
966	3	gnusto zemdor
967	25	get paddle
968	51	examine barrow
969	50	put control in top socket
970	32	turn ring to fourth symbol
971	50	put lemming in cage
972	3	malyon dragon
973	27	drop knapsack
974	30	give opal, ruby, sapphire and emerald to guard
975	25	get bag
976	51	examine machine
977	32	turn dial right 3
978	3	polish orb
979	48	talk to gnome about mogglev
980	25	take dodo
981	50	put blue in glasses
982	51	examine enclosure
983	25	get ox
984	34	sit down
985	30	give coin to gnome
986	51	x button
987	51	x dresser
988	25	get secateurs
989	2	drink water
990	27	press button
991	37	pinch me
992	6	hello sailor
993	40	read flimsy scroll
994	25	get lens
995	40	read lettering
996	35	hit bung with mace
997	25	get pistol
998	40	read ornate scroll
999	51	x bay
1000	51	examine axe
1001	27	press 2
1002	28	look in bottle
1003	25	get peg
1004	25	take dagger
1005	38	open historical
1006	26	remove balls
1007	25	get star
1008	25	get crumpled scroll
1009	27	drop cage
1010	50	put gum on ass
1011	25	get gigantic bowl
1012	3	guncho krill
1013	3	gondar dragon
1014	3	look up ternalim in fresto
1015	25	get new battery
1016	40	read sports in newspaper
1017	50	put pack on gum
1018	27	drop painting
1019	27	press ignition
1020	7	light match
1021	26	remove bandage
1022	44	show ruby to pigeon
1023	27	pull clean hook
1024	3	oozelumny
1025	51	examine boulders
1026	25	get flowerpot
1027	3	enter gazebo
1028	33	learn snavig
1029	51	x ladder
1030	3	gnusto krebf spell
1031	50	put handcuffs on rods
1032	28	look at window pane
1033	27	drop dragon and paper
1034	24	wear pendant
1035	45	fore
1036	6	say minirva
1037	27	push dusty n
1038	3	gnusto rezrov spell
1039	51	x device
1040	28	look through window
1041	30	give book to gnome
1042	51	examine bird
1043	3	espnis idol
1044	25	take gloves
1045	50	put sceptre in case
1046	25	get figure
1047	25	get porridge oats
1048	28	look in crypt
1049	42	turn it on
1050	28	look in pocket
1051	17	jump
1052	3	longitude is 25
1053	27	pull chain
1054	25	take amber
1055	25	get all but dagger
1056	0	fill bowl
1057	28	look through astrolabe
1058	40	read back of blue paper
1059	3	mosaic, lagach
1060	25	take butter from pot
1061	51	examine stamps
1062	51	examine vegetable plot
1063	40	read frayed scroll
1064	50	put it in projector
1065	25	get candles
1066	25	take foot
1067	38	open copier
1068	40	read faded scroll
1069	33	learn gloth
1070	51	x hat
1071	28	look in cabinet
1072	38	open can
1073	26	remove fifth brick
1074	50	put dagger in chest
1075	27	drop ox
1076	3	ledak painting
1077	30	give fluff to arthur
1078	50	put 10 in box
1079	51	examine wight
1080	38	open outer
1081	25	get collar
1082	50	put blue sphere in sapphire stand
1083	51	examine computer
1084	51	examine book
1085	27	drop dusty brick
1086	51	examine winch
1087	25	get paint
1088	3	pour vodka in cola
1089	51	examine fawkes
1090	51	examine blue carpet
1091	30	give hairpin to mary
1092	41	hit crulley with coffer
1093	27	drop door
1094	27	drop myrrh
1095	28	look inside tube
1096	25	take handkerchief
1097	3	gnoeval
1098	3	get in forklift
1099	50	put rag in pot
1100	25	get topaz
1101	3	pour water on detective
1102	3	clip monster
1103	38	open secret panel
1104	42	turn it
1105	50	put large plug in large receptacle
1106	42	turn dial
1107	25	get wallet
1108	51	x hermit
1109	25	take ash tray
1110	40	read matchbook
1111	34	sit
1112	27	drop fork
1113	30	give gloves to zombie
1114	24	wear clown mask
1115	3	close tapestry
1116	50	put laudanum in blue goblet
1117	51	examine panel
1118	3	pour fluid in hole
1119	27	drop cutter, flask and axe
1120	25	get matchbook
1121	3	port
1122	27	push button 3
1123	44	show ribbon to chuckles
1124	3	blorple 10
1125	30	give card to alan
1126	27	drop all but pager
1127	27	drop all but brain
1128	51	examine skeleton
1129	25	take bucket
1130	42	turn gnomon
1131	31	search refuse
1132	24	wear badge
1133	27	press lever
1134	0	fill bath
1135	3	cast lesoch
1136	45	in
1137	38	open jar
1138	50	insert green card in slot
1139	37	touch obelisk
1140	50	put lens in telescope
1141	6	away
1142	25	take 4
1143	25	get large key
1144	51	examine woman
1145	38	open guage
1146	22	paddle west
1147	5	turn on hair dryer
1148	27	drop stand
1149	27	drop coin
1150	27	drop dagger
1151	3	click on paper
1152	25	get canary
1153	44	show mouse to elephant
1154	25	get beer
1155	27	drop lockpick
1156	32	turn h
1157	25	take 9
1158	37	touch panel
1159	49	cut cable
1160	28	look in panel
1161	3	bekdab golem
1162	5	turn on computestor
1163	50	put branch under boulder
1164	50	put emerald in case
1165	51	examine log
1166	24	wear shield
1167	25	get diamond
1168	40	read dusty scroll
1169	50	put ruby in red boot
1170	25	get brain
1171	45	go north
1172	25	get toaster
1173	51	x electronics
1174	25	get orb
1175	37	rub it with crayon
1176	43	ask dragon about black
1177	10	break cabinet
1178	25	get
1179	40	read list
1180	51	examine pram
1181	44	show amulet to michael
1182	26	remove clothes
1183	51	x key
1184	27	drop jacket
1185	25	take key from zipper
1186	51	examine reeds
1187	25	take gold key
1188	50	put bug in sack
1189	37	rub lamp
1190	33	learn feeyuk
1191	51	examine symbols
1192	3	set compass to swallow
1193	43	ask delbin about ale
1194	45	go ledge
1195	3	close it
1196	51	examine mesa
1197	25	get crook
1198	25	get watch
1199	25	take ebony
1200	25	get grimoire from box
1201	3	dig earth
1202	25	get rug
1203	17	climb beanstalk
1204	31	search fountain
1205	50	put red sphere in pot
1206	32	turn screw
1207	25	get bread
1208	50	put rods in socket
1209	6	eddie, hello
1210	38	open curtains
1211	34	sit on dragon
1212	3	meef weeds
1213	16	ask coach for trophy
1214	51	x murals
1215	27	drop wrench
1216	3	dig ground with axe
1217	25	get mace
1218	3	draw line from b to j
1219	3	close breaker
1220	3	get in basket
1221	48	talk to queenie
1222	25	take hoard
1223	6	exodus
1224	24	wear flippers
1225	3	liskon me
1226	25	take all except key, whip, stool
1227	27	drop rubies
1228	25	get carton
1229	51	x box
1230	50	put crystal in space
1231	27	drop booklet
1232	2	eat brown goo
1233	50	put egg in pan
1234	25	get medicine bottle
1235	44	show card to chuckles
1236	25	get note
1237	43	ask george about gumball
1238	51	x panel
1239	38	open matchbook
1240	34	sit on chair
1241	27	drop plotter
1242	49	cut clingfilm with knife
1243	3	get in floor
1244	3	point down
1245	43	ask barkeep about thad
1246	44	show it to holmes
1247	25	get particule
1248	25	get flute
1249	51	x control
1250	38	open kit
1251	25	get fruit
1252	25	get corn
1253	30	give kappa to callimachus
1254	7	light candle with fire
1255	25	get dragon
1256	4	cover trapdoor with bearskin rug
1257	27	drop scarf
1258	51	examine wand
1259	27	drop letter
1260	27	drop all bricks
1261	43	ask male about officer
1262	27	push ass
1263	51	x floorboards
1264	18	city
1265	3	play arcade
1266	50	put black in slot
1267	38	open cage
1268	51	examine flytrap
1269	25	take lamp
1270	3	rimshaw, hypnotise me
1271	25	take gold coin from right pan
1272	50	put guano in cannon
1273	33	learn egdelp
1274	50	put clear sphere in diamond stand
1275	41	hit floor with axe
1276	25	get rod of ice
1277	25	get parcel from cupboard
1278	25	take club
1279	27	drop pump
1280	25	get red sphere
1281	41	hit comb
1282	3	close lid
1283	44	show photograph to charles
1284	3	hack terminal
1285	25	take balsa beam from northern niche
1286	38	open northern door
1287	51	examine plate
1288	25	get honey
1289	25	get pan
1290	22	drive to tower of london
1291	50	put invite in copier
1292	50	put dornberries in pot
1293	3	note counter
1294	39	buy sandwich
1295	25	ask wiggins to get garnet
1296	25	take hairpin
1297	24	wear gas mask
1298	25	take beam from southern niche
1299	27	move moose
1300	25	take bread
1301	27	drop keys
1302	51	x knife
1303	50	put coin in zipper
1304	51	x juke
1305	51	x mukhtar
1306	27	drop net
1307	25	get ace
1308	40	read blackened
1309	43	ask k9 about control
1310	3	look up william on nameplate
1311	45	go to gnome
1312	44	show hand to urchin
1313	40	read garnet scratch with glass
1314	35	hit board
1315	27	drop water
1316	25	get air tank
1317	25	get glider
1318	27	drop ring
1319	50	put coin in slot
1320	27	press buy
1321	30	give copy to male
1322	3	blorb adventurer
1323	8	break window
1324	50	put it on henry's tomb
1325	25	get pizza box
1326	3	look up edward in record
1327	25	get remote control
1328	25	get opal
1329	25	get portrait and bills
1330	25	get key
1331	24	wear shirt
1332	38	open box with tool
1333	24	wear cap
1334	3	gnusto snavig
1335	50	put oil on hatch
1336	27	push button 7
1337	38	open dumpster
1338	50	put c battery in drill
1339	3	set radio to 1170
1340	28	listen to girl
1341	3	look up cholok in leshosh
1342	27	drop wine
1343	53	strike rod of ice
1344	50	put piece in locket
1345	31	search shelves
1346	25	take cola
1347	25	get magic bean
1348	3	enter cab
1349	25	get staff
1350	51	x panels
1351	50	put cave cube in bottom right socket
1352	3	enter boat
1353	3	plug hair dryer into wall
1354	40	read moldy book
1355	51	examine moss
1356	43	ask about evidence
1357	42	turn switch with screwdriver
1358	3	gnusto bekdab
1359	52	shoot pod with bazooka
1360	27	pull cloth
1361	42	turn key
1362	42	shake pack
1363	25	take circuit
1364	27	drop crumpled
1365	38	open slot
1366	51	examine rose
1367	27	drop drive
1368	37	touch powerup stud
1369	40	read old book
1370	43	ask male about daddy
1371	12	kill skink
1372	46	burn paper
1373	40	read letter to woman
1374	27	drop radio and pole
1375	45	aft
1376	25	take amethysts
1377	14	attach string to kite
1378	3	cast girgol
1379	28	look out window
1380	27	press switch a
1381	24	wear jacket
1382	50	put packet in pot
1383	38	open demijohn
1384	3	caskly chewed scroll
1385	37	touch notch
1386	10	break door
1387	50	put coal in basket
1388	25	take clover
1389	51	examine coconuts
1390	51	examine pedestal
1391	16	ask for pigeon
1392	37	touch blue
1393	28	look under bed
1394	27	drop box
1395	51	examine volt meter
1396	38	open crypt
1397	3	start it
1398	27	press red button
1399	50	put peg in hole
1400	25	get ruby
1401	37	lick pet
1402	24	wear gown
1403	25	get torn square
1404	51	examine fence
1405	38	open net
1406	3	set throttle to fast
1407	25	get spray
1408	5	turn on microphone
1409	38	open back door
1410	43	ask gnome about statue
1411	3	stand on chair
1412	25	get balls
1413	50	put crossbow in sack
1414	3	enter waterfall
1415	2	drink drink
1416	51	x chest
1417	3	surf the net
1418	25	take gothic key
1419	27	drop gigantic bowl
1420	3	erase line between b and r
1421	3	pour milk in cauldron
1422	51	x globe
1423	3	look up indanaz in leshosh
1424	51	examine lights
1425	51	x carvings
1426	27	drop screwdriver
1427	51	x computers
1428	25	get tin
1429	0	fill it with water
1430	27	push boulders
1431	25	get chisel
1432	6	say candle
1433	3	agganrw
1434	6	hello
1435	5	turn on flashlight
1436	25	get magazine
1437	51	x boat
1438	31	search straw
1439	38	open clam with trident
1440	38	open compartment
1441	41	attack thief with nasty knife
1442	30	give hat to pelican
1443	25	get scroll
1444	3	stand on charles
1445	25	get bauble
1446	44	show keepsake to knight
1447	50	put match in wax
1448	34	sit in medium-sized chair
1449	32	turn ring to second symbol
1450	26	remove second board
1451	2	eat berries
1452	51	examine toadstool
1453	28	look in zipper
1454	38	open portrait
1455	27	drop cardboardbox
1456	27	drop brass key
1457	25	get rods from coffin
1458	3	look up kebarn in leshosh
1459	27	drop tin
1460	44	show card to librarian
1461	2	drink beer
1462	27	pull hose
1463	27	drop walkie
1464	25	get stick
1465	3	clean dirty floor with moss
1466	3	cast frotz on amulet
1467	3	blow whistle
1468	50	put copper key on keyring
1469	27	drop dino
1470	27	push button 1
1471	51	examine porridge oats
1472	50	put balloon on pentagon
1473	25	get rasp
1474	50	insert ruby cluster in second hole
1475	25	get timber
1476	7	light firewood with match
1477	27	drop it and kit
1478	27	drop all except 10, book
1479	27	drop bread
1480	27	push bed
1481	33	learn lleps
1482	3	foblub yupple
1483	28	look at mural
1484	25	get sphere
1485	24	wear mask
1486	43	ask hermit about entrance
1487	38	open cube
1488	43	ask angela about affliction
1489	51	examine fin
1490	27	push button 9
1491	25	get broom
1492	25	get eight
1493	27	drop diamonds
1494	51	examine blossoms
1495	27	drop radio
1496	27	drop broom
1497	3	set thermostat to warm
1498	50	put net on hole
1499	24	wear dress
1500	25	get hammer
1501	25	get interface
1502	45	mouse, south
1503	24	wear goggles
1504	51	examine tide
1505	42	turn dial left 4
1506	25	get bracelet
1507	38	open shield
1508	39	buy box
1509	50	insert interface in nutrimat
1510	24	wear balls
1511	51	examine red statuette
1512	31	search stand
1513	43	ask her about rare books
1514	43	ask gnome about prinout
1515	30	give case to jenny
1516	50	put paper in pocket
1517	18	2
1518	51	examine model
1519	28	look at shadow
1520	30	give fragment to green rock
1521	38	open container
1522	27	push golden machine east
1523	25	get coffer
1524	25	get homing
1525	25	get paper
1526	2	eat fruit
1527	2	drink liquid
1528	28	l in hatch
1529	2	drink whiskey
1530	3	set fifth wheel to 3
1531	23	follow ford
1532	27	drop pigeon
1533	27	drop microphone
1534	25	take chelsea
1535	3	strike match
1536	50	put laudanum on pork
1537	25	take all from chest
1538	43	ask governor about key
1539	51	examine white door
1540	44	show bar to tina
1541	25	get locket
1542	25	get rusty knife
1543	3	jindak
1544	1	untie rope
1545	27	drop photo
1546	43	ask k9 about sequence
1547	51	x it
1548	25	get coke and carton
1549	3	blorple 7
1550	25	get bone
1551	3	leave bed
1552	3	point machine at tree
1553	25	get bottle
1554	3	point it at metal
1555	3	gnusto wigro
1556	25	get heart from boat
1557	24	wear ring
1558	33	learn izyuk spell
1559	43	ask hermit about exit
1560	31	search table
1561	3	close trapdoor
1562	36	get out of golden machine
1563	17	climb on table
1564	25	get pearl
1565	51	examine hole
1566	40	read business card
1567	40	read it
1568	42	sharpen knife on rock
1569	50	put coin in loans
1570	27	push button
1571	3	pulver river
1572	50	put magnet on mine
1573	50	put emerald in green boot
1574	25	take carpet
1575	25	get tablets
1576	25	get pump
1577	15	reach into hole
1578	51	x information stud
1579	3	enter shower
1580	51	x comb
1581	32	turn dial left 4
1582	36	get out of bunk
1583	3	rezrov cabinet
1584	42	turn crank
1585	3	gnusto shazok
1586	2	drink potion
1587	3	dig
1588	21	wake homer
1589	3	enter pram
1590	51	x bulbs
1591	50	put ball in machine
1592	3	bandage arm with rags
1593	27	drop stool and bucket
1594	32	turn nephthys
1595	45	ask wolf to blow turbine
1596	30	give gram to jim
1597	25	take all but pram
1598	20	take off scarf
1599	25	get sharp pick
1600	27	push can against wall
1601	50	put mace cube in top right socket
1602	28	look in box
1603	25	get film and slide
1604	17	climb rope
1605	42	turn ring to sixth symbol
1606	25	get booklet
1607	25	roustabout, get net
1608	38	open cabinet
1609	3	pour water in silver chalice
1610	32	turn roller on
1611	3	enter shack
1612	50	put scalpel in toolkit
1613	49	cut flower
1614	27	pull pin
1615	38	open notebook
1616	3	close raincoat
1617	3	focus slide lens
1618	3	enter cloud
1619	3	pour coffee in drain
1620	45	down
1621	3	pour liquid on torch
1622	50	put it on yellowed paper
1623	3	bozbar tortoise
1624	3	set first wheel to 9
1625	30	give gram to meghan
1626	3	gnusto foblub
1627	51	x copy
1628	48	talk to empirious
1629	25	take binoculars
1630	43	ask allarah about white
1631	24	wear breeches
1632	25	get hat
1633	25	get salt
1634	25	get firestone
1635	25	get finch
1636	14	join red rod to silver rod
1637	50	put carton in oven
1638	51	examine rope
1639	25	take leaf
1640	37	touch flower
1641	51	x keys
1642	25	take gores
1643	50	put all in fireplace
1644	50	hang bucket on third peg
1645	12	kill thief with nasty knife
1646	3	close cabinet
1647	5	turn on bulb
1648	25	get key, jewels and whistle
1649	4	cover opening with blanket
1650	38	open hatch with screwdriver
1651	40	read scroll
1652	3	gnusto exex spell
1653	27	press channel
1654	2	eat red goo
1655	51	x left screen
1656	25	take erbium
1657	43	ask george about bag
1658	36	get out of boat
1659	8	break branch
1660	3	gnusto crumpled
1661	49	cut line with axe
1662	25	get wet suit
1663	51	x homing
1664	25	get wrought iron key
1665	25	get eight of wands
1666	25	get penguin
1667	51	examine gnomon
1668	25	get wrench
1669	27	drop dusty book
1670	43	ask hawker about candy
1671	25	get earth crystal
1672	49	chop tree
1673	3	note vomit
1674	27	drop matches
1675	28	look under floorboard
1676	38	open sack
1677	40	read ledger
1678	27	drop wire
1679	50	put butter in pot
1680	50	put hand in liquid
1681	44	show case to jenny
1682	3	liskon self
1683	25	take green sphere
1684	3	gnusto gloth
1685	6	say oil
1686	30	give ekmek to andromeda
1687	25	get ball
1688	40	read grave
1689	27	drop historical
1690	50	put card in slot
1691	38	open drawer
1692	47	reach in sculpture
1693	37	touch control stud
1694	50	put it in niche
1695	27	drop mud
1696	51	examine sheets
1697	27	drop ticket
1698	37	rub flower
1699	27	drop coins
1700	51	examine output
1701	50	put icicle on lump
1702	3	point at vodka
1703	27	pull cord
1704	51	x kite
1705	44	show invitation to butler
1706	27	push demeter northwest
1707	30	give card to woman
1708	42	turn door
1709	3	close hatch
1710	28	look in fountain
1711	25	get vial
1712	18	jacket
1713	26	remove cap
1714	25	get magic porridge pot
1715	49	chop ice with axe
1716	30	give paper to gnome
1717	50	insert opal cluster in fourth hole
1718	42	turn ring to second symbol
1719	25	get passbook and room key
1720	25	get chest
1721	3	anoppe
1722	7	light candle
1723	45	ne
1724	25	get crow
1725	6	plugh
1726	27	drop scroll
1727	32	turn dial left
1728	33	learn swanko
1729	25	take garlic
1730	27	drop clock
1731	50	put it in hat
1732	51	x arrangement
1733	25	take gold box
1734	27	pull slide
1735	38	open aqua vial
1736	28	l up terrock in leshosh
1737	25	get red, blue and green cake
1738	6	say ialdabaoloth
1739	51	x block
1740	38	open door
1741	51	x gun
1742	25	take cube
1743	25	get garlic
1744	27	drop balsa wood beam
1745	31	search shape
1746	6	say my name
1747	6	idiot
1748	36	get out of cask
1749	40	read paper
1750	31	search ice
1751	51	x painting
1752	25	take coal
1753	3	taclor kobold
1754	51	examine garlic
1755	27	drop package
1756	40	read hieroglyphs
1757	27	drop meter
1758	50	put knife in purse
1759	3	click on more
1760	35	hit crulley with coffer
1761	3	close jar
1762	50	put it in thing
1763	51	examine walkie
1764	44	show box to guard
1765	51	x gaping
1766	27	press gray button
1767	32	turn sphere
1768	32	turn knob to high
1769	51	x figure
1770	42	turn dial to 4
1771	34	sit in tiny little chair
1772	25	get 3
1773	43	ask george about beetlebaum
1774	43	ask kemp about circuit breaker
1775	38	open matchbox
1776	3	close roof
1777	27	drop cracked
1778	51	examine crabs
1779	27	drop them
1780	27	pull anchor
1781	3	enter dumb waiter
1782	27	drop fruit
1783	25	get wine
1784	50	put dart on claw
1785	3	egdelp golem
1786	27	drop all except bottle
1787	27	press switch b
1788	50	put it on tomb
1789	25	get rope
1790	3	pour water on net
1791	30	give case to harry
1792	37	touch pad
1793	51	x huge statue
1794	25	take door
1795	25	get white
1796	37	touch man
1797	40	read faded
1798	47	reach in zipper
1799	40	read cracked
1800	27	push dispenser button
1801	43	ask k9 about k9
1802	25	get ruby cluster
1803	38	open brown bottle
1804	51	x bladder
1805	25	get steel key
1806	30	demon, give me wand
1807	51	examine switch b
1808	51	x mural
1809	11	pray to kraxis
1810	27	drop shovel
1811	27	drop skink
1812	3	pour cold porridge in gigantic bowl
1813	38	open pram
1814	3	enter handcar
1815	18	paper
1816	51	examine electrodes
1817	50	put golden chalice on left disc
1818	38	open locket
1819	50	put mail on satchel
1820	3	screw relay into space
1821	38	open stump
1822	3	blorple x10
1823	25	get c battery
1824	28	l in cabinet
1825	50	put all on box
1826	44	show crossbow to dragon
1827	27	pull breaker
1828	5	turn off lantern
1829	25	get blueprint
1830	38	open hatch
1831	51	examine air tank
1832	25	take chest
1833	27	drop hair dryer
1834	27	drop honey
1835	50	put rope in unit
1836	50	put prize cube in top left socket
1837	3	point it at lemniscus
1838	25	get bean pole
1839	26	remove stethoscope
1840	25	take crowbar
1841	51	x camera
1842	50	put figurine in case
1843	3	lower grate
1844	3	pick cuffs with needle
1845	3	chew gum
1846	25	get teleportation card and battery
1847	27	drop stethoscope
1848	24	wear shroud
1849	27	drop stone
1850	50	put ring, book in sack
1851	31	search gnome
1852	3	pour wine in blue goblet
1853	3	gnusto tossio
1854	3	ozmoo myself
1855	27	drop blue paper and yellow paper
1856	30	give pan to guard
1857	50	put chain on hook
1858	32	turn dial to 639
1859	3	set right dial to 4
1860	31	search guard
1861	25	get bomb
1862	51	examine plant pots
1863	27	push blue
1864	40	read slip of paper
1865	25	take all
1866	40	read page
1867	25	get candy and gold key
1868	25	take bowl
1869	3	set dial to 776
1870	3	enter white door
1871	51	examine lump
1872	25	get skis
1873	25	get knife
1874	27	push bookcase
1875	42	roll statue sw
1876	4	hide envelope under bunk
1877	3	enter dish
1878	33	learn ozmoo
1879	50	put fig in urn
1880	30	give magazine to madman
1881	38	open chest
1882	25	get featureless rod
1883	51	x duct
1884	25	get hook
1885	37	kiss corpse
1886	27	push demeter southwest
1887	25	get package
1888	38	open it
1889	25	take balsa beam
1890	51	x bed
1891	44	show egg to adventurer then east
1892	25	take coconut
1893	50	put coin in jukebox
1894	50	put ebony in eastern niche
1895	29	sword
1896	27	drop it
1897	25	get off carpet
1898	38	open book
1899	50	put on parka
1900	27	pull knob
1901	27	drop whistle
1902	50	put lye on moss
1903	50	put coal in furnace
1904	41	hit box
1905	27	drop pencil
1906	33	learn bekdab
1907	27	drop thing
1908	3	hide under bones
1909	25	get satchel
1910	27	drop egg
1911	25	get gem
1912	41	hit dragon with sword
1913	25	get fan
1914	27	drop rune
1915	28	look at frank
1916	27	drop hammer
1917	40	read missive
1918	3	pour liquid on body
1919	16	ask for mycroft holmes
1920	2	eat bread
1921	17	climb piano
1922	8	smash case with broom
1923	25	get caliper
1924	27	drop finch
1925	13	play tape
1926	25	get blue sphere
1927	51	x fungus
1928	30	give carton to hacker
1929	7	light lantern
1930	27	drop axe
1931	27	drop knife
1932	18	4
1933	3	strike it
1934	25	get pot
1935	27	drop pan
1936	25	get awl
1937	1	unhook chain
1938	25	get bird
1939	27	drop flippers
1940	25	get gas
1941	25	get short poem
1942	3	close shield
1943	22	drive to covent garden
1944	47	reach in chopper
1945	5	turn on homing
1946	3	lock it with padlock
1947	38	open flask
1948	3	click if-archive
1949	3	again
1950	25	get branch
1951	25	take ash
1952	3	prick dummy
1953	25	get scalpel
1954	51	x fan
1955	25	get antimacassar
1956	51	x dragon
1957	51	x boots
1958	3	gnusto malyon spell
1959	31	search boots
1960	30	give drink to frank
1961	51	examine cauldron
1962	43	ask george about town
1963	26	remove cloak
1964	28	look in nest
1965	2	eat tiny bowl of porridge
1966	25	take all but parchment
1967	50	put gold in toolkit
1968	38	open curtain
1969	25	get letter opener
1970	25	get keys
1971	51	x barman
1972	30	give pincer to marvin
1973	3	close outer
1974	51	x nest
1975	25	get treatise
1976	28	listen
1977	33	learn blorple
1978	27	drop robe in shaft
1979	25	get beef
1980	27	drop remote control
1981	27	drop bear
1982	17	climb idol
1983	3	lower ladder
1984	50	put gold in unit
1985	51	x pedestal
1986	27	pull railing
1987	6	oracle, hello
1988	25	take kitten
1989	5	turn on slide projector
1990	40	read map
1991	1	untie balloon
1992	30	give amulet to bum
1993	25	get pots
1994	27	drop hoard
1995	50	insert slide in it
1996	43	ask male about female
1997	25	get pouch
1998	28	look in rowboat
1999	8	break padlock with hook
2000	3	pour water on beanstalk
2001	25	get file
2002	33	learn shazok
2003	25	get box
2004	51	examine statue
2005	27	pull tinsel
2006	47	clap
2007	38	open pouch
2008	27	drop crown, stamp, zorkmid and ruby
2009	27	push button enter
2010	25	get needle
2011	25	get wand
2012	40	read killing
2013	38	open outer door
2014	25	get canteen
2015	28	look in overalls
2016	3	krebf shredded scroll
2017	25	get silver chalice
2018	27	drop crayon and pacquet
2019	27	push ball south
2020	53	strike rod of bronze
2021	51	examine goblin
2022	25	get relay
2023	40	read sign
2024	25	get card
2025	3	spells
2026	27	drop chain
2027	27	drop bowl
2028	9	hole, e
2029	30	give gram to silas
2030	6	say even
2031	3	enter pub
2032	27	press information
2033	3	rezrov door
2034	51	x minerals
2035	27	push bell
2036	45	s
2037	50	put chalice in case
2038	3	download image
2039	32	turn it left 7
2040	25	get firework
2041	25	get spoon
2042	3	point to key
2043	25	get all from cabinet
2044	24	wear razor
2045	50	put heart in statue
2046	35	hit dog
2047	27	drop gloves
2048	50	put gear on post
2049	27	cheryl, pull rods
2050	27	drop pager
2051	25	get amulet and scroll
2052	17	jump lake
2053	50	put black rod in hole
2054	50	put red flag on spotted
2055	43	ask belboz about figure
2056	50	put coins in fur sack
2057	13	play people
2058	25	get red card
2059	3	bunyon
2060	27	drop leaflet
2061	23	follow mouse
2062	25	get scarab
2063	3	foe
2064	7	light gas
2065	40	read scrawled
2066	38	open door with crowbar
2067	3	enter car
2068	40	read culture
2069	27	drop all but lens
2070	27	drop perfume
2071	27	drop flashlight
2072	3	gnusto melbor spell
2073	38	open metal cover
2074	43	ask bum about himself
2075	27	pull weed
2076	38	open raincoat
2077	25	get yellow card
2078	42	turn h
2079	25	get milkbottle
2080	51	x gauge
2081	3	look up heinrich in record
2082	51	x flue
2083	25	get flashlight
2084	25	get mail
2085	3	blorple 4
2086	3	lock door with key
2087	50	put scarab in small recess
2088	3	load it
2089	25	get all from closet
2090	51	examine compressor
2091	51	x cooler
2092	25	take dirty scroll
2093	25	get leaflet
2094	34	prosser, lie in the mud
2095	25	get bricks
2096	3	enter curtain
2097	27	pull flower
2098	2	eat green
2099	44	show $500
2100	50	insert good bedistor in cube
2101	3	swanzo belboz
2102	25	get bar
2103	51	x couch
2104	3	plug in toaster
2105	25	get paintbrush
2106	51	x feather
2107	5	turn off torch
2108	51	x pair
2109	51	x librarian
2110	38	open panel
2111	38	open coffer
2112	37	squeeze weed killer bottle
2113	25	get robe
2114	3	click on edit
2115	27	pull branch
2116	3	get in bucket
2117	27	press sequence stud
2118	25	get jar
2119	3	close access panel
2120	3	inventory
2121	32	turn bolt with wrench
2122	27	press 3
2123	51	examine lever
2124	25	get orange card
2125	50	hang it on hooks
2126	25	get bench
2127	38	open handbag
2128	41	hit elf
2129	16	ask sydney for hat
2130	40	read booklet
2131	17	climb down chimney
2132	25	take dino
2133	3	bozbar horse
2134	32	turn dial to 11
2135	50	insert oar in oarlock
2136	27	move handle
2137	27	drop card
2138	27	drop briefcase
2139	51	x horriblis
2140	3	look up yetzuiz in fresto
2141	32	turn it
2142	50	put bazooka on claw
2143	53	strike rod of husbandry
2144	43	ask alan about novel
2145	25	take all from toolshed
2146	28	look at ron
2147	51	x cup
2148	50	put line in socket
2149	53	strike returning
2150	50	put knife in zipper
2151	31	search crates
2152	25	get wig
2153	44	show earth crystal to trent
2154	51	x metal thing
2155	27	drop pin
2156	42	turn wheel left
2157	50	put ace in projector
2158	25	get poetry
2159	51	x blade
2160	51	examine grimoire
2161	25	get pillow
2162	51	examine shiny scroll
2163	3	stand on beam
2164	3	exit scimitar
2165	25	get bazooka
2166	25	take ball
2167	3	set compass to crane
2168	51	examine barrels
2169	27	drop shiny key
2170	29	reply
2171	37	rub bug
2172	50	put flour in pot
2173	32	turn it on
2174	27	drop sword
2175	50	put cereal in pot
2176	50	put opener in keyhole
2177	25	take it
2178	45	left
2179	41	hit dog
2180	25	get cue ball
2181	27	pull second peg
2182	50	put kettle on stove
2183	50	put butter in pan
2184	8	break bubble with axe
2185	3	enter stall
2186	25	get moss
2187	25	get coffin
2188	3	enter inflow pipe
2189	3	gnusto cleesh spell
2190	3	look up eustacia in album
2191	3	mural, lagach
2192	3	raise basket
2193	50	put grenade in cupboard
2194	25	get bell
2195	27	push autopilot button
2196	43	ask bum about anna
2197	3	pour liquid on slime
2198	25	get cup
2199	25	get scarf
2200	42	shake pan
2201	50	put packet in pan
2202	38	open cell door
2203	31	search oats
2204	3	frotz bottle
2205	27	drop coconut
2206	38	open receptacle
2207	25	get tools
2208	50	put mirror 1 in caliper
2209	48	talk to man
2210	50	put eight on pack
2211	3	stand on disc
2212	50	put all except book in zipper
2213	50	put chasm cube in bottom left socket
2214	25	take bread from zipper
2215	25	get test
2216	25	get sack
2217	3	blorple 8
2218	24	wear gloves
2219	50	insert red card in slot
2220	38	open lab door
2221	24	wear sash
2222	51	examine dynamite
2223	51	examine key
2224	3	frotz coin
2225	30	give headdress to shaman
2226	27	press island
2227	50	put bar in case
2228	25	take light
2229	25	get silver locket
2230	25	get off chair
2231	38	open forge
2232	27	drop all except radio
2233	37	touch orange
2234	30	give mirror 1 to michael
2235	40	read research paper
2236	2	drink medicine
2237	3	blorple 11
2238	40	read book
2239	4	cover hole 6
2240	25	take berries from pot
2241	37	rub oil on mirror 1
2242	51	x pass
2243	6	aragon
2244	50	put sceptre in first socket
2245	50	put clover on coin
2246	25	get brass key
2247	32	turn ring to sixth symbol
2248	3	clean table with cloth
2249	32	turn neith
2250	50	put brick in hole
2251	50	insert film in film projector
2252	38	open packet
2253	3	foblub man
2254	51	x carpark
2255	32	turn m
2256	18	3
2257	25	get puzzle box and flute
2258	25	get black
2259	27	drop magazine
2260	27	drop canteen and shuttle card
2261	27	lift seat
2262	25	get water
2263	27	drop toy
2264	27	push chandelier
2265	44	show file to district attorney
2266	25	take analgesic
2267	51	examine switch a
2268	38	open piano
2269	50	put mat under door
2270	38	open grating
2271	50	put cube in pot
2272	24	wear crampons
2273	25	take capsule
2274	37	kiss frog
2275	25	get club
2276	25	take beam from eastern niche
2277	49	cut jacket with glass
2278	3	look up wilhelm in album
2279	42	turn selkis
2280	12	kill eranti
2281	50	put collar on dog
2282	25	get apple
2283	51	x coin
2284	3	gnusto feeyuk
2285	25	take blue
2286	25	get rusty key
2287	50	put garlic in cauldron
2288	51	x contact points
2289	3	exit shack
2290	30	give celery to barb
2291	26	remove goggles
2292	27	drop decaf
2293	38	open lid with spade
2294	39	buy bag
2295	38	open bio-lock door
2296	26	remove fused bedistor with pliers
2297	2	eat bar
2298	25	get torch
2299	43	ask k9 about door
2300	25	get popcorn
2301	40	read history book
2302	28	listen to wall
2303	42	shake safe
2304	23	follow gnome
2305	27	push fountain
2306	51	examine wardrobe
2307	51	x chairs
2308	51	x desks
2309	25	take lantern
2310	42	turn it left 7
2311	7	light coal
2312	3	gnusto fweep spell
2313	8	smash cabinet
2314	25	get towel
2315	27	drop head
2316	27	press up button
2317	3	blow it
2318	40	read parchment
2319	51	examine headphones
2320	25	get rapier
2321	42	roll statue ne
2322	5	turn on magnet
2323	51	x gate
2324	30	give fish to grue
2325	3	blorple 1
2326	0	fill canteen
2327	50	put ladder across rift
2328	43	ask male about invitation
2329	27	drop flint
2330	25	take dorkmid
2331	51	x ball
2332	27	press brown button
2333	25	get crown
2334	31	search pizza
2335	51	x moss
2336	51	x barrels
2337	45	go through south wall
2338	40	read huge tome
2339	25	get net
2340	5	turn off flashlight
2341	25	get amber
2342	27	drop dummy
2343	51	x crossbow
2344	3	nitfol frogs
2345	38	close zipper
2346	42	turn dial left
2347	50	put honey in cauldron
2348	3	save mp4
2349	51	examine herbs
2350	25	get green
2351	24	wear it
2352	22	drive to trafalgar square
2353	25	get kitchen card and upper card
2354	27	drop branch
2355	25	get whistle
2356	43	ask bum about crypt
2357	51	examine magpie
2358	50	insert shiny board in panel
2359	25	take gray rod
2360	25	get berries
2361	43	ask gnome about fire
2362	25	get oil can
2363	5	turn on electricity
2364	51	x book
2365	3	look up verlac
2366	43	ask gnome about page
2367	25	get crampons
2368	17	climb up piano
2369	25	take 1
2370	50	put gum in cauldron
2371	26	remove gloves
2372	25	get spar
2373	27	drop passbook
2374	25	get soap
2375	50	put moss in nest
2376	25	get bills
2377	25	get bearskin rug
2378	25	take keys with pole
2379	24	wear robe
2380	27	press blue
2381	38	knight, open flagstone
2382	25	take jar
2383	35	hit box
2384	51	examine tombs
2385	50	put ebony in northern niche
2386	50	put gown on hook
2387	27	drop garlic
2388	27	drop calendar
2389	51	x crowbar
2390	25	get treasure
2391	3	blorple 9
2392	3	enter door
2393	3	set fourth wheel to 9
2394	28	look in crack
2395	3	blorple 12
2396	27	drop statuette
2397	25	get puzzle box
2398	38	open carton
2399	7	light firework
2400	51	examine remote control
2401	40	read dirty scroll
2402	25	get teapot
2403	42	turn m
2404	27	drop tea
2405	51	x flower
2406	17	jump onto riser
2407	27	drop antimacassar
2408	27	press techno
2409	29	y
2410	51	x female
2411	50	put it in cannon
2412	5	turn on machine
2413	25	get label
2414	27	drop bag
2415	3	consult scriptures about planes
2416	25	get line
2417	3	feeyuk me
2418	32	turn ring to fifth symbol
2419	50	put astrolabe in mounting
2420	51	x boxes
2421	51	x district attorney
2422	25	take flour from pot
2423	51	examine children
2424	40	read back of yellow paper
2425	3	plug in television
2426	40	read ripped
2427	3	gnusto caskly
2428	50	put pass in slot
2429	25	get dagger
2430	51	x building
2431	16	ask hacker for master key
2432	28	l
2433	43	ask fairy godmother about horse
2434	30	give cereal to hermit
2435	25	get golden cluster
2436	38	dragon, open door
2437	25	get stethoscope
2438	3	note stools
2439	50	put jar in knapsack
2440	38	adventurer, open door
2441	25	get gold
2442	33	learn espnis
2443	40	read of unseen terror
2444	3	gnusto vaxum spell
2445	25	take burin from zipper
2446	3	close outer door
2447	46	burn speck
2448	42	turn nephthys
2449	3	point west
2450	25	take green rod
2451	28	look at tag through lens
2452	43	ask allarah about black
2453	51	examine searchlight
2454	51	examine plans
2455	25	get padlock
2456	16	ask cheryl for hologram
2457	3	drill case with drill
2458	38	open mailbox
2459	51	x forest
2460	30	give it to girl
2461	27	push green button
2462	34	sit in large chair
2463	3	kick second window
2464	50	put coin in pocket
2465	27	drop pyramid
2466	25	get canister
2467	12	kill dragon
2468	51	x papers
2469	25	take balloon
2470	31	search ash
2471	3	close link
2472	3	aimfiz belboz
2473	25	take lens
2474	51	x patch
2475	23	follow pig
2476	25	get fork
2477	27	drop bandage
2478	0	fill milkbottle with pondwater
2479	27	drop cup
2480	3	liskon snake
2481	40	read crumpled scroll
2482	40	read red scroll
2483	27	drop boots
2484	51	x chandelier
2485	51	x chair
2486	48	talk to britney
2487	27	press status stud
2488	28	look into wagon
2489	25	take hand
2490	27	lift grate
2491	51	examine thyme
2492	51	x leaf
2493	51	x farm
2494	30	give blue goblet to butler
2495	31	search couch
2496	42	turn wheel off
2497	50	put ash on journal
2498	39	buy drink
2499	8	break glass with hammer
2500	27	move wardrobe
2501	33	learn krebf
2502	43	ask george about dehlila
2503	27	pull shaft
2504	51	x contraption
2505	25	take gnomon
2506	50	put maiden on pack
2507	27	drop aqua vial
2508	38	open purple book
2509	28	look at shape
2510	51	x form
2511	44	show blue to trent
2512	14	tie bucket to rope
2513	3	look up index in history book
2514	50	put bladder in geyser
2515	25	get mousetrap
2516	27	drop red hat
2517	3	enter window
2518	25	get volume
2519	44	show scrap to chuckles
2520	25	get lantern
2521	37	rub locket
2522	14	tie rope to altar
2523	3	click designers_manual
2524	3	gnusto shiny scroll
2525	3	clean skeleton with moss
2526	30	give candy to lizard
2527	3	open map
2528	25	take astrolabe
2529	32	turn dial to 4
2530	42	turn handle
2531	43	ask harry about eddie smaldone
2532	14	tie rope to handle
2533	50	put amulet in slot
2534	50	put red powder in kettle
2535	25	get rubies
2536	25	get improbability drive
2537	25	take dummy
2538	25	get cage
2539	14	mount horse
2540	50	insert emerald cluster in third hole
2541	50	put eyes in body
2542	2	drink wine
2543	25	get container
2544	51	x cubicles
2545	25	get trowel
2546	25	take egg
2547	27	drop spices
2548	25	get luck
2549	21	wake falcon with salts
2550	27	press white, gray, black, red, black
2551	28	look in coat
2552	45	right
2553	25	get pencil
2554	50	put bomb in sewer
2555	50	put red in glasses
2556	27	drop emerald
2557	0	fill pot with water
2558	27	move bench
2559	9	hole, w
2560	27	move slab
2561	3	enter coffin
2562	36	get out of cot
2563	45	e
2564	25	take all from pot
2565	25	get poe
2566	27	drop rope
2567	34	lie on couch
2568	17	climb can
2569	27	drop magnet
2570	27	drop carton
2571	43	ask computestor about videophone
2572	50	put all in zipper except book
2573	3	gnusto ozmoo spell
2574	7	light lamp
2575	44	show keys to michael
2576	3	covert
2577	3	enter hole
2578	3	point it at goats
2579	51	examine dining table
2580	27	drop firestone
2581	51	x magazines
2582	51	x boot
2583	3	dial 576-3190
2584	3	point it at me
2585	6	odysseus
2586	27	drop volcano in water
2587	30	give bone to poodle
2588	30	give pass to reunite
2589	45	se
2590	51	x mushroom
2591	42	turn dial to 1
2592	3	cock crossbow
2593	25	get grater
2594	25	get ladder
2595	44	show note to charles
2596	3	download video
2597	38	open dish washer
2598	3	look up wilhelm in record
2599	51	examine spade
2600	1	untie horse
2601	25	get black scroll
2602	3	pour water on plant
2603	3	get in machine
2604	51	x dust
2605	25	take fragment from zipper
2606	51	x guard
2607	50	put pot in case
2608	51	examine card
2609	25	get sapphire
2610	51	x paper
2611	51	examine door
2612	28	look at stephanie
2613	25	get book
2614	27	pull ropes
2615	3	dig plot with shovel
2616	51	examine refuse
2617	25	get gold leaf scroll
2618	3	manaz
2619	3	swanko spirit
2620	42	turn e
2621	25	take axe
2622	44	show book to gnome
2623	32	turn knob
2624	33	learn jindak
2625	3	frotz candle
2626	38	open lamp
2627	43	ask dragon about jewel
2628	27	drop mousetrap
2629	31	search bones
2630	43	ask dragon about trinket
2631	51	examine large chair
2632	50	put brown sphere in pot
2633	30	give brain to timelord
2634	51	x mirror
2635	31	search ruins
2636	25	get arrow
2637	3	close locket
2638	30	give gram to ed
2639	31	search snow
2640	33	learn exex
2641	50	put glob on case
2642	3	extend ladder
2643	30	give box of chocolates to jemima
2644	50	put gray rod in pot
2645	3	close cage
2646	25	get etching
2647	3	point at cola
2648	27	press green button
2649	33	learn frotz
2650	25	get buoy
2651	42	turn knob
2652	38	open navy-blue box
2653	3	set dial to 948
2654	51	examine satellite
2655	3	huncho vase
2656	27	pull lining
2657	27	move stone
2658	51	x desk
2659	50	put book in cabinet
2660	38	open jewelry box
2661	51	examine television
2662	38	open air supply system with tool
2663	25	get pickaxe
2664	51	x man
2665	25	take bird
2666	3	clean podium
2667	28	look in keg
2668	27	drop bar
2669	16	ask librarian for book
2670	27	pull leaves
2671	35	hit icicle with umbrella
2672	25	get skull
2673	14	join golden rod to green rod
2674	51	x lever
2675	27	press powerup
2676	43	ask k9 about cybermen
2677	3	lower short pole
2678	25	take coin
2679	25	get husbandry
2680	25	get spectacles
2681	2	eat tablet
2682	25	get stained scroll
2683	27	push dionysus southwest
2684	27	press 4
2685	33	learn fiznav
2686	3	gnusto meef spell
2687	3	fly kite
2688	3	golmac me
2689	51	examine sundial
2690	42	turn wheel right
2691	38	open pizza box
2692	5	turn drill off
2693	5	turn off lamp
2694	14	attach paper to teeth
2695	25	get shimmering scroll
2696	50	put bronze on left
2697	51	examine ring
2698	50	put firework in toolkit
2699	51	examine watch
2700	39	buy peanuts
2701	9	remove opener and drop it
2702	43	ask her about key
2703	50	put bladder in sack
2704	25	grab rope
2705	17	climb tree
2706	51	x coach
2707	50	put hand in hive
2708	51	examine dish
2709	50	put dust in vent
2710	51	x card
2711	50	put scarab in case
2712	51	examine slot
2713	3	look up 1420 in map
2714	25	get gloves
2715	27	drop lump
2716	31	search clothes
2717	27	drop trap
2718	25	take bottle
2719	45	go to pig
2720	3	gnusto taclor
2721	27	move carpet
2722	50	put bit in cup
2723	31	pry sixth rib with sword
2724	40	read newspaper
2725	8	break wall
2726	27	drop screw
2727	25	get rod of sacrifice
2728	51	x creature
2729	25	get maiden
2730	35	hit floor with axe
2731	36	get out of basket
2732	25	get newspaper
2733	27	drop lamp
2734	51	examine tracks
2735	31	search seat
2736	38	open grate
2737	38	open floyd
2738	27	drop pearl
2739	50	put paper in receptacle
2740	51	x hawks
2741	44	show brick to pig
2742	3	rezrov alabaster
2743	3	get on horse
2744	24	wear sack
2745	50	put match in toolkit
2746	38	open case
2747	25	take dornberries
2748	25	get daisy
2749	44	show can to pet
2750	37	touch red
2751	27	drop blanket
2752	3	hide behind president
2753	38	open manhole with crowbar
2754	3	paint cue ball
2755	3	frotz burin
2756	38	open office door
2757	27	move bookshelf
2758	36	get out of bed
2759	25	take iron key
2760	50	put key on keyring
2761	25	get gear
2762	25	get boots
2763	43	ask alan about key
2764	44	show green to trent
2765	40	read pale scroll
2766	27	drop bird
2767	3	close circuit breaker
2768	25	take hair dryer
2769	25	get trident
2770	25	get stamp
2771	25	take fuse
2772	25	get sprig
2773	27	drop stick
2774	45	norbert
2775	42	turn roller on
2776	25	get kit
2777	25	get pacquet, paper and crayon
2778	27	drop sack
2779	50	put clock in pot
2780	51	examine glass case
2781	25	get rock
2782	25	get gold locket
2783	3	dig rock with axe
2784	25	get fluff
2785	34	sit in cask
2786	25	take all from basket
2787	25	get rods from sack
2788	31	search desk
2789	25	take damp scroll
2790	30	dragon, give ring to me
2791	32	turn ring
2792	30	give key to alan
2793	25	take clock
2794	40	read damp scroll
2795	51	examine chasm
2796	27	drop it and pliers
2797	3	answer phone
2798	51	x marker
2799	51	x bowl
2800	27	drop banana
2801	33	learn rezrov
2802	6	say boo
2803	7	light flashlight
2804	5	turn off machine
2805	27	drop map
2806	50	put bauble in case
2807	38	open freezer
2808	3	blow in tube
2809	50	put featureless rod in coffin
2810	51	examine toadstools
2811	25	get battery
2812	25	get balm
2813	27	press east wall
2814	24	wear sandals
2815	25	get screwdriver
2816	45	fly
2817	41	hit bung with mace
2818	7	light newspaper with pipe
2819	27	drop shawm
2820	25	take implementeers
2821	3	malyon idol
2822	6	say kaluze
2823	50	lean ladder against fence
2824	51	examine urchin
2825	25	get scraps
2826	25	get spindle
2827	50	put pan in water
2828	27	push coffin s
2829	25	get pile
2830	30	give bread to old man
2831	32	turn dial to 1
2832	38	open shark repellent
2833	50	put flask under spout
2834	25	get drawing paper
2835	51	x car
2836	25	get brown
2837	50	put pliers into thing
2838	40	read features in newspaper
2839	51	examine arthur
2840	3	blow dust
2841	14	tie chain to rod
2842	26	remove hood
2843	33	learn melbor
2844	3	set second wheel to 2
2845	51	examine toaster
2846	38	open blue bottle
2847	28	look in it
2848	25	get invitation
2849	3	click ftp
2850	42	turn valve with crowbar
2851	42	turn dial to 639
2852	50	insert cube in opening
2853	27	lift plywood cover
2854	38	open front door
2855	28	look at list
2856	51	x apparatus
2857	52	shoot mushroom with crossbow
2858	26	remove brick with crowbar
2859	27	drop all but pincer
2860	13	play pool
2861	25	get nugget
2862	3	stand on bench
2863	50	put entrails in body
2864	40	read scriptures
2865	27	drop zm$100000
2866	51	examine packet
2867	6	say "float"
2868	27	drop match
2869	25	get diamond cluster
2870	3	fwoosh
2871	25	take icicle
2872	50	put patch on pipe
2873	27	drop wet suit
2874	27	drop key
2875	50	insert capsule into reactor
2876	27	drop soap
2877	3	gnusto swanzo spell
2878	25	get lamp and sword
2879	38	open blue box
2880	26	remove old battery
2881	50	put ladder under tree
2882	51	x bushes
2883	30	give gold locket to creature
2884	25	take blue carpet
2885	33	learn ledak
2886	30	give pork to crocodile
2887	27	drop dumbells
2888	51	x cupboard
2889	23	k9, follow me
2890	40	read emerald scratch with glass
2891	3	enter outflow pipe
2892	3	point to coconut
2893	25	get shovel
2894	42	turn ring to third symbol
2895	28	look behind painting
2896	27	move cover
2897	50	put firewood on hearth
2898	3	starboard
2899	17	climb porous wall
2900	25	get candle
2901	42	turn neith
2902	27	drop all except bread
2903	38	open slab
2904	50	put book in large recess
2905	27	press forcefield
2906	25	take hamburger
2907	38	open coffin
2908	50	put hand on statue
2909	25	get flash
2910	25	get accordion
2911	50	put coffin in case
2912	37	touch mist
2913	25	take bar
2914	38	open cover
2915	51	x bar
2916	3	huncho me
2917	25	get flint
2918	25	take comb
2919	27	move rug
2920	51	x knob
2921	3	set compass to hawk
2922	25	get bear
2923	32	turn it right 5
2924	7	light candles with match
2925	27	drop dodo
2926	6	boo
2927	28	look in safe
2928	51	x coffee
2929	36	get out of long line
2930	3	point wand at menhir
2931	25	get chain
2932	51	examine pockets
2933	32	turn dial right
2934	51	examine bookcase
2935	25	get alpha
2936	51	x machine
2937	27	drop vase
2938	40	read note
2939	50	put gold coin on right
2940	3	fee
2941	25	get out
2942	27	drop lantern
2943	51	examine table
2944	25	take knife
2945	25	get dumbells
2946	50	put cube in cauldron
2947	50	put satchel in front of panel
2948	25	get cheese
2949	51	examine items
2950	27	drop gores
2951	25	get golden chalice
2952	17	climb on stage
2953	50	put green sphere in pot
2954	45	north
2955	28	look in hole
2956	50	put peanut butter on celery
2957	3	close reactor
2958	51	examine dial
2959	3	lower flag
2960	3	cuss
2961	14	tie rope to branch
2962	25	take glasses
2963	3	caskly hut
2964	45	go to windy cave
2965	42	wave bean pole
2966	25	take cushion
2967	25	get lump
2968	3	oil handcar with can
2969	51	x fuse
2970	3	point at coconut
2971	50	put all in zipper
2972	21	wake gnome
2973	39	buy blue carpet
2974	43	ask fairy godmother about cinderella
2975	5	turn on floyd
2976	37	squeeze flower
2977	51	x generator access
2978	33	learn huncho
2979	6	say firefly to jim
2980	51	x coat
2981	25	get flippers
2982	50	insert beam in niches
2983	51	examine floor
2984	38	open box
2985	28	look at little window
2986	2	drink ochre potion
2987	27	drop food
2988	27	drop popcorn
2989	33	learn nitfol
2990	50	insert violet card in slot
2991	51	x old man
2992	25	take coin from basis
2993	43	ask fairy godmother about dress
2994	42	shazok storm
2995	45	mouse, west
2996	30	give match to man
2997	51	examine safe
2998	3	gnusto espnis
2999	16	ask gnome for ball
3000	25	take book
3001	31	search furniture
3002	38	open lab uniform
3003	32	turn dial to 47
3004	25	get yellow
3005	51	x lye
3006	31	search grate
3007	27	drop journal and key
3008	3	erase line between m and v
3009	5	turn on drive
3010	13	play flute
3011	51	examine bandage
3012	33	learn gondar
3013	27	drop book
3014	27	drop flat key
3015	25	get dead mouse
3016	3	catch mouse with bucket
3017	24	wear hat
3018	43	ask dragon about red
3019	3	enter roller
3020	3	ride bird
3021	51	examine meteor
3022	43	ask barman about job
3023	25	get matches
3024	25	take cup
3025	3	dungeon master, wait
3026	25	take headdress
3027	27	drop wig
3028	36	get out of forklift
3029	24	wear fish
3030	25	get all from coffin
3031	38	open filing cabinet
3032	50	put ledger in pot
3033	50	put pallet on boulder
3034	28	look under bunk
3035	38	open claws
3036	50	put opal cluster in knapsack
3037	50	put it in hole
3038	3	close receptacle
3039	50	put gnomon in hole
3040	30	give lens to norbert
3041	29	answer "a well"
3042	50	put emerald cluster in knapsack
3043	42	turn bolt with wrench
3044	25	get piece
3045	27	drop scrawled
3046	31	search garbage
3047	40	read news in newspaper
3048	42	turn screw
3049	51	examine screen
3050	25	get oil
3051	40	read green
3052	50	put all into thing
3053	51	examine sapphire
3054	8	smash seal
3055	3	close canteen
3056	51	x flowers
3057	38	open briefcase
3058	31	search pocket
3059	25	get epic poem
3060	31	search mess
3061	28	look at furnace
3062	25	get box and journal
3063	25	get clothes
3064	51	examine fireplace
3065	51	examine shadow
3066	43	ask female about male
3067	8	break windows
3068	6	say agamemnon
3069	27	push it south
3070	43	ask gnome about color magnet
3071	25	get safe
3072	51	x me
3073	28	look at queenie
3074	30	give form to barman
3075	50	put lens in spotlight
3076	50	put rasp into thing
3077	5	turn on lantern
3078	51	x drain
3079	50	put flimsy scroll in zipper
3080	0	fill jug
3081	42	turn valve
3082	25	get indigo card
3083	40	read gray scroll
3084	51	examine teachers
3085	27	drop bench
3086	5	turn drill on
3087	6	say ptolemy
3088	3	set center dial to 3
3089	17	climb ladder
3090	32	turn e
3091	27	drop container and assignment
3092	33	learn liskon
3093	37	touch bottom
3094	3	gnusto swanko
3095	51	x compass
3096	43	ask bly about problem
3097	27	push bunk
3098	41	attack crulley
3099	42	turn it right 5
3100	40	read opal scratch with glass
3101	18	1
3102	38	open locker
3103	14	tie rope to k9
3104	51	examine bench
3105	52	shoot thad
3106	24	wear locket
3107	24	wear boots
3108	27	push green
3109	51	examine rolls
3110	3	open app
3111	8	smash padlock with pickaxe
3112	30	give corn to bird
3113	25	take fragment
3114	27	drop biscuit, paper
3115	9	open box then get cube
3116	25	get blue
3117	38	open crate with poker
3118	27	press down
3119	43	ask female about bar
3120	40	read crypt
3121	50	put diamond cluster in first hole
3122	38	open quartz cover
3123	38	open package
3124	26	remove mask
3125	43	ask holmes about ash
3126	45	nw
3127	17	climb stand
3128	27	drop green rod
3129	13	play organ
3130	5	turn on autopilot
3131	27	drop ladder
3132	3	lower basket
3133	50	put pebble on second disk
3134	25	get film
3135	51	examine pigeons
3136	32	turn isis
3137	38	open dresser
3138	45	go through curtain
3139	25	get eggs
3140	25	get cloak
3141	51	x cage
3142	27	drop sticker
3143	51	x grenade
3144	51	examine bubble
3145	50	put diamond in basket
3146	40	read instructions
3147	27	drop bottle
3148	25	get lamp
3149	51	examine shroud
3150	37	touch mirror
3151	51	x invite
3152	25	get hand
3153	50	put embers in coat
3154	28	look at controls
3155	25	get rod of returning
3156	7	light it
3157	30	give cola to guard
3158	25	take can
3159	25	get nasty knife
3160	3	pick lock with sharp pick
3161	0	fill bottle
3162	42	turn ring
3163	25	get plotter
3164	51	x jail
3165	48	talk to alltext
3166	51	x bats
3167	25	get fig
3168	50	jam branch under plate
3169	39	buy c battery and putty
3170	51	x crack
3171	51	x east mural
3172	25	get envelope
3173	51	examine silver coin
3174	51	x keypad
3175	51	examine ball
3176	25	get frog
3177	51	examine huge bed
3178	51	examine white  statuette
3179	30	give pork to wolf
3180	51	x mask
3181	51	x clock
3182	51	x dent
3183	25	take bronze coin from left pan
3184	50	put link in drawer
3185	42	turn w
3186	27	drop all but candle
3187	27	drop pack
3188	38	open closet
3189	51	examine bridge
3190	25	get match
3191	3	tase sleaze
3192	50	put it in bag
3193	3	stand in short line
3194	25	get miniaturization card
3195	25	get head
3196	3	pick up cube
3197	38	open bird
3198	3	gnusto scroll
3199	27	push golden machine south
3200	42	turn dial to 11
3201	25	get fire
3202	42	turn isis
3203	25	get gum
3204	27	drop bucket
3205	50	put sceptre in second socket
3206	43	ask george about frank
3207	25	get toolkit
3208	38	open green bottle
3209	28	look at statue through telescope
3210	50	put mukhtar on table
3211	40	read muddy scroll
3212	25	get clear sphere
3213	45	go chandelier
3214	50	put celery in purse
3215	30	give cola to britney
3216	3	pour water on powder
3217	38	open cauldron
3218	50	put amber in socket
3219	50	put all in crate
3220	50	put fluff in bag
3221	50	put printer on table
3222	27	drop fifth brick
3223	50	put golden cluster in knapsack
3224	3	set slider to 31
3225	25	take bag
3226	25	get kappa
3227	25	take 3
3228	3	bite banana
3229	27	drop pillow
3230	28	look at device
3231	27	drop rug
3232	3	close valve
3233	51	examine box
3234	25	get gloves and crowbar
3235	27	drop pole
3236	31	search picture of cat
3237	27	drop cloth
3238	3	melbor myself
3239	3	gnusto gaspar spell
3240	28	look in displaycase
3241	35	hit creature with hook
3242	3	draw symbol on me
3243	51	x console
3244	3	close matchbook
3245	25	get mine
3246	25	get cloth
3247	42	shake branch
3248	3	close plate
3249	6	say alakazam
3250	17	climb out of pipe
3251	2	eat blue cake
3252	51	x frank
3253	25	get ampoule
3254	27	drop padlock
3255	3	note tables
3256	2	eat gigantic quantity of just-right porridge
3257	25	take gumball
3258	25	get x12
3259	3	dig in tub
3260	40	read sapphire scratch with glass
3261	27	drop silver
3262	27	push coffin n
3263	37	touch ne rune with rose
3264	50	put all in pocket
3265	51	examine charles
3266	27	drop carpet
3267	50	put long steel key on keyring
3268	25	get gumball
3269	40	read label
3270	3	close drawer
3271	25	get candy
3272	25	take green bottle
3273	27	press south wall
3274	17	jump to beanstalk
3275	20	take off dress
3276	3	espnis thug
3277	27	drop crown
3278	51	examine dog
3279	6	say -120 to garrulous
3280	25	get map
3281	9	rock, n
3282	27	drop paper
3283	3	raise lever
3284	25	get pumpkin
3285	32	turn sceptre
3286	3	caskly moldy book
3287	50	insult joe
3288	43	ask belboz about me
3289	51	examine drill
3290	51	examine slip
3291	25	get rose
3292	28	look in tear
3293	30	give magazine to doc
3294	51	x hole
3295	38	open bin
3296	25	get knapsack
3297	42	turn dial to 47
3298	44	show ring to michael
3299	27	drop all
3300	27	drop small key
3301	32	turn ring to third symbol
3302	24	wear glasses
3303	27	move lighted portrait
3304	3	snavig grouper
3305	27	drop bees
3306	50	insert orange card in slot
3307	25	take ladder
3308	25	take crumpled scroll
3309	38	open fridge
3310	27	pull dial
3311	37	touch nw rune with rose
3312	3	enter access panel
3313	25	get blanket
3314	42	turn wheel
3315	50	put ladder under trap
3316	27	drop chair
3317	44	show brick to gnome
3318	40	read leaflet
3319	51	examine ship
3320	51	x copier
3321	33	learn izyuk
3322	40	read brittle scroll
3323	51	examine pedlar
3324	51	examine boots
3325	38	open lid
3326	27	drop cap
3327	26	remove brick
3328	50	put egg in pot
