0	51	give drink to frank
1	10	pull cloth
2	14	put emerald in green boot
3	58	wave stone
4	13	turn m
5	14	put toy in pot
6	67	get antimacassar
7	57	x storm
8	0	put peanut butter on celery
9	57	x coffee
10	65	yomin barker
11	14	put torch in golden chalice
12	67	take gun
13	49	hit elf
14	76	push table n
15	33	ask hawker about candy
16	51	give pincer to marvin
17	0	put branch under boulder
18	65	gnusto ozmoo spell
19	64	open aqua vial
20	64	open claws
21	57	examine searchlight
22	67	get cloak
23	57	x temple
24	67	get star
25	65	nitfol frogs
26	0	put bazooka on claw
27	28	point machine at tree
28	83	climb down
29	33	ask dragon about trinket
30	49	hit box
31	67	get soap
32	21	drop crown, stamp, zorkmid and ruby
33	10	pull pin
34	57	x bladder
35	47	drink water
36	65	mix cauldron with spoon
37	28	point it at mural
38	65	melbor myself
39	57	x bubble
40	33	ask wolf about pigs
41	11	look behind tapestry
42	64	open toolkit
43	49	hit icicle with umbrella
44	76	push golden machine south
45	67	get lamp, glass and ampoule
46	57	x windy tunnel
47	40	sleaze
48	39	touch wood with pole
49	50	idiot
50	67	get chest
51	67	get sword
52	0	put key on keyring
53	25	down
54	46	read moldy book
55	21	drop jacket
56	67	take envelope
57	57	examine large chair
58	67	get staff
59	21	drop crumpled
60	46	read parchment
61	57	examine cauldron
62	67	take needle
63	25	s
64	14	put token in slot
65	57	x label
66	14	put all in thing
67	20	tie rope to railing
68	14	put 10 in box
69	46	read torn square
70	67	get file
71	70	look up kebarn in leshosh
72	19	search guard
73	14	put satchel in front of panel
74	62	cut jacket with glass
75	64	open toilet
76	33	ask pedlar about suitcase
77	67	take list
78	31	light lantern
79	8	press powerup
80	65	snavig grouper
81	21	drop cutter, flask and axe
82	67	take key
83	67	get golden cluster
84	14	put bottle in zipper
85	39	touch mirror
86	64	open wardrobe
87	67	get off carpet
88	67	take sugar from pot
89	57	x paint splotches
90	42	pour wine in blue goblet
91	16	insert emerald cluster in third hole
92	21	drop camera
93	14	put torch in case
94	21	drop eggs
95	69	ask cheryl for hologram
96	10	pull slide
97	9	write 4 on cube
98	21	drop cloth
99	70	look up 1420 in map
100	64	open green bottle
101	67	get bomb
102	14	put match in raincoat
103	82	shoot thad
104	67	get album
105	70	look up squirrel in leshosh
106	64	open cube
107	72	stand on bench
108	67	take can
109	1	smash case with broom
110	40	y
111	8	press up button
112	44	hole, n
113	67	get watch
114	21	drop magnet
115	57	examine plans
116	57	x shelves
117	67	get rod
118	14	put hand in hive
119	65	foblub yupple
120	21	drop vase
121	16	insert blue card in slot
122	59	eat gigantic quantity of just-right porridge
123	57	x dispenser
124	76	push ball south
125	10	pull tinsel
126	50	say firefly to jim
127	71	enter handcar
128	2	drive to the embankment
129	61	buy c battery and putty
130	33	ask skier about scroll
131	1	smash cabinet
132	50	say to twin "the combination is 639"
133	11	look in overalls
134	57	x crossbow
135	73	throw red at smoke
136	57	x window
137	67	take cereal
138	26	learn urbzig
139	17	move floorboards
140	57	examine pigeons
141	8	press lever
142	34	remove suit
143	21	drop bench
144	67	get bucket
145	65	liskon snake
146	44	rock, n
147	80	show blue to trent
148	66	wear clown mask
149	67	get bar
150	0	put towel over drain
151	21	drop them
152	57	x building
153	21	drop plans
154	83	climb idol
155	21	drop dusty brick
156	49	hit comb
157	82	shoot mushroom with crossbow
158	67	get all but dagger
159	11	look through astrolabe
160	37	inventory
161	67	get pyramid
162	13	turn dial to 4
163	5	lie in tiny little bed
164	57	x ariana
165	57	x tray
166	19	search pocket
167	57	examine splinter
168	14	put card in pocket
169	50	tell bum about skull
170	14	put x10 in second
171	67	get chain
172	51	give thumb to robot
173	64	open jar
174	31	light candle with match
175	19	search wreck
176	57	examine mouth
177	14	put it in coffin
178	67	get yellow card
179	21	drop mask
180	57	x trees
181	14	put maiden in projector
182	67	take ticket 5802
183	57	x sandstone
184	0	put kettle on stove
185	64	open lid
186	8	press red
187	41	turn on walkie
188	83	climb scarf
189	80	show bar to tina
190	14	put stone in fire
191	67	get firestone
192	67	get gear
193	57	examine dog
194	67	get clover
195	67	get lantern
196	65	espnis thug
197	67	take flour
198	67	take toner
199	76	push bed
200	34	remove skis
201	51	give box of chocolates to jemima
202	57	examine chasm
203	65	click on paper
204	25	go through north wall
205	11	l in cabinet
206	39	touch calibration
207	21	drop can
208	67	take keys
209	21	drop pin
210	11	look behind painting
211	67	get torn square
212	71	enter boat
213	67	get brown paper
214	15	burn rope with candle
215	80	show egg to adventurer then east
216	0	put collar on dog
217	46	read spreadsheet
218	64	open jewellery box
219	48	dig in ground
220	0	put red flag on speckled
221	77	fill battery
222	76	push test button
223	67	get mug
224	67	get maiden
225	30	break bubble with axe
226	59	eat brown goo
227	42	pour water on detective
228	57	x boot
229	57	x figure
230	36	close matchbook
231	14	put coin in net
232	51	give lens to norbert
233	45	pray
234	33	ask her about rare books
235	0	put red flag on spotted
236	7	rub flower
237	67	take note
238	14	put stone in opening
239	64	open bottle
240	57	x powerup stud
241	14	put scarab in case
242	56	set compass to swallow
243	21	drop wrench
244	9	write 7 on cube
245	0	put sweater on table
246	26	learn fweep
247	21	drop soap
248	64	open demijohn
249	54	unlock cage
250	51	give opal, ruby, sapphire and emerald to guard
251	21	drop birdcage
252	67	get lamp
253	57	x bar
254	14	put black rod in hole
255	57	examine emerald
256	57	examine switch
257	41	turn on space heater
258	57	examine coconuts
259	57	examine crypt
260	66	wear cloak
261	14	put rods in coffin
262	54	unlock lock with lockpick
263	33	ask proprietor about amulet
264	14	put stick in hole
265	64	open locker
266	65	yonk malyon spell
267	64	open shark repellent
268	57	examine stamps
269	65	bunyon
270	19	search pizza
271	64	open compartment
272	33	ask him about librarian
273	57	x whiteboard
274	65	gnusto tossio
275	67	get skis
276	57	examine log
277	67	get ladder
278	67	take feather
279	14	put battery in panel
280	67	take all except key, whip, stool
281	67	get ruby
282	57	x nest
283	46	read warning note
284	25	mouse, west
285	57	x chopper
286	67	take 4
287	57	x metal thing
288	51	give carton to hacker
289	67	get lye
290	67	get rod of returning
291	14	put ladder in well
292	67	take silver coin
293	0	put ashes on coin
294	67	take all from basket
295	28	point sacrifice at board
296	57	examine meteor
297	57	examine wand
298	21	drop boots
299	26	learn meef, meef and swanzo
300	31	light coal
301	67	get beef
302	51	give case to harry
303	67	take shaft
304	14	put coal in basket
305	67	take moldy book
306	9	write prize on featureless
307	38	clean skeleton with moss
308	21	drop mousetrap
309	46	read sticker
310	19	search wine rack
311	41	turn on flashlight
312	67	get pages
313	65	vaxum adventurer
314	60	slide a
315	14	put packet in pan
316	36	close breaker
317	65	gnusto vaxum spell
318	48	dig in tub
319	57	examine boy
320	67	get rod of sacrifice
321	67	get red card
322	65	zifmia adventurer
323	57	examine shiny scroll
324	57	x plaque
325	67	get link
326	76	push button enter
327	57	x porous wall
328	33	ask charles about temple
329	57	examine key
330	14	put blue in glasses
331	67	take fragment
332	67	get canary
333	12	note dryer
334	27	strike rod of fire
335	67	take 9
336	80	show book to gnome
337	10	pull lining
338	67	get plotter
339	14	put brown rod in hole
340	31	light firewood with match
341	67	get pork chops
342	57	x generator access
343	57	examine pram
344	76	push boulder
345	21	drop map
346	67	get cutter
347	20	tie rope to branch
348	67	get vase
349	65	gnusto gloth
350	67	take yellow powder
351	57	x sheet
352	14	put round stone into grating
353	64	open tarot box
354	67	take blue carpet
355	26	learn ozmoo
356	67	get rusty knife
357	46	read dusty scroll
358	57	examine shadow
359	51	give violin, necklace, ruby, stamp, zorkmid, crown and dragon to demon
360	57	x key
361	75	wait for johnny
362	21	drop splinter
363	0	put beam across doorway
364	14	put match in wax
365	57	x dusty brick
366	67	get magazine
367	57	examine model
368	14	put entrails in body
369	21	drop umbrella
370	28	point rod of returning at me
371	36	close outer door
372	36	close oven
373	57	x footprints
374	67	take ruby
375	34	remove plug
376	64	open pouch
377	80	show torch to gnome
378	57	x sketch
379	67	take kitten
380	67	take all but pram
381	67	take cola
382	21	drop meter
383	67	get sprig
384	14	put wisdom in left socket
385	57	x wallet
386	64	open trap door
387	57	x invite
388	57	x bulbs
389	67	take coconut
390	57	x floorboards
391	63	listen to dial
392	54	unlock cabinet with key
393	67	take probe
394	57	x tree
395	67	get yellow
396	82	shoot pod with bazooka
397	57	examine boats
398	25	go ledge
399	67	get amulet and scroll
400	67	get crook
401	9	write 1 on cube
402	21	drop keys
403	73	throw sand
404	0	put magnet on mine
405	65	frotz temple
406	14	put fuse in generator
407	79	talk to alltext
408	57	examine toaster
409	65	pick lock with sharp pick
410	28	point to key
411	65	swanko spirit
412	67	take mud
413	67	get pots
414	57	x sydney
415	27	strike rod of infinity
416	67	get package
417	33	ask what gnome looking for
418	21	drop flint
419	76	push statue w
420	67	get mail
421	21	drop screw
422	27	strike rod of bronze
423	64	open safe
424	67	get food
425	65	gnusto throck
426	57	examine woman
427	3	get out of long line
428	21	drop matchbook
429	67	get branch
430	33	ask pitchman about dr nostrum
431	42	pour water on powder
432	54	unlock northern door with flat key
433	67	get rod of fire
434	67	get pliers
435	21	drop plotter
436	46	read old book
437	21	drop cork
438	67	take hairpin
439	66	wear armour
440	46	read green
441	57	x outcrop
442	67	take all from basis
443	33	ask farmer about oyster
444	76	push demeter southwest
445	67	take bottle
446	25	right
447	36	close trapdoor
448	67	take lamp
449	51	give cola to britney
450	67	get magic porridge pot
451	64	open handbag
452	67	take tiepin
453	76	push button
454	21	drop coconut
455	21	drop hair dryer
456	65	rezrov door
457	80	show scrap to chuckles
458	67	get horn
459	57	x gnome
460	21	drop paper
461	67	take flag
462	57	x feather
463	64	open stone door
464	80	show brick to gnome
465	65	lobal me
466	21	drop pan
467	54	unlock box with screwdriver
468	57	x project status stud
469	33	ask her about key
470	64	knight, open flagstone
471	25	stage
472	57	x clover
473	0	put large key on keyring
474	76	push chandelier
475	50	plover
476	14	put chasm cube in bottom left socket
477	76	push green
478	67	take knife
479	70	look up eustacia in album
480	57	x minerals
481	57	examine hole
482	65	blorple 11
483	44	rock, s
484	14	put bit in cup
485	67	get leaflet
486	70	look up yetzuiz in fresto
487	67	get all from demijohn
488	21	drop bandage
489	57	x city
490	67	take x1, x10
491	57	examine urchin
492	67	take icicle
493	64	open purple book
494	69	ask sydney for hat
495	22	lower ladder
496	67	get bag
497	14	put trident in case
498	11	look in bottle
499	67	take suitcase
500	57	x technician
501	57	examine huge bed
502	57	x torn clothes
503	30	break door
504	57	examine map
505	67	take burin
506	14	put torch in basket
507	33	ask k9 about sequence
508	31	light firework
509	8	press gray button
510	65	agganrw
511	50	aragon
512	76	push coffin s
513	76	push second switch
514	67	get red, blue and green cake
515	51	give match to man
516	39	touch
517	11	look at bookshelf
518	33	ask k9 about cybermen
519	60	slide i
520	11	look under cushion
521	67	take packet from pot
522	49	hit floor with axe
523	67	take blue
524	57	examine fireplace
525	21	drop stand
526	57	examine toadstool
527	14	put probe in slab
528	67	take all but parchment
529	14	put carton in oven
530	36	close roof
531	73	throw club at aquarium
532	34	remove armour
533	51	give case to jenny
534	67	take gumball
535	14	put rasp into thing
536	16	insert beam in niches
537	67	take garlic
538	67	take section
539	67	get magic bean
540	19	search fountain
541	21	drop dodo
542	49	hit lamp
543	57	examine mousetrap
544	76	push dusty s
545	66	wear boots
546	34	remove first brick
547	14	put all except book in zipper
548	57	x posse
549	50	say agamemnon
550	67	take silver
551	28	point at cola
552	34	remove frock
553	14	put sceptre in second socket
554	67	get glider
555	57	examine symbols
556	64	open grate
557	57	x gun
558	65	gnusto shazok
559	21	drop ox
560	26	learn gloth
561	21	drop clock
562	21	drop first brick
563	21	drop pigeon
564	60	slide c
565	66	wear robe
566	64	open vial
567	21	drop coin
568	67	get diamond
569	64	open desk
570	67	take circuit
571	30	break bottle
572	67	get improbability drive
573	57	x terrock
574	11	look for pig
575	11	look at little window
576	39	touch control stud
577	36	close it
578	67	get meter
579	65	gnusto cleesh spell
580	24	kill sofia with opener
581	67	get tray
582	57	x fungus
583	13	turn ring to fourth symbol
584	67	take clock
585	71	enter curtain
586	67	get green card
587	20	tie tinsel to coin
588	65	manaz
589	67	get coffer
590	35	shake branch
591	17	move moose
592	39	touch red
593	67	take bean pole
594	60	slide kitchen card through slot
595	67	take hand
596	67	get drawing paper
597	14	put silver in slot
598	19	search tray
599	57	examine magpie
600	67	take butter
601	69	ask spirit for name
602	10	pull weed
603	66	wear sash
604	14	put opener in keyhole
605	5	lie on couch
606	33	ask man about eranti
607	50	hello
608	67	take pillow
609	50	echo
610	14	put link in drawer
611	67	take pigeon
612	3	exit scimitar
613	21	drop container and assignment
614	76	push statue
615	57	x treant
616	25	tell floyd to go north
617	59	eat bread
618	41	turn on magnet
619	69	ask coach for trophy
620	67	get sapphire
621	57	x pile
622	67	get rubies
623	57	examine icicles
624	4	jacket
625	21	drop chain
626	67	get daisy
627	67	get spoon
628	14	put it in bag
629	14	put celery in purse
630	67	get gold
631	67	get vial
632	57	x lye
633	0	put gear on post
634	0	put scraps on anvil
635	21	drop dummy
636	64	open can
637	67	get puzzle box
638	0	put lye on moss
639	31	light candle
640	33	ask fairy godmother about cinderella
641	77	fill bucket with water
642	0	put it on tomb
643	83	climb piano
644	21	drop bread
645	67	get ekmek
646	21	drop dusty book
647	11	l up terrock in leshosh
648	67	get amber
649	67	get pistol
650	13	turn nephthys
651	66	wear tourniquet
652	25	ne
653	67	get balm
654	57	x mural
655	49	hit dog
656	64	open matchbox
657	50	plugh
658	14	put skink in cauldron
659	73	throw rope into chute
660	33	ask k9 about control
661	11	look in closet
662	57	x horse
663	51	give ticket 2306 to barker
664	57	x forcefield stud
665	57	examine slot
666	67	take newspaper
667	42	pour cold porridge in gigantic bowl
668	57	x cooler
669	65	gnusto taclor
670	64	open secret panel
671	67	get corn
672	8	press white panel
673	57	x boots
674	67	take dagger
675	33	ask gnome about color magnet
676	67	take dirty scroll
677	42	pour water in silver chalice
678	65	covert
679	74	sit down
680	67	take cage
681	67	take egg
682	64	open catch
683	14	put golden chalice in knapsack
684	55	turn off machine
685	57	x man
686	57	x hawks
687	56	set dial to 776
688	13	turn valve
689	33	ask him about nelson
690	39	touch man
691	57	x pair
692	21	drop knife and crowbar
693	9	write cave on cube
694	67	take bowl
695	14	put it in receptacle
696	33	ask bum about brother
697	76	push filthy s
698	41	turn on light
699	34	remove brick
700	67	get flask
701	67	take toy
702	46	read crypt
703	4	city
704	13	turn w
705	8	press med
706	51	give book to twin
707	72	stand on chair
708	63	listen to wall
709	8	press west wall
710	76	push green button
711	21	drop head
712	0	put flathead on circle
713	11	look into relay
714	67	take ash
715	67	get tea
716	67	get bees
717	62	cut flower
718	14	put cube in pot
719	64	open sack
720	21	drop wig
721	67	take scrap
722	34	remove new brick with crowbar
723	54	unlock chest
724	54	unlock chain with brooch
725	57	examine rope
726	67	take rags
727	34	remove clothes
728	0	put soap on zipper
729	16	insert indigo card in slot
730	14	put spell book in zipper
731	39	touch notch
732	59	eat food
733	51	give gram to jim
734	67	get vellum scroll
735	67	take all
736	21	drop brass key
737	57	examine keg
738	67	take myrrh
739	21	drop firework
740	57	x security gates
741	31	light newspaper with pipe
742	65	blorple 5
743	74	sit in cask
744	77	fill it with water
745	21	drop lump
746	54	unlock it with gothic key
747	57	x cupboard
748	8	press channel
749	46	read faded
750	76	push dionysus southeast
751	67	take pen
752	56	set constellations to horse
753	67	take hammer
754	14	put hand in liquid
755	25	southeast
756	46	read vellum scroll
757	64	open portrait
758	76	push ass
759	14	put cloth in water
760	50	guard, hello
761	21	drop green
762	69	ask gnome for ball
763	50	say oil
764	11	look in cannon
765	13	turn selkis
766	14	put butter in pan
767	76	push blue
768	67	get printer
769	14	put diamond cluster in first hole
770	42	pour milk in cauldron
771	65	yomin tortoise
772	21	drop box
773	41	turn on switch
774	57	examine missile
775	67	get towel
776	64	open crypt
777	67	get off chair
778	67	get toolkit
779	67	get fork
780	66	wear sweater
781	21	drop axe
782	14	put it in cannon
783	65	vardik me
784	57	x soft things
785	14	put gray rod in pot
786	67	get bean pole
787	34	remove junk with forklift
788	73	throw plank
789	14	put egg in case
790	21	drop book
791	14	put embers in coat
792	21	drop journal and key
793	79	talk to reunite
794	33	ask hermit about exit
795	67	get bladder
796	57	x shape
797	74	sit on large chair
798	0	put long steel key on keyring
799	14	put star crystal in dagger
800	36	close lid
801	16	insert cube in opening
802	67	get mousetrap
803	9	write chasm on featureless cube
804	67	take crumpled
805	57	examine boots
806	57	examine headphones
807	67	get portrait
808	64	open toolshed
809	14	put yellow powder in kettle
810	66	wear flippers
811	60	slide lower card through slot
812	8	press 2
813	33	ask tip about grid
814	36	close cage
815	64	open coffin
816	57	x bones
817	49	hit bung with mace
818	64	open door with crowbar
819	11	look in pram
820	60	slide shuttle card through slot
821	67	get laser
822	0	put tree on square
823	11	look under floorboard
824	19	search straw
825	67	take x1, x2, x7, x12
826	52	blow dust
827	57	x plants
828	33	ask belboz about me
829	67	take whistle
830	46	read frayed scroll
831	54	unlock hatch
832	73	throw box at outcropping
833	66	wear clothes
834	57	x juke
835	54	unlock toolshed with small key
836	62	cut line with axe
837	57	x kite
838	57	x sign
839	67	take bird
840	41	turn drill on
841	59	eat fruit
842	51	give headdress to shaman
843	29	follow ford
844	57	x female
845	66	wear goggles
846	14	put painting in case
847	57	x computers
848	21	drop teapot, rose, candy and gold key
849	69	ask hacker for master key
850	14	put sceptre in first socket
851	74	sit on dragon
852	21	drop silver
853	21	drop hammer
854	67	get wine
855	26	learn vaxum
856	64	open satchel
857	46	read prayer
858	67	get pumpkin
859	0	put star on pack
860	67	get knife
861	57	examine herbs
862	50	away
863	67	get smelly scroll
864	13	turn wheel right
865	21	drop fork
866	64	open outer door
867	76	push coffin n
868	70	look up trophy in history book
869	14	put box in zipper
870	48	dig earth
871	0	put gum on stick
872	57	examine tiny metal
873	57	examine bubble
874	14	put dynamite in toaster
875	39	touch yellow
876	67	take gold coin from right pan
877	25	go panel
878	57	x flower
879	67	take clover
880	66	wear wet suit
881	14	put rag in pot
882	21	drop slip
883	67	take comb
884	76	push left button
885	67	get awl
886	56	set right dial to 4
887	19	search clothes
888	40	swordfish
889	25	southwest
890	65	blorple 9
891	14	put pouch in toolkit
892	71	enter roller
893	67	get torch
894	67	take oak
895	65	urbzig snake
896	14	put featureless rod in coffin
897	21	drop whistle
898	13	turn wheel
899	50	odysseus
900	67	get gigantic bowl
901	21	drop chair
902	10	pull third peg
903	35	shake pan
904	67	take marker
905	57	x cup
906	55	turn off torch
907	57	examine enclosure
908	67	take whip
909	67	take ebony
910	55	turn drill off
911	21	drop all but flashlight
912	64	open tank
913	65	gnusto luncho
914	57	examine film projector
915	78	jump out window
916	67	take old book
917	67	get oar
918	34	remove gas mask
919	76	push piano east
920	8	press emergency button
921	65	mix pan
922	46	read cracked
923	65	frotz candle
924	33	ask marion about nelson
925	65	izyuk myself
926	67	get chalice
927	11	look at queenie
928	14	put scarab in small recess
929	67	take card
930	65	pulver river
931	67	get alpha
932	67	get suit
933	11	look at ron
934	57	x note
935	76	push west wall
936	51	give note to mr crisp
937	56	set left dial to 7
938	67	get page
939	67	take toupee
940	57	x forest
941	57	examine islet
942	25	east
943	80	show mouse to elephant
944	0	put it on hand
945	67	get rapier
946	14	put amber in socket
947	46	read writings
948	16	insert violet card in slot
949	57	x moss
950	21	drop hoard
951	50	say candle
952	67	take damp scroll
953	57	x barman
954	57	examine tide
955	76	push pine panel
956	79	talk to boy
957	11	l in box
958	14	put stick in pile
959	24	kill thief with nasty knife
960	57	x curtain
961	51	give gold locket to creature
962	57	examine lever
963	10	pull breaker
964	13	turn knob
965	67	get violet card
966	67	get sketch
967	67	take sketch
968	67	get silver chalice
969	66	wear razor
970	67	get scalpel
971	65	liskon me
972	14	put gold in toolkit
973	21	drop rune
974	31	light lamp
975	70	look up partaim in fresto
976	73	throw silver at white
977	64	open receptacle
978	65	rezrov box
979	67	get all from table
980	57	examine goblin
981	57	examine teachers
982	71	enter stall
983	67	take water
984	59	eat stew
985	0	put steel key on keyring
986	57	x chairs
987	14	put whistle in pot
988	54	unlock chest with brass key
989	67	take vellum scroll
990	64	open tube
991	65	gnusto melbor spell
992	13	turn gnomon
993	21	drop carton
994	80	show ticket to gravedigger
995	54	unlock box 600 with key
996	67	take flour from pot
997	67	get penguin
998	50	dehlila
999	64	open cover
1000	67	get wig
1001	67	take selfie
1002	10	pull line
1003	21	drop perfume
1004	14	put laudanum in blue goblet
1005	39	touch powerup stud
1006	67	get cup
1007	57	examine fawkes
1008	21	drop dragon and paper
1009	67	take amber
1010	67	get microphone
1011	14	put ball in machine
1012	64	open box
1013	57	x contact points
1014	25	northeast
1015	57	examine toadstools
1016	65	urbzig toy
1017	51	give book to gnome
1018	57	examine wight
1019	51	give torch to gnome
1020	67	take bronze coin from left pan
1021	80	show earth crystal to trent
1022	65	tinsot fragment
1023	64	open trunk
1024	51	give gram to ed
1025	67	get violin, necklace, ruby, zorkmid, stamp, crown and dragon
1026	57	x bed
1027	21	drop small key
1028	14	put torch in hand
1029	57	examine plant
1030	57	examine crabs
1031	25	go north
1032	33	ask hacker about keys
1033	25	nw
1034	72	stand on charles
1035	67	get peg
1036	21	drop shiny key
1037	67	get volume
1038	3	exit
1039	67	take crowbar
1040	68	again
1041	26	learn fiznav
1042	21	drop microphone
1043	26	learn lleps
1044	41	turn on film projector
1045	57	x boat
1046	67	get bench
1047	67	get sharp pick
1048	25	out
1049	67	get wet suit
1050	67	get pencil
1051	45	pray to kraxis
1052	21	drop banana
1053	3	get out of bunk
1054	21	drop calendar
1055	11	look under lily pad
1056	17	move block
1057	57	x bay
1058	14	put all in zipper
1059	64	open zipper
1060	19	search machines
1061	65	gnusto fiznav
1062	14	put c battery in drill
1063	64	open window with wrench
1064	14	put ruby cluster in knapsack
1065	66	wear snorkel
1066	67	take sticker
1067	14	put crystal in space
1068	10	pull mat
1069	51	give money to hawker
1070	14	put eyes in body
1071	25	go through south wall
1072	67	get spices
1073	81	raise short pole
1074	46	read note
1075	9	write 2 on cube
1076	67	take headphones
1077	59	eat it
1078	67	get bone
1079	65	blorple 1
1080	67	get teapot, mat, letter opener, matchbook and paper
1081	67	take skink
1082	76	push table s
1083	46	read pale scroll
1084	76	push locker east
1085	67	take rice
1086	46	read huge tome
1087	57	x plate
1088	42	pour hot porridge in gigantic bowl
1089	62	cut blue wire
1090	42	pour water on plant
1091	33	ask charles about chest
1092	19	search window
1093	57	x mask
1094	64	open lamp
1095	44	turtle, se and get scroll then nw
1096	46	read it
1097	14	put decaf in pot
1098	80	show file to district attorney
1099	58	wave wand at magic porridge pot
1100	59	eat beef
1101	11	look in hole
1102	57	examine barrow
1103	46	read white book
1104	67	get matches
1105	71	get in golden machine
1106	67	get sharp stone
1107	57	x chair
1108	73	throw stone at creature
1109	54	unlock door with brass key
1110	14	put ruby in red boot
1111	76	push ball southwest
1112	21	drop toupee
1113	57	examine dining table
1114	67	take parka
1115	21	drop rubies
1116	48	dig ground with axe
1117	57	examine chair
1118	27	strike rod of husbandry
1119	57	examine door
1120	33	ask barman about job
1121	21	drop telescope
1122	77	fill tank
1123	81	raise basket
1124	41	turn on electricity
1125	11	look in tear
1126	14	put figurine in case
1127	33	ask dragon about black
1128	21	drop bladder
1129	25	d
1130	13	turn it on
1131	57	x control
1132	51	give pork to crocodile
1133	57	examine dish
1134	57	x statue
1135	67	take door
1136	57	x cutout
1137	21	drop all but brain
1138	19	search grate
1139	67	get eight
1140	80	show box to guard
1141	57	x servers
1142	13	turn dial
1143	67	get collar
1144	64	open oven
1145	36	shut panel
1146	67	get embers
1147	14	put coffin in case
1148	67	take dodo
1149	67	get fire
1150	8	press buy
1151	57	x me
1152	65	gnusto feeyuk
1153	21	drop popcorn
1154	14	put emerald in case
1155	51	give towel to arthur
1156	67	get map
1157	65	gnusto bekdab
1158	7	rub it with crayon
1159	59	eat tablet
1160	64	open blue bottle
1161	14	put book in cabinet
1162	65	frotz lantern
1163	67	get coins
1164	19	search couch
1165	57	x boxes
1166	67	get finch
1167	59	eat red goo
1168	57	x keypad
1169	67	get earth crystal
1170	76	push pram south
1171	0	put mat under door
1172	33	ask allarah about white
1173	65	swing rope
1174	71	enter pram
1175	9	write 5 on cube
1176	21	drop beer can
1177	2	drive to the monument
1178	36	close shield
1179	73	throw meat in passage
1180	57	examine plant pots
1181	11	look under mat
1182	58	wave staff
1183	51	dragon, give ring to me
1184	14	put white in unit
1185	83	climb porous wall
1186	57	x bushes
1187	33	ask woman about ruby
1188	75	dungeon master, wait
1189	67	take paper
1190	24	kill dragon
1191	57	x chandelier
1192	67	take necklace
1193	17	move crank
1194	67	get piece of paper and business card
1195	21	drop dumbells
1196	57	examine tracks
1197	76	push autopilot button
1198	0	put maiden on pack
1199	67	get brain
1200	23	take off dress
1201	64	open envelope
1202	67	get wheel
1203	67	take tongs
1204	64	open crate
1205	65	blorple 12
1206	33	ask male about female
1207	65	gnoeval
1208	67	take beam from eastern niche
1209	21	drop finch
1210	67	take all from pot
1211	33	ask gnome about page
1212	25	go to pig
1213	3	get out of boat
1214	14	put diamond in basket
1215	11	look into wagon
1216	21	drop it and pliers
1217	0	put gum on ass
1218	28	point it at goats
1219	33	ask detective about chelsea
1220	34	remove stethoscope
1221	57	x vial
1222	73	throw brown at black
1223	71	enter dory
1224	67	get keys
1225	67	get silver locket
1226	35	shake lamp
1227	51	give cereal to hermit
1228	67	get blue card
1229	9	write 8 on cube
1230	0	put ladder under tree
1231	67	take pallet
1232	67	take all but lantern
1233	67	get kitchen card and upper card
1234	14	put mace cube in top right socket
1235	11	look at frank
1236	71	dock
1237	13	turn dial left 4
1238	67	get all cards
1239	67	take celery
1240	80	show star crystal to trent
1241	76	push knob
1242	65	exex turtle
1243	80	show skull to bum
1244	83	climb on stage
1245	56	set compass to hawk
1246	21	drop pearl
1247	28	point it at me
1248	14	put mana in bottom socket
1249	65	malyon dragon
1250	39	touch orange
1251	21	drop letter
1252	34	remove bandage
1253	14	put it in thing
1254	77	fill canteen
1255	14	put wire in slot
1256	8	press blue button
1257	65	zemdor blue box
1258	13	turn e
1259	57	examine tree
1260	14	put red sphere in pot
1261	25	northwest
1262	67	get gem
1263	14	put medicine bottle in shaft
1264	21	drop spoon
1265	78	jump off equipment
1266	67	take stool
1267	57	x light
1268	71	enter pub
1269	67	take cushion
1270	59	eat blue cake
1271	21	drop dino
1272	67	take grenade
1273	67	get spar
1274	67	get shovel
1275	67	get glasses
1276	8	press 0
1277	57	x tower
1278	57	x column
1279	67	get arrow
1280	67	take ash tray
1281	67	take green sphere
1282	17	move lighted portrait
1283	67	get buoy
1284	67	get medicine bottle
1285	67	take bucket
1286	67	take no tea
1287	64	open pizza box
1288	67	get white
1289	0	put silver chalice on right disc
1290	70	look up index in history book
1291	57	x form
1292	67	get orange vial
1293	77	fill jug
1294	1	smash window with coffer
1295	65	zemdor ale
1296	31	light flashlight
1297	36	close jar
1298	14	put flour in pan
1299	73	throw stick at herman
1300	57	x wall
1301	67	take light
1302	67	get coin
1303	53	smell smoke
1304	14	put gnomon in hole
1305	61	buy flashlight and repellent
1306	71	enter window
1307	57	x carpark
1308	11	look in nest
1309	64	open piano
1310	57	x paper
1311	67	take sceptre
1312	0	put blanket on grue
1313	67	get worm
1314	64	open slab
1315	57	x books
1316	25	fore
1317	67	get scarf
1318	19	search ash
1319	65	tinsot water
1320	33	ask trent about elizabeth
1321	81	robot, lift cage
1322	77	fill teapot
1323	73	throw ball at umbrella
1324	21	drop shim
1325	67	take beads
1326	66	wear sandals
1327	64	open jeep
1328	33	ask bly about problem
1329	44	repeatedly "turn sceptre" until the coffin opens
1330	57	x hat
1331	14	put pliers into thing
1332	14	put coin in slot
1333	75	z
1334	67	take thick brick
1335	14	put it in projector
1336	65	caskly chewed scroll
1337	19	search snow
1338	67	get short poem
1339	15	burn paper
1340	42	pour vodka in cola
1341	64	open furnace
1342	67	take boots
1343	21	drop spectacles
1344	12	note vomit
1345	71	enter dish
1346	76	push moldy n
1347	57	examine walkie
1348	67	take walkie
1349	39	touch panel
1350	14	put gold in slot
1351	56	set throttle to fast
1352	65	oozelumny
1353	46	read warped
1354	57	x sequence stud
1355	67	get oil
1356	76	push golden machine east
1357	57	x stranger
1358	65	bozbar tortoise
1359	17	move handle
1360	80	show card to librarian
1361	46	read journal
1362	14	put piece in locket
1363	57	examine pedestal
1364	65	click on more
1365	73	throw rod
1366	33	ask holmes about ash
1367	19	search thicket
1368	21	put all down
1369	67	take pass
1370	65	ledak painting
1371	57	examine boulders
1372	14	put toner in slot
1373	46	read missive
1374	67	get satchel
1375	67	get container
1376	25	aft
1377	57	x desk
1378	73	throw axe at dwarf
1379	65	rewind tape
1380	54	unlock bronze door with key
1381	14	put coin in interest
1382	21	drop antimacassar
1383	50	say alakazam
1384	51	give toy to sydney
1385	57	x librarian
1386	67	get pillow
1387	8	press white
1388	64	open tray
1389	57	x right screen
1390	67	take pincer
1391	14	put dagger in chest
1392	57	x old man
1393	14	put peg in hole
1394	19	search crates
1395	69	ask mary for ladder
1396	48	dig
1397	10	pull quartz
1398	67	get shuttle card
1399	54	unlock grating with rusty key
1400	51	give ring to butler
1401	47	drink coke
1402	83	climb down chimney
1403	80	show green to trent
1404	44	robot, north and press triangular button
1405	14	put silver rod in top
1406	46	read faded scroll
1407	46	read features in newspaper
1408	10	pull lever
1409	67	get ticket
1410	67	get kappa
1411	69	ask for mycroft holmes
1412	19	search bones
1413	21	drop ticket
1414	11	look in safe
1415	14	put silver chalice in knapsack
1416	76	push button 1
1417	25	north
1418	67	get cheese
1419	67	get key, jewels and whistle
1420	64	open fridge
1421	67	take gores
1422	67	get crossbow
1423	67	take kettle
1424	67	roustabout, get net
1425	57	x stairs
1426	20	tie chain to me
1427	57	examine packet
1428	76	push purple
1429	67	take spreadsheet
1430	27	strike returning
1431	60	slide n
1432	66	wear gas mask
1433	67	take club
1434	25	e
1435	65	snavig grue
1436	64	open notebook
1437	65	mosaic, lagach
1438	67	get porridge oats
1439	67	take 1
1440	67	get device
1441	64	open air supply system with tool
1442	65	gnusto swanko
1443	67	get plans
1444	57	examine ash
1445	25	in
1446	29	k9, follow me
1447	33	ask about evidence
1448	14	put lens in spotlight
1449	67	take stone
1450	46	read history book
1451	46	read emerald scratch with glass
1452	60	slide s
1453	51	give gram to silas
1454	21	drop rope
1455	0	put x8 on second pile
1456	57	x grenade
1457	67	take mask
1458	67	get firewood
1459	57	examine slip
1460	17	move rug
1461	21	guards, drop rifles
1462	57	examine charles
1463	31	light gas
1464	14	put torch in well
1465	46	read envelope
1466	11	look under sofa
1467	76	push wireless north
1468	14	put ledger in pot
1469	66	wear stethoscope
1470	67	get ball
1471	67	take headdress
1472	65	blorple 7
1473	64	open bird
1474	57	x panel
1475	76	push piano south
1476	9	write 9 on cube
1477	57	examine washing machine
1478	51	give key to alan
1479	57	examine sapphire
1480	21	drop rusty knife
1481	67	get x12
1482	46	read booklet
1483	50	blizzard
1484	67	take sack
1485	16	insert capsule into reactor
1486	16	insert ruby cluster in second hole
1487	12	note counter
1488	46	read back of yellow paper
1489	65	blorple x10
1490	57	examine safe
1491	21	drop aqua vial
1492	51	give gram to alicia
1493	11	look under table
1494	57	x camera
1495	57	examine reeds
1496	46	read notice
1497	4	1
1498	67	take emerald
1499	57	examine watch
1500	44	remove opener and drop it
1501	57	examine bones
1502	67	take match
1503	21	drop decaf
1504	26	learn melbor
1505	67	get blue paper
1506	41	turn on machine
1507	13	turn dial to 11
1508	51	give pumpkin to fairy godmother
1509	57	examine hooks
1510	76	push demeter northwest
1511	21	drop pump
1512	61	buy ticket
1513	57	examine air tank
1514	73	throw bottle at thing
1515	16	insert new battery in laser
1516	57	x book
1517	57	x ladder
1518	61	buy blue carpet
1519	67	get all from drawer
1520	67	take vial
1521	57	examine shroud
1522	57	x printouts
1523	82	shoot window
1524	65	gnusto gaspar spell
1525	57	x machine
1526	64	open pram
1527	67	get cage
1528	64	open buoy
1529	25	go to statue
1530	57	x knob
1531	64	open it
1532	57	x crane
1533	0	put golden chalice on left disc
1534	21	drop label
1535	67	take raincoat
1536	67	get tools
1537	57	x pen
1538	57	x counter
1539	33	ask hermit about entrance
1540	33	ask george about bag
1541	67	get rods from coffin
1542	11	look in box
1543	26	learn bozbar
1544	21	drop blanket
1545	14	put smoke rod in pot
1546	34	remove second board
1547	14	put screwdriver in toolkit
1548	66	wear shirt
1549	50	say -120 to garrulous
1550	67	get clear sphere
1551	57	examine lemming
1552	67	get nasty knife
1553	51	give eggs
1554	26	learn zemdor
1555	21	put sword down
1556	70	look up croseus in album
1557	67	get tablets
1558	8	press knob
1559	14	put strength in right socket
1560	57	x ball
1561	65	feeyuk me
1562	66	wear hat
1563	67	get pan
1564	67	take x10
1565	14	put acorns in net
1566	64	open curtains
1567	57	x table
1568	80	show keys to michael
1569	73	throw rag at fire
1570	5	prosser, lie in the mud
1571	57	examine blue carpet
1572	54	unlock car
1573	21	drop garlic
1574	65	guncho krill
1575	57	examine bottle
1576	14	put red rod in hole
1577	46	read blueprint
1578	0	put x1, x2, x7 on first pile
1579	80	show photograph to charles
1580	67	take red rod
1581	39	touch table
1582	46	read tag
1583	14	put cube in cauldron
1584	67	get sack
1585	46	read hieroglyphs
1586	57	x couch
1587	26	learn feeyuk
1588	57	x barrels
1589	14	put volcano in pot
1590	19	search desk
1591	40	reply
1592	65	taclor kobold
1593	0	put chain on hook
1594	76	push play
1595	21	drop third brick
1596	14	put ring, book in sack
1597	14	put headdress in pot
1598	39	touch flower
1599	58	wave scroll
1600	57	examine cottage
1601	77	fill hat with water
1602	8	press bottom
1603	28	point it at rod of life
1604	67	take 7
1605	19	search boots
1606	67	take spade
1607	65	gnusto caskly
1608	46	read opal scratch with glass
1609	80	show spreadsheet
1610	57	x murals
1611	36	close cold box
1612	57	x top shelf
1613	42	pour water on net
1614	13	turn screw
1615	67	get sash
1616	51	give flask to bum
1617	57	examine screen
1618	21	drop scroll
1619	21	drop pot
1620	69	ask for pigeon
1621	57	x flowers
1622	11	look in displaycase
1623	57	examine bird
1624	64	open navy-blue box
1625	67	get red statuette
1626	11	look at tag through lens
1627	67	take spell book from zipper
1628	57	x duct
1629	51	give pan to guard
1630	67	get axe
1631	35	shake safe
1632	65	gnusto egdelp
1633	57	examine it
1634	67	take shroud
1635	67	get kit
1636	26	learn girgol
1637	73	throw club at herman
1638	38	clean lump
1639	8	press south wall
1640	65	tinsot channel
1641	67	take veil
1642	67	take umbrella
1643	11	look at ring
1644	0	put pouch under pipe
1645	57	x dent
1646	44	open box then get cube
1647	16	insert wishbringer in sculpture
1648	67	take term paper
1649	21	drop rug
1650	51	give rose to knight
1651	66	wear balm
1652	65	gnusto exex spell
1653	67	get rod of ice
1654	42	pour liquid on slime
1655	48	dig sand
1656	67	take decaf from pot
1657	34	remove hood
1658	67	get flippers
1659	64	open lid with spade
1660	67	take tinsel
1661	67	take flimsy scroll
1662	67	get new battery
1663	38	clean table with cloth
1664	21	drop bees
1665	57	x car
1666	0	put copper key on keyring
1667	67	get lump
1668	57	x district attorney
1669	77	fill bath
1670	34	remove cap
1671	26	learn espnis
1672	11	look at shadow
1673	67	take syringe
1674	67	take dusty scroll
1675	67	get spectacles
1676	64	open canteen
1677	51	give mirror 1 to michael
1678	57	x dust
1679	33	ask belboz about figure
1680	67	get brick
1681	67	get pork
1682	26	learn frotz
1683	21	drop secateurs
1684	10	pull antenna
1685	11	look at statue through telescope
1686	57	examine dagger
1687	67	get spray
1688	64	open secret door
1689	51	give umbrella to girl
1690	14	put compass rose in carving
1691	67	get blueprint
1692	36	close raincoat
1693	67	get coat
1694	77	fill pot with water
1695	60	slide upper card through slot
1696	58	wave wand at underwear
1697	0	put on parka
1698	25	ahead
1699	57	examine white  statuette
1700	57	examine table
1701	80	show keepsake to knight
1702	46	read gray scroll
1703	57	x slabs
1704	71	enter access panel
1705	65	gondar dragon
1706	67	get memo
1707	67	take balloon
1708	14	put it in hat
1709	57	x shadow
1710	67	get
1711	64	open throttle
1712	26	learn huncho
1713	21	drop peridots
1714	83	climb ladder
1715	65	gnusto rezrov spell
1716	67	get slip of paper
1717	64	open case
1718	16	insert green card in slot
1719	59	eat green goo
1720	9	write 11 on cube
1721	46	read memo
1722	13	turn c
1723	26	learn izyuk spell
1724	51	give ticket to rimshaw
1725	67	get bracelet
1726	82	shoot prey
1727	24	kill skink
1728	81	raise lever
1729	57	examine bandage
1730	46	read spotted scroll
1731	67	get secateurs
1732	57	examine thyme
1733	10	pull shaft
1734	14	put coin in zipper
1735	46	read notes
1736	33	ask george about frank
1737	46	read grave
1738	73	throw sword into lake
1739	19	search waterfall
1740	67	get bills
1741	76	push fountain
1742	8	press ignition
1743	11	look in cabinet
1744	57	x dresser
1745	57	x wheels
1746	65	foo
1747	21	drop balsa wood beam
1748	54	unlock wardrobe with key
1749	33	ask allarah about red
1750	54	unlock padlock with key
1751	65	gnusto shiny scroll
1752	58	wave stick
1753	26	learn snavig
1754	65	still life, lagach
1755	67	take rag
1756	65	gnusto foblub
1757	67	get flash
1758	14	put gold in unit
1759	67	take shovel
1760	67	get flashlight
1761	67	take ball
1762	66	wear breeches
1763	0	put glob on case
1764	18	tell bum about skull
1765	65	click if-archive
1766	3	get out of basket
1767	3	get out of chair
1768	73	throw laser into void
1769	19	search shape
1770	64	open dish washer
1771	83	climb up piano
1772	39	touch transmit stud
1773	67	get film and slide
1774	21	drop skink
1775	28	point it at metal
1776	13	turn neith
1777	51	give blue goblet to butler
1778	80	show ruby to pigeon
1779	67	get pendant
1780	64	open cabinet
1781	66	wear fish
1782	67	take screwdriver
1783	57	examine notice
1784	14	put invite in copier
1785	22	lower basket
1786	67	get fluff
1787	20	tie wire to hook
1788	67	get pearl
1789	21	drop bag
1790	33	ask morgan about dragon
1791	57	x shelf
1792	14	put red sphere in ruby stand
1793	14	put glass in crack
1794	67	take red
1795	21	drop padlock
1796	74	sit on green rock
1797	67	get canister
1798	11	look under jukebox
1799	73	throw club at belt
1800	64	open brown bottle
1801	56	set radio to 1170
1802	13	turn sphere
1803	8	press island
1804	33	ask angela about affliction
1805	41	turn radio on
1806	76	push railing
1807	13	turn h
1808	6	wake falcon with salts
1809	64	open forge
1810	65	mural, lagach
1811	67	get dynamite
1812	62	cut growth with cutter
1813	67	get cube
1814	21	drop shroud
1815	67	take seven coins from basis
1816	67	get electromagnet
1817	67	take wood
1818	14	put skink in pocket
1819	61	buy sandwich
1820	33	ask george about dehlila
1821	79	talk to empirious
1822	56	set first wheel to 9
1823	67	take volcano
1824	67	get padlock
1825	26	learn foblub
1826	4	paper
1827	67	take thumb
1828	57	x cubicles
1829	30	break seal with pickaxe
1830	73	throw sceptre in boat
1831	21	drop necklace and dragon
1832	21	drop cup
1833	33	ask k9 about door
1834	14	put white in slot
1835	21	drop fruit
1836	48	dig ground
1837	62	cut cable
1838	67	get luck
1839	67	take all from toolshed
1840	39	touch mist
1841	67	get lens
1842	11	look at device
1843	63	listen
1844	34	remove tank
1845	60	slide k
1846	54	unlock handcuffs with key
1847	67	get out
1848	79	talk to man
1849	0	put mail on satchel
1850	65	launch command
1851	46	read scrawled
1852	29	follow pig
1853	57	examine parchment
1854	21	drop pencil
1855	57	x wheel
1856	67	get envelope
1857	64	open cupboard
1858	73	throw rope north
1859	57	examine fence
1860	51	give celery to barb
1861	51	give coin to gnome
1862	67	take dino
1863	67	take printer
1864	67	get red sphere
1865	67	get beam
1866	57	x hand
1867	14	put fluff in bag
1868	65	gnusto snavig
1869	10	pull rods
1870	57	examine spade
1871	14	put pan in oven
1872	0	put timber across chute
1873	32	play whistle
1874	76	push painting
1875	33	ask doc about syringe
1876	78	jump to brown rock
1877	57	examine cage
1878	21	drop pile
1879	21	drop food
1880	21	drop cardboardbox
1881	14	put cave cube in bottom right socket
1882	34	remove watch
1883	21	drop brown
1884	67	get gum
1885	67	get dumbells
1886	11	look at window pane
1887	57	x scanner
1888	33	ask woman about roadrunner
1889	13	turn wheel off
1890	51	give rag to skier
1891	17	move barrel
1892	57	examine cups
1893	34	remove third brick
1894	11	look in pit
1895	75	wait
1896	21	drop door
1897	33	ask alan about novel
1898	67	take painting
1899	64	open washing machine with poker
1900	33	ask delbin about ale
1901	21	drop bottle
1902	0	put gold coin on right
1903	67	take limb
1904	64	open clam with trident
1905	76	push rod
1906	67	take gloves
1907	67	get rusty key
1908	21	drop gores
1909	21	drop green rod
1910	67	take stand
1911	14	put lens in telescope
1912	67	get hydrant
1913	33	ask allarah about black
1914	66	wear skis
1915	33	ask fairy godmother about dress
1916	67	take opener
1917	30	break windows
1918	8	press blue
1919	57	x desks
1920	57	examine memorial
1921	65	frotz bottle
1922	33	ask marion about encyclopedia
1923	67	get interface
1924	67	get wand
1925	57	x fan
1926	70	look up william on nameplate
1927	67	take pig
1928	60	slide miniaturization card through slot
1929	32	play flute
1930	57	examine thumb
1931	65	frotz coin
1932	57	x bats
1933	9	write 6 on cube
1934	14	put red in glasses
1935	37	i
1936	5	lie down
1937	75	wait for 35 minutes
1938	36	close locket
1939	57	x well
1940	64	open west door
1941	21	drop briefcase
1942	67	get figurine
1943	9	write 12 on cube
1944	3	leave bed
1945	57	examine rose
1946	13	turn ring to sixth symbol
1947	64	open stump
1948	25	se
1949	65	urbzig mace
1950	57	x crack
1951	67	get matchbox
1952	67	get necklace
1953	67	take paper bird
1954	67	get can
1955	56	set slider to 31
1956	67	take smoke rod
1957	65	fweep me
1958	67	take pot
1959	73	throw green at gray
1960	14	put sketch in projector
1961	14	put dornberries in pot
1962	14	put all into thing
1963	80	show amulet to michael
1964	11	look in rowboat
1965	67	get ring
1966	58	wave it
1967	54	unlock chain with key
1968	51	give teddy to woman
1969	67	get brass key
1970	14	put jar in purse
1971	65	foe
1972	57	x grill
1973	67	take packet
1974	64	open hatch
1975	67	get wrench
1976	67	get timber
1977	76	push button 7
1978	65	malyon idol
1979	67	get garter
1980	34	remove hat
1981	33	ask harry about eddie smaldone
1982	79	talk to stephanie
1983	57	examine arthur
1984	64	open gate
1985	67	get nugget
1986	19	search picture of cat
1987	11	look in crack
1988	0	put skull on statue
1989	0	put oil on hatch
1990	67	take splinter
1991	41	turn on microphone
1992	57	x toner
1993	57	examine light
1994	67	get ox
1995	21	drop painting
1996	34	remove coat
1997	82	shoot rope with crossbow
1998	8	press north wall
1999	67	take log
2000	21	drop crampons
2001	67	get amulet
2002	26	learn izyuk
2003	8	press project status stud
2004	57	examine pockets
2005	73	throw it at rabbit
2006	65	play arcade
2007	57	x box
2008	67	take dish
2009	26	learn lobal
2010	47	drink ochre potion
2011	3	get out of bed
2012	25	up
2013	64	open package
2014	70	look up heinrich in record
2015	57	x panels
2016	57	examine barrels
2017	67	get eight of wands
2018	21	drop all but candle
2019	64	open back door
2020	65	gnusto meef spell
2021	13	turn dial to 1
2022	11	look in pocket
2023	11	look under loudspeaker
2024	11	look under stove
2025	41	turn on toaster
2026	14	put ebony in northern niche
2027	67	get it
2028	19	search oats
2029	46	read torn
2030	67	get match
2031	67	get shredded scroll
2032	57	examine bookcase
2033	67	get matchbook
2034	8	press red button
2035	14	put amulet in slot
2036	57	examine dial
2037	64	open quartz cover
2038	33	ask fairy godmother about horse
2039	67	get flag
2040	57	x card
2041	59	eat tiny bowl of porridge
2042	31	light torch with fire
2043	64	open kit
2044	57	x salt
2045	0	put brass key on keyring
2046	14	put ebony in southern niche
2047	51	give fragment to green rock
2048	14	put x1 in first
2049	39	touch w rune with rose
2050	13	turn valve with crowbar
2051	67	get blue
2052	67	get stained scroll
2053	14	put match in toolkit
2054	60	slide teleportation card through slot
2055	51	give paper to gnome
2056	33	ask computestor about videophone
2057	67	get booklet
2058	51	give novel to alan
2059	67	take lens
2060	76	push dispenser button
2061	57	x copier
2062	57	x homing
2063	67	get ruby cluster
2064	67	take balsa beam
2065	21	drop drive
2066	80	show can to pet
2067	51	give pass to reunite
2068	67	get pickaxe
2069	76	push joystick west
2070	58	wave crook
2071	61	buy beer
2072	31	light pipe with match
2073	51	give food to bear
2074	40	answer "a well"
2075	21	drop trap
2076	67	get balls
2077	51	give hat to pelican
2078	11	look under stairs
2079	11	look at controls
2080	76	push lever
2081	83	climb tree
2082	64	open bio-lock door
2083	67	take stick
2084	57	x male
2085	3	get out of web
2086	57	x left screen
2087	57	x natives
2088	67	get guano, scroll and amber vial
2089	81	lift seat
2090	21	drop cap
2091	21	drop matchbox
2092	0	put oak on table
2093	67	get scarab
2094	64	open raincoat
2095	65	click on edit
2096	64	open manhole with crowbar
2097	65	frotz burin
2098	73	throw iron key at cat
2099	57	x crowbar
2100	14	put homing in hatch
2101	57	x hole
2102	14	put ladder across rift
2103	0	put hand on statue
2104	81	raise beam
2105	71	get in basket
2106	21	drop sack
2107	67	get apple
2108	31	light it
2109	66	wear coat
2110	51	give tablets to trent
2111	55	turn off lamp
2112	21	drop gloves
2113	11	look under sill
2114	57	x pack
2115	21	drop key and brush
2116	66	wear dress
2117	16	insert film in film projector
2118	51	give silver coin to oarsman
2119	57	examine blue statuette
2120	33	ask barkeep about thad
2121	54	unlock grate with keys
2122	64	open carton
2123	51	give coin to bartender
2124	67	get safe
2125	23	take off veil
2126	20	tie rope to handle
2127	46	read book
2128	8	press start
2129	36	close pizza box
2130	47	drink medicine
2131	21	drop fifth brick
2132	57	x west mural
2133	46	read flimsy scroll
2134	64	open door
2135	44	hole, s
2136	67	get zorkmid
2137	76	push right button
2138	46	read ripped
2139	66	wear balls
2140	21	drop spices
2141	38	clean dirty floor with moss
2142	67	get gloves and crowbar
2143	55	turn off saw
2144	21	drop blue paper and yellow paper
2145	14	put key in hole
2146	67	get bananas
2147	21	drop pipe
2148	51	give fluff to arthur
2149	67	get rose
2150	64	open wooden door
2151	64	open mailbox
2152	14	put brick in hole
2153	65	gnusto swanzo spell
2154	57	examine sheets
2155	76	push bunk
2156	62	cut rope with dagger
2157	67	take hair dryer
2158	21	drop shield
2159	0	put dart on claw
2160	67	get ampoule
2161	67	get gumball
2162	8	press information
2163	34	remove goggles
2164	57	x gaping
2165	58	wave spar
2166	67	get token
2167	71	enter waterfall
2168	67	take white rod
2169	67	get invitation
2170	67	get acorns
2171	0	put patch on pipe
2172	67	get gold locket
2173	14	put trophy in depression
2174	58	wave clover
2175	51	give gram to meghan
2176	10	pull knob
2177	54	unlock door with iron key
2178	10	pull second peg
2179	14	put epic poem in kappa
2180	57	x knife
2181	76	push yellow button
2182	44	rock, sw
2183	33	ask bly about monster
2184	46	read waxy scroll
2185	57	x chest
2186	48	dig in sand
2187	71	enter outflow pipe
2188	57	x door
2189	54	unlock compartment
2190	67	take lemming
2191	57	x cat
2192	40	berknip
2193	77	fill bowl
2194	48	dig plot with shovel
2195	57	x gauge
2196	67	get all
2197	67	get golden chalice
2198	64	open wrapper
2199	65	rezrov cabinet
2200	21	drop flippers
2201	46	read white scroll
2202	12	note it
2203	51	give candy to lizard
2204	14	put gold in plate
2205	67	take coal
2206	79	talk to woman
2207	51	give bananas
2208	46	read matchbook
2209	67	take trunk
2210	54	unlock door with steel key
2211	57	examine vegetable plot
2212	67	get salt
2213	14	put it in hole
2214	61	buy telescope
2215	67	take torch
2216	51	give form to female
2217	14	put short poem in alpha
2218	58	wave bean pole
2219	57	x pan
2220	21	drop crown
2221	70	look up wilhelm in record
2222	58	wave handkerchief
2223	57	examine refuse
2224	14	put flimsy scroll in zipper
2225	14	put knife in zipper
2226	16	insert oar in oarlock
2227	67	take shield
2228	57	x east mural
2229	67	get jewellery box
2230	26	learn blorple
2231	5	lie in bed
2232	67	tell pigeon to get ruby
2233	19	search gnome
2234	33	ask male about officer
2235	21	drop emerald
2236	47	drink tea
2237	18	tell gnome about grunk
2238	61	buy electromagnet
2239	19	search foundation
2240	64	open book
2241	67	get pole
2242	57	x magazines
2243	80	show hand to urchin
2244	62	cut branch with knife
2245	56	set fourth wheel to 9
2246	21	drop card
2247	46	read poetry
2248	67	get black scroll
2249	65	tase sleaze
2250	57	x grass
2251	65	blorple 8
2252	67	get air tank
2253	64	open coffer
2254	4	2
2255	76	push piano north
2256	25	go through curtain
2257	67	get relay
2258	67	get whistle
2259	36	close reactor
2260	67	take thing
2261	20	tie rope to timber
2262	67	take lump
2263	67	get remote control
2264	57	x thing
2265	57	x dragon
2266	56	set thermostat to warm
2267	57	examine axe
2268	33	ask george about town
2269	80	show note to chuckles
2270	80	show ring to michael
2271	67	take safe
2272	65	throck weed
2273	57	examine statues
2274	50	tina, hello
2275	70	look up cholok in leshosh
2276	69	ask for akbar
2277	71	get in web
2278	67	get broom
2279	67	get pack
2280	51	give bell
2281	14	put butter in pot
2282	67	get rock
2283	57	examine stump
2284	21	drop spade
2285	64	open orange vial
2286	14	put skull in case
2287	67	get paint
2288	11	look inside tube
2289	57	examine lights
2290	36	close furnace
2291	58	wave hairband
2292	14	put six coins in overhead
2293	14	put red cake in pool
2294	67	get c battery
2295	21	drop buoy
2296	13	turn dial to 639
2297	19	search sludge
2298	62	cut rope with knife
2299	83	climb beanstalk
2300	51	give garter to papa
2301	8	press techno
2302	14	put heart in statue
2303	36	close valve
2304	65	huncho me
2305	71	enter door
2306	65	blorple 3
2307	13	turn dial right
2308	46	read newspaper
2309	61	buy box
2310	67	take ticket
2311	67	take red flag
2312	80	show red to trent
2313	14	put bomb in sewer
2314	64	open window
2315	78	jump to beanstalk
2316	51	give hairpin to mary
2317	67	take peanut butter
2318	28	point at blue carpet
2319	67	get egg
2320	67	take paper with pole
2321	46	read back of brown paper
2322	67	take all from chest
2323	52	blow in tube
2324	46	read term paper
2325	57	x pedestal
2326	64	open outer
2327	64	open journal
2328	21	drop coins
2329	65	huncho vase
2330	67	take ticket 2306
2331	13	turn wireless on
2332	46	read lettering
2333	14	put mirror 1 in caliper
2334	21	drop kitchen card
2335	67	take peridots
2336	14	put scalpel in toolkit
2337	67	get flint
2338	67	get cue ball
2339	57	x globe
2340	66	wear sack
2341	66	wear jacket
2342	67	get teleportation card and battery
2343	67	take zipper
2344	57	examine thin man
2345	76	push red button
2346	11	l in hatch
2347	23	take off jacket
2348	67	get ace
2349	21	drop firestone
2350	67	get grimoire from box
2351	51	give form to barman
2352	0	put handcuffs on rods
2353	26	learn ledak
2354	55	turn off electricity
2355	67	get rasp
2356	73	throw book at outcrop
2357	33	ask george about beetlebaum
2358	14	put pot in case
2359	64	open front door
2360	21	drop all bricks
2361	21	drop dagger
2362	67	get bottle
2363	16	insert slide in it
2364	24	kill figure with sword
2365	36	close drawer
2366	46	read plaque
2367	14	put book in large recess
2368	57	x white pillar
2369	67	get coke and carton
2370	21	drop radio and pole
2371	11	look at woods
2372	67	take bar
2373	57	x rack
2374	67	get opal cluster
2375	33	ask governor about key
2376	61	buy bag
2377	26	learn egdelp
2378	58	wave beads
2379	36	close circuit breaker
2380	67	get popcorn
2381	57	x fuse
2382	57	examine pedlar
2383	61	buy candy from hawker
2384	46	read garnet scratch with glass
2385	67	get gown
2386	16	insert shiny board in panel
2387	14	put letter opener in keyhole
2388	67	take brown rod
2389	33	ask female about male
2390	14	put flour in pot
2391	59	eat peanuts
2392	67	take shawm
2393	26	learn lesoch
2394	51	give gold key, portrait and bills to demon
2395	57	examine mesa
2396	57	x generator
2397	67	get box
2398	41	turn on homing
2399	21	drop candles
2400	80	show term paper to frobar
2401	21	drop radio
2402	60	slide l
2403	28	point at vodka
2404	57	x writing
2405	21	drop candle
2406	67	get indigo vial
2407	11	look under bunk
2408	57	x lever
2409	7	rub locket
2410	67	get crown
2411	0	put bronze key on keyring
2412	57	examine stars
2413	21	drop passbook
2414	33	ask george about gumball
2415	21	drop ladder
2416	0	put ash on journal
2417	57	x gate
2418	57	examine coffin
2419	65	golmac me
2420	67	get card
2421	17	move slab
2422	14	put sheet in tray
2423	32	play syrinx
2424	67	get moss
2425	56	set dial to 948
2426	51	give safe to mark
2427	64	open chest with needle
2428	57	examine post
2429	57	x carvings
2430	71	enter cab
2431	11	look into cage
2432	79	talk to gnome about mogglev
2433	67	get pot
2434	67	get crampons
2435	21	drop flat key
2436	20	tie rope to rod
2437	16	insert red card in slot
2438	14	put blue sphere in sapphire stand
2439	57	x coin
2440	14	put prize cube in top left socket
2441	11	look at fireplace
2442	8	press button
2443	16	insert good bedistor in cube
2444	67	take vase
2445	14	put coal in furnace
2446	38	clean podium
2447	65	krebf shredded scroll
2448	11	look under bed
2449	12	note stools
2450	64	open william coffin
2451	57	x screen
2452	58	wave pole
2453	67	take pole
2454	46	read culture
2455	14	put jar in knapsack
2456	67	take binoculars
2457	0	put silver coin on left
2458	36	close access panel
2459	51	give bread to old man
2460	46	read twisted
2461	83	climb rope
2462	76	push south wall
2463	70	look up mordecai in record
2464	58	wave sceptre
2465	67	get honey
2466	39	touch obelisk
2467	21	drop all but lens
2468	57	examine diagram
2469	67	get candy
2470	70	look up indanaz in leshosh
2471	67	take rope
2472	67	take butter from pot
2473	67	take jar
2474	14	put opal cluster in knapsack
2475	67	get trowel
2476	51	demon, give me wand
2477	67	take keys with pole
2478	66	wear amulet
2479	51	give mouse to fairy godmother
2480	67	take mousetrap
2481	67	get bird
2482	64	open historical
2483	6	wake implementor
2484	67	get jewelry
2485	21	drop tea
2486	64	open shield
2487	74	sit on carpet
2488	33	ask dragon about red
2489	17	move stone
2490	67	get head
2491	67	get bones with chopsticks
2492	36	close tray
2493	67	take x1,x2,x7,x8
2494	67	get film
2495	57	x handle
2496	65	click ftp
2497	67	take book
2498	71	enter inflow pipe
2499	57	x pipe
2500	80	show invitation to butler
2501	21	drop red hat
2502	14	put clear sphere in diamond stand
2503	46	read writing
2504	64	open box with tool
2505	35	sharpen knife on rock
2506	64	open car
2507	59	eat toadstone
2508	67	get all from cabinet
2509	57	x information stud
2510	67	take watch
2511	36	close zipper
2512	67	get epic poem
2513	67	take staff
2514	50	say ialdabaoloth
2515	50	say yello
2516	14	put all in crate
2517	57	x k9
2518	65	gnusto wigro
2519	57	examine silver coin
2520	67	get diamonds
2521	71	enter
2522	20	tie rope to k9
2523	67	get coffin
2524	67	take sweater
2525	14	put card in slot
2526	14	put coal in machine
2527	36	close receptacle
2528	57	x dials
2529	26	learn bekdab
2530	14	put lemming in cage
2531	33	ask belboz about cube
2532	13	turn switch off
2533	67	get hammer
2534	57	x farm
2535	0	put towel on your head
2536	73	throw stone at thing
2537	21	drop all but pincer
2538	46	read of unseen terror
2539	64	open lab door
2540	57	examine dynamite
2541	21	drop pillow
2542	21	drop toy
2543	21	drop broom
2544	67	get dead mouse
2545	46	read ledger
2546	57	examine compressor
2547	76	push mountain
2548	50	here kitty kitty
2549	65	throck shrub
2550	57	examine blossoms
2551	66	wear crampons
2552	9	write 10 on cube
2553	57	x implementor
2554	67	get rods from sack
2555	57	x river
2556	0	put all on box
2557	34	remove ring
2558	20	tie bucket to rope
2559	51	give pork to wolf
2560	76	push newspaper under door
2561	67	get needle
2562	44	rock, e
2563	51	give manual
2564	33	ask bum about himself
2565	8	press switch b
2566	24	kill troll with sword
2567	67	get poetry
2568	51	give paper to professor
2569	76	push coffin w
2570	64	open guage
2571	57	x wire
2572	66	wear gloves
2573	64	open freezer
2574	67	get dragon and paper
2575	67	take beam from southern niche
2576	76	push joystick east
2577	25	n
2578	74	sit on chair
2579	57	x mine
2580	10	pull anchor
2581	53	smell it
2582	64	open northern door
2583	76	push button 3
2584	14	put large plug in large receptacle
2585	67	get mirror 1
2586	2	drive to pinchin lane
2587	64	open telescope
2588	57	examine grimoire
2589	8	press brown button
2590	0	put pallet on boulder
2591	57	x hawk
2592	66	wear gown
2593	64	open tapestry
2594	67	get all from cupboard
2595	67	take gold key
2596	65	pick cuffs with needle
2597	67	get milkbottle
2598	65	swanzo belboz
2599	35	shazok storm
2600	81	lift plywood cover
2601	39	touch ne rune with rose
2602	14	put sack in tesseract
2603	67	get all from closet
2604	64	open towel
2605	67	take bread
2606	67	take tube and torch
2607	67	get husbandry
2608	57	x indicator
2609	21	drop all except bottle
2610	74	sit in medium-sized chair
2611	67	get teapot
2612	33	ask technician about security gates
2613	50	say carte
2614	57	x mirror
2615	57	examine satellite
2616	21	drop net
2617	67	get coal
2618	14	put all in pocket
2619	21	drop pouch
2620	48	dig rock with axe
2621	67	get box and journal
2622	67	get beer
2623	14	put firework in toolkit
2624	16	insert opal cluster in fourth hole
2625	67	get water
2626	21	drop pack
2627	63	listen to girl
2628	27	strike rod of ice
2629	80	show pole to gnome
2630	0	put towel on valve
2631	0	put pack on gum
2632	29	turtle, follow me
2633	64	open matchbook
2634	31	light match
2635	67	ask wiggins to get garnet
2636	67	get piece
2637	41	turn on autopilot
2638	64	dragon, open door
2639	67	take zm$100000
2640	57	x officer
2641	67	take mouse
2642	21	drop fish
2643	67	get glass
2644	51	give magazine to doc
2645	62	cut coconut with axe
2646	11	look up
2647	33	ask alan about key
2648	14	put red powder in kettle
2649	67	take poetry
2650	73	throw ball in pond
2651	73	throw rock at stick
2652	31	light candle with fire
2653	3	get out of cask
2654	76	push filthy n
2655	80	show brick to pig
2656	17	move wardrobe
2657	26	learn nitfol
2658	33	ask delbin about minirva
2659	67	get all from basket
2660	76	push dusty n
2661	57	examine flytrap
2662	65	fiznav boat
2663	71	enter tardis
2664	46	read wall
2665	19	search ruins
2666	67	take spar
2667	14	put pan in water
2668	13	turn dial right 3
2669	65	foblub man
2670	67	get heart from boat
2671	65	tossio golem
2672	14	put grenade in cupboard
2673	64	open closet
2674	64	open grating
2675	25	west
2676	54	unlock door with keys
2677	67	take wrapper
2678	67	get candy and gold key
2679	10	pull chain
2680	57	examine coin
2681	46	read list
2682	57	x probe
2683	64	open curtain
2684	67	take astrolabe
2685	4	seat
2686	66	wear shield
2687	67	take burin from zipper
2688	67	get firework
2689	65	gnusto zemdor
2690	51	give silver to barker
2691	65	espnis idol
2692	21	drop wet suit
2693	14	put rods in socket
2694	65	click designers_manual
2695	71	enter cloud
2696	71	enter dumb waiter
2697	64	open royal-blue box
2698	42	pour liquid on torch
2699	67	get etching
2700	70	look up wilhelm in album
2701	66	wear air tank
2702	67	get blue sphere
2703	50	exodus
2704	67	get bazooka
2705	64	open washing machine
2706	67	take sand
2707	36	close hatch
2708	64	open bag
2709	25	sw
2710	67	get letter opener
2711	14	put guano in cannon
2712	55	turn off flashlight
2713	57	x leaf
2714	67	get trident
2715	14	put lye in coat
2716	26	learn zifmia
2717	67	take analgesic
2718	14	put bladder in sack
2719	54	unlock door
2720	80	show ledger to magistrate
2721	57	x contraption
2722	67	take plank
2723	46	read glittering scroll
2724	67	get rod of life
2725	57	x studs
2726	41	turn reactor on
2727	67	get crow
2728	57	x switch
2729	14	put bladder in geyser
2730	20	tie scarf to signpost
2731	67	get pile
2732	8	press black
2733	67	take foot
2734	67	get homing
2735	67	get grater
2736	57	x marker
2737	12	note tables
2738	39	touch bottom
2739	21	drop bar
2740	7	rub oil on mirror 1
2741	0	put feather on left
2742	46	read brochure
2743	51	give amulet to bum
2744	57	x guard
2745	21	drop glasses
2746	0	put flask under spout
2747	57	examine dresser
2748	70	look up verlac
2749	64	open terminal
2750	21	drop diamonds
2751	19	search slabs
2752	46	read topaz scratch with glass
2753	21	drop flashlight
2754	33	ask kemp about circuit breaker
2755	70	look up edward in record
2756	51	give alpha to apollonius
2757	56	set fifth wheel to 3
2758	65	caskly hut
2759	21	drop it
2760	67	get fig
2761	67	get mirror
2762	25	left
2763	30	break branch
2764	67	take yellow pill
2765	67	get painting
2766	79	talk to queenie
2767	14	put control in top socket
2768	26	learn blorb
2769	11	look in panel
2770	67	take slip
2771	2	drive to tower of london
2772	63	listen to conversation
2773	67	get stick
2774	66	wear wings
2775	57	x blocks
2776	57	examine electrodes
2777	21	drop walkie
2778	44	dungeon master, turn dial to 8 and press button
2779	65	gnusto crumpled
2780	57	x prep table
2781	67	get accordion
2782	26	learn krebf
2783	46	read research paper
2784	79	talk to sleaze
2785	65	frotz book
2786	31	light fuse with match
2787	21	drop sticker
2788	67	get aqua vial
2789	67	get treatise
2790	8	press yellow button
2791	42	pour wine in green goblet
2792	57	examine carvings
2793	67	get club
2794	0	put sphere on pentagram
2795	34	remove mask
2796	67	get tin
2797	66	wear badge
2798	15	burn pole with torch
2799	4	satchel
2800	11	look in coat
2801	21	drop tin
2802	67	get chisel
2803	34	remove gloves
2804	46	read back of blue paper
2805	46	read sports in newspaper
2806	21	drop upper card
2807	25	norbert
2808	57	x safe
2809	67	get skull
2810	64	open copier
2811	65	aimfiz belboz
2812	57	x pig
2813	67	get tarot box
2814	11	look in cauldron
2815	46	read blackened
2816	57	x self
2817	51	give kappa to callimachus
2818	26	learn tinsot
2819	14	put berries in pan
2820	41	turn on computestor
2821	14	put new battery in torch
2822	10	pull cord
2823	34	remove padlock
2824	14	put astrolabe in mounting
2825	67	get figure
2826	57	examine ship
2827	67	take 12
2828	67	take fragment from zipper
2829	21	drop amulet
2830	71	enter white door
2831	65	gnusto huncho
2832	67	take robe
2833	57	examine snooker table
2834	34	remove handcuffs
2835	66	wear ring
2836	65	egdelp cabinet
2837	21	drop flask
2838	51	give puzzle box to proprietor
2839	67	take bag
2840	64	marvin, open the hatch
2841	33	ask female about bar
2842	64	open panel
2843	57	examine glass case
2844	46	read crumpled scroll
2845	21	drop all cubes
2846	57	x flue
2847	20	tie rope to altar
2848	25	south
2849	21	drop myrrh
2850	2	drive to covent garden
2851	21	drop volcano in water
2852	21	drop honey
2853	57	x robot
2854	67	take iron key
2855	21	drop portrait and bills
2856	58	wave it in moonlight
2857	3	get out of golden machine
2858	28	point wand at menhir
2859	41	turn on drive
2860	54	unlock jewellery box with gold key
2861	57	x printer
2862	21	drop stool and bucket
2863	67	get mace
2864	11	look in telescope
2865	46	read letter
2866	66	wear glasses
2867	67	get spindle
2868	53	smell car
2869	67	take gothic key
2870	67	take capsule
2871	0	put it on yellowed paper
2872	67	take ladder
2873	67	get novel
2874	55	turn off lantern
2875	11	look shelf
2876	57	examine ball
2877	57	x frank
2878	57	examine book
2879	42	pour water on coin
2880	70	look up ternalim in fresto
2881	67	get boots
2882	66	wear veil
2883	14	put sugar in pan
2884	21	drop bear
2885	65	frotz me
2886	72	stand on beam
2887	8	press forcefield
2888	65	gnusto scroll
2889	67	get topaz
2890	80	show violet to trent
2891	57	x block
2892	51	give ekmek to andromeda
2893	14	put chalice in case
2894	67	get pizza box
2895	57	x cage
2896	46	read ornate scroll
2897	57	x papers
2898	30	break window
2899	57	examine sculpture
2900	33	ask male about work
2901	67	take picture
2902	66	wear watch
2903	46	read page
2904	19	search workbench
2905	71	enter shower
2906	26	learn gondar
2907	57	examine volt meter
2908	57	x blade
2909	21	drop thing
2910	6	wake gnome
2911	26	learn taclor
2912	54	unlock cabinet with shiny key
2913	14	put black in slot
2914	25	go to gnome
2915	67	take green rod
2916	57	examine corpse
2917	0	put mukhtar on table
2918	57	x viewscreen
2919	57	x swallow
2920	21	drop carpet
2921	66	wear spectacles
2922	51	give corn to bird
2923	71	get in bucket
2924	57	examine winch
2925	50	say time
2926	26	learn liskon
2927	51	give cola to guard
2928	65	caskly moldy book
2929	67	get real mirror
2930	17	move carpet
2931	64	open dumpster
2932	67	take jug
2933	71	enter gazebo
2934	67	take statuette
2935	51	give envelope to woman
2936	57	examine television
2937	51	give copy to male
2938	3	get out of bucket
2939	33	ask dragon about white
2940	67	get brown
2941	21	drop remote control
2942	46	read map
2943	21	drop kit
2944	57	examine items
2945	67	get mask
2946	21	drop it and kit
2947	33	ask officer about convention
2948	57	examine wardrobe
2949	57	x skeleton
2950	14	put gram in basket
2951	33	ask k9 about k9
2952	39	touch waterfall
2953	34	remove brick with crowbar
2954	3	exit shack
2955	64	open trapdoor
2956	11	look at list
2957	67	get puzzle box and flute
2958	30	break ampoule
2959	50	oracle, hello
2960	46	read sapphire scratch with glass
2961	76	push boulders
2962	51	give bone to poodle
2963	64	open drawer
2964	36	close slot
2965	57	examine children
2966	67	get poe
2967	51	give gloves to zombie
2968	83	climb pillar
2969	14	put line in socket
2970	52	blow shawm
2971	57	examine gnomon
2972	56	set compass to crane
2973	67	take rune
2974	13	turn it right 5
2975	65	blorple 4
2976	29	follow mouse
2977	65	rezrov alabaster
2978	41	turn projector on
2979	28	point it at lemniscus
2980	21	drop nasty knife
2981	41	turn on stove
2982	14	put scraps in forge
2983	76	push bookcase
2984	57	x rags
2985	22	lower flag
2986	46	read red scroll
2987	73	throw it
2988	41	turn on lantern
2989	57	x grille
2990	11	look at paintings
2991	26	learn swanko
2992	67	take manual
2993	67	get fish
2994	78	jump
2995	46	read business card
2996	46	read paper
2997	14	put egg in pan
2998	13	turn dial to 47
2999	17	move cover
3000	0	put clover on coin
3001	26	learn jindak
3002	57	examine bench
3003	8	press sequence stud
3004	21	drop all except bread
3005	46	read muddy scroll
3006	39	touch thing with pole
3007	19	search top
3008	47	drink beer
3009	64	open pacquet of paper
3010	76	push can against wall
3011	14	put crossbow in sack
3012	67	get crumpled scroll
3013	54	unlock filing cabinet with key
3014	26	learn exex
3015	67	get caliper
3016	64	open hatch with screwdriver
3017	64	open briefcase
3018	51	give card to alan
3019	23	take off scarf
3020	21	drop suit
3021	36	close cabinet
3022	67	get implement
3023	14	put tobacco in pipe
3024	67	get stethoscope
3025	76	push switch
3026	67	take wire
3027	53	smell dirty floor
3028	57	examine box
3029	23	take off gown
3030	74	sit in large chair
3031	11	look in it
3032	0	put pebble on second disk
3033	7	rub bug
3034	21	drop package
3035	67	take ledger
3036	11	look at mural
3037	14	put clock in pot
3038	67	get screwdriver
3039	21	drop trident
3040	21	drop sword
3041	21	drop bible
3042	76	push moldy s
3043	69	ask tip for tool
3044	16	insert interface in nutrimat
3045	67	get particule
3046	13	turn ring to third symbol
3047	73	throw wishbone at ghost
3048	67	take chest
3049	14	put white in toolkit
3050	19	search shelves
3051	46	read leaflet
3052	57	examine plate
3053	54	unlock door with key
3054	67	get scroll
3055	67	get string
3056	11	l
3057	67	take red powder
3058	21	drop zipper
3059	21	drop booklet
3060	0	put laudanum on pork
3061	67	get bear
3062	51	give card to woman
3063	14	put bauble in case
3064	11	look in fissure
3065	67	get teddy
3066	67	get fruit
3067	44	robot, east and south
3068	41	turn on bulb
3069	50	say rat to picasso
3070	57	x creature
3071	42	pour liquid on body
3072	65	meef weeds
3073	51	give paper to girl
3074	2	drive to buckingham palace
3075	67	take cube
3076	14	put all in fireplace
3077	33	ask gnome about fire
3078	66	wear them
3079	39	touch tool stud
3080	14	put small plug in plotter
3081	83	climb stand
3082	39	touch generator
3083	51	give brain to timelord
3084	46	read instructions
3085	8	press 4
3086	36	close torch
3087	67	take chelsea
3088	67	get parcel from cupboard
3089	11	look in crypt
3090	21	drop knapsack
3091	57	x attendant
3092	46	read dirty scroll
3093	26	learn caskly
3094	21	drop jewelry
3095	21	drop room key
3096	14	put canteen in knapsack
3097	57	x coat
3098	67	take wand
3099	65	gnusto fweep spell
3100	0	put balloon on pentagon
3101	67	take gray rod
3102	46	read killing
3103	21	drop pole
3104	13	turn isis
3105	14	put bracelet in case
3106	67	take coin
3107	67	get stone
3108	14	put brown sphere in pot
3109	81	lift grate
3110	60	slide o
3111	66	wear shroud
3112	67	take radio
3113	10	pull flower
3114	49	hit creature with hook
3115	57	examine panel
3116	10	pull pipe
3117	67	take black rod
3118	76	push pet
3119	21	drop biscuit, paper
3120	57	examine bridge
3121	57	x water
3122	14	put rope in unit
3123	36	close tapestry
3124	33	ask male about daddy
3125	67	get up
3126	0	put raisins on celery
3127	57	x bowl
3128	67	get tube
3129	67	get book
3130	67	get emerald
3131	21	drop nugget
3132	67	take berries from pot
3133	57	x status display
3134	65	xyzzy
3135	21	drop bucket
3136	13	turn ring to fifth symbol
3137	64	open cauldron
3138	67	get featureless rod
3139	64	open packet
3140	57	x shaman
3141	64	open tin
3142	14	put bit in tea
3143	11	look under seat
3144	67	get pump
3145	14	put link in chalice
3146	67	take briefcase
3147	0	put beam under lintel
3148	57	x vent
3149	4	3
3150	13	turn it left 7
3151	21	drop chest
3152	67	get paintbrush
3153	67	get gold leaf scroll
3154	44	hole, e
3155	57	examine output
3156	14	put all in toolkit
3157	57	examine slipper
3158	14	put vase in opening
3159	33	ask bum about anna
3160	66	wear it
3161	14	put screwdriver in basket
3162	49	hit dragon with sword
3163	67	take leaf
3164	51	give $56
3165	0	put eight on pack
3166	83	climb down rope
3167	46	read damp scroll
3168	67	tell floyd to get shiny board
3169	74	sit
3170	14	put fig in urn
3171	8	press 3
3172	14	put all in zipper except book
3173	13	turn ring
3174	6	wake homer
3175	76	push pram east
3176	14	put hand in cauldron
3177	67	get jar
3178	20	tie chest to rope
3179	14	put worm in fountain
3180	57	x huge statue
3181	51	give note to man
3182	67	get pouch
3183	21	drop bird
3184	65	vaxum being
3185	7	rub lamp
3186	21	drop drill
3187	67	take scrawled
3188	65	lleps urbzig
3189	67	get flowerpot
3190	57	examine remote control
3191	67	get drill
3192	57	x copy
3193	64	open cage
3194	73	throw all but book into lower chute
3195	14	put egg in pot
3196	50	say my name
3197	67	take key from zipper
3198	14	put sceptre in case
3199	67	get x3, x4, x5, x6
3200	64	open net
3201	51	give magazine to madman
3202	71	enter hole
3203	13	turn roller on
3204	57	x patch
3205	64	open lab uniform
3206	9	write 3 on cube
3207	66	wear fur
3208	33	ask gnome about mother
3209	0	put icicle on lump
3210	67	take crunchy cereal
3211	28	point to coconut
3212	14	put splinter into crevice
3213	14	put sprig in cauldron
3214	78	jump lake
3215	46	read letter to woman
3216	67	get chewed scroll
3217	21	drop key
3218	26	learn rezrov
3219	1	smash seal
3220	14	put bread in zipper
3221	36	close link
3222	67	get 3
3223	11	look in bucket
3224	56	set center dial to 3
3225	11	look in mouth
3226	21	drop plug
3227	46	read ruby scratch with glass
3228	67	take coin from basis
3229	57	examine card
3230	21	drop pyramid
3231	50	say ptolemy
3232	21	drop multi
3233	51	give encyclopedia to marion
3234	57	x keys
3235	25	go stump
3236	9	write mace on featureless
3237	0	put ladder under trap
3238	19	search garbage
3239	60	slide t
3240	67	get bearskin rug
3241	46	read news in newspaper
3242	51	give jewels to guard
3243	67	get green
3244	14	put coins in fur sack
3245	67	take egg from pot
3246	33	ask dragon about jewel
3247	57	examine skeleton
3248	67	take coin from zipper
3249	64	open dresser
3250	22	lower grate
3251	0	put it on henry's tomb
3252	57	x arcade
3253	19	search stand
3254	25	mouse, south
3255	32	play accordion
3256	57	x mukhtar
3257	77	fill bottle
3258	80	show $500
3259	21	drop bowl
3260	52	blow spices at lafond
3261	8	press east wall
3262	41	turn on lamp
3263	76	push wand
3264	0	put umbrella on pool
3265	54	unlock icebox with square key
3266	16	insert yellow card in slot
3267	11	look at shape
3268	57	x painting
3269	67	take note and card
3270	21	drop zm$100000
3271	33	ask k9 about reactor
3272	50	say kaluze
3273	54	unlock gate
3274	31	light torch with newspaper
3275	67	get dragon
3276	67	get opal
3277	34	remove shim
3278	67	get clothes
3279	64	open crate with poker
3280	67	take bandage
3281	57	x photograph
3282	65	rezrov gate
3283	10	pull ropes
3284	21	drop photo
3285	65	fee
3286	10	pull torch
3287	14	put silver coin in pocket
3288	40	sword
3289	67	get key
3290	14	put thumb in hole
3291	14	put ebony in eastern niche
3292	49	hit board
3293	67	take silver rod
3294	67	get indigo card
3295	16	insert orange card in slot
3296	57	x barkeep
3297	21	drop wire
3298	54	unlock door with wrought iron key
3299	64	open wallet
3300	57	x comb
3301	57	x apparatus
3302	26	learn tossio
3303	51	give goggles to cheryl
3304	11	look through binoculars at shelter
3305	33	ask bum about crypt
3306	67	get gas
3307	57	examine statue
3308	54	unlock drawer
3309	25	u
3310	57	x pool
3311	67	take trophy
3312	64	open flask
3313	41	turn on torch
3314	83	climb out of pipe
3315	21	drop canteen and shuttle card
3316	67	get label
3317	67	take green bottle
3318	14	put paper in pocket
3319	46	read slip of paper
3320	65	gnusto espnis
3321	13	turn bolt with wrench
3322	10	pull dial
3323	67	get paddle
3324	65	strike it
3325	49	hit plaster with pickaxe
3326	14	put branch in pit
3327	33	ask male about invitation
3328	57	examine computer
3329	28	point it at thorns
3330	41	turn on engine
3331	67	take sapphire
3332	67	take ribbon
3333	67	take flat key
3334	14	put ship in mounted bottle
3335	57	examine waterfall
3336	67	take pan
3337	65	gnusto zifmia spell
3338	50	say wheel
3339	67	get steel key
3340	57	x clock
3341	9	write on whiteboard with marker
3342	57	x magnetite
3343	57	examine fin
3344	15	burn speck
3345	67	get orb
3346	11	look at furnace
3347	46	read scroll
3348	74	sit in tiny little chair
3349	50	tell gnome about grunk
3350	54	unlock hatch with brass key
3351	14	put bag in case
3352	46	read pages
3353	33	ask gnome about statue
3354	51	give it to girl
3355	21	drop grater
3356	76	push rock
3357	36	close door
3358	17	move rail with bar
3359	57	x opener
3360	13	turn ring to seventh symbol
3361	43	sleep
3362	67	get wallet
3363	57	x kettle
3364	14	put moss in nest
3365	67	take right foot
3366	30	break glass with hammer
3367	39	touch nw rune with rose
3368	30	break padlock with hook
3369	64	open access panel
3370	11	look in zipper
3371	67	take a picture
3372	57	examine porridge oats
3373	3	get out of pentagram
3374	29	follow gnome
3375	78	jump to roof
3376	11	look in keg
3377	10	pull leaves
3378	67	get tobacco,knife,pipe
3379	21	drop match
3380	71	get in floor
3381	57	x stove
3382	52	blow it
3383	80	show envelope to johnny
3384	21	drop parchment
3385	71	get in forklift
3386	28	point down
3387	13	turn dial left
3388	21	drop historical
3389	72	stand on disc
3390	11	look through window
3391	57	examine floor
3392	80	show it to holmes
3393	14	put coin in loans
3394	21	drop magazine
3395	65	strike match
3396	67	get knapsack
3397	76	push poseidon northeast
3398	14	put cereal in pot
3399	64	open fur sack
3400	21	drop egg
3401	65	izyuk me
3402	13	turn crank
3403	19	search ice
3404	80	show note to charles
3405	21	drop clipper
3406	33	ask allarah about jewel
3407	64	open metal cover
3408	21	drop statuette
3409	21	drop scrawled
3410	10	pull clean hook
3411	57	x jail
3412	57	x sonar
3413	67	get hyrax
3414	67	get hand
3415	67	get weeds with fork
3416	64	open container
3417	67	get rope
3418	57	examine white door
3419	34	remove fused bedistor with pliers
3420	80	show warranty
3421	73	throw bricks
3422	36	close canteen
3423	57	x body
3424	14	put bar in case
3425	42	pour wax on floor
3426	34	remove jacket
3427	67	take erbium
3428	46	read card
3429	62	cut clingfilm with knife
3430	67	get candle
3431	33	ask man about hammer
3432	39	touch blue
3433	64	open chest
3434	57	x bag
3435	14	put bug in sack
3436	57	x coach
3437	39	touch information
3438	14	put pass in slot
3439	51	give gram to queenie
3440	67	take crumpled scroll
3441	51	give pork chops to wolf
3442	66	wear cap
3443	57	examine rolls
3444	57	examine garlic
3445	67	get canteen
3446	21	drop ring
3447	50	boo
3448	14	put knife in purse
3449	11	look out window
3450	8	press status stud
3451	14	put dust in vent
3452	36	close plate
3453	65	blorple 2
3454	67	get toaster
3455	21	drop mine
3456	14	put canary in case
3457	41	turn on slide projector
3458	16	insult vincent
3459	26	learn malyon
3460	67	get lockpick
3461	67	get wishbringer
3462	76	push pram e
3463	67	get frog
3464	67	get diamond cluster
3465	49	hit crulley with coffer
3466	17	move bench
3467	60	slide ticket under front
3468	26	learn throck
3469	67	take gnomon
3470	67	take dorkmid
3471	57	x respirator
3472	57	x slot
3473	0	put wheel on peg
3474	14	put paper in receptacle
3475	67	take napkin
3476	65	bozbar horse
3477	57	examine lump
3478	71	enter coffin
3479	53	smell
3480	57	x stalk
3481	71	get in machine
3482	8	press 5
3483	67	get passbook and room key
3484	33	ask gnome about prinout
3485	67	get portrait and bills
3486	62	cut line with dagger
3487	21	drop screwdriver
3488	65	gnusto malyon spell
3489	57	examine machine
3490	57	x horriblis
3491	67	take implementeers
3492	65	anoppe
3493	70	consult scriptures about planes
3494	57	examine fusebox
3495	67	get treasure
3496	64	open torch
3497	3	get out of cot
3498	67	take toad
3499	67	get locket
3500	67	take rod
3501	34	remove towel
3502	57	x rods
3503	21	drop lamp
3504	80	show card to chuckles
3505	67	take dornberries
3506	26	learn pulver
3507	67	get lamp and sword
3508	61	buy drink
3509	65	jindak
3510	26	learn shazok
3511	67	get flute
3512	51	give gram to andrea
3513	30	break frame
3514	21	drop matches
3515	14	put diamond in case
3516	78	jump onto riser
3517	40	yes
3518	28	point at coconut
3519	30	break cabinet
3520	46	read crumpled
3521	67	get hat
3522	14	put it in niche
3523	34	remove glasses
3524	67	take scroll
3525	0	put gown on hook
3526	67	take amethysts
3527	67	take bread from zipper
3528	14	put ticket in slot
3529	67	take dummy
3530	42	pour coffee in drain
3531	73	throw gun at herman
3532	65	gnusto liskon
3533	6	wake up old man
3534	21	drop crayon and pacquet
3535	34	remove old battery
3536	51	give garnet to akbar
3537	21	drop cage
3538	13	turn wheel left
3539	21	drop shawm
3540	14	put green sphere in pot
3541	0	put x12 on first pile
3542	50	say minirva
3543	57	examine dusty book
3544	2	drive to trafalgar square
3545	57	x device
3546	8	press white, gray, black, red, black
3547	47	drink liquid
3548	12	note sink
3549	67	take glasses
3550	10	pull branch
3551	21	drop stethoscope
3552	14	put garlic in cauldron
3553	64	open white door
3554	19	search painting
3555	57	examine sundial
3556	21	drop scarf
3557	21	drop gigantic bowl
3558	21	drop mirror
3559	67	get pillar
3560	67	take hoard
3561	57	x insect
3562	67	get all from coffin
3563	3	get out of forklift
3564	67	take x8, x9, x10, x11
3565	51	give pass to sleaze
3566	65	blorple 10
3567	67	take it
3568	79	talk to britney
3569	14	put it in opening
3570	47	drink potion
3571	67	get test
3572	67	take 10
3573	66	wear locket
3574	64	open pot
3575	64	open cell door
3576	57	x thad
3577	67	take purse
3578	21	drop all except 10, book
3579	10	pull hose
3580	65	fie
3581	76	push red
3582	19	search table
3583	21	drop all but pager
3584	39	touch pad
3585	57	x mushroom
3586	57	x transmit stud
3587	27	strike rod of luck
3588	46	read sign
3589	67	get mine
3590	2	drive to whitehall
3591	21	drop mud
3592	31	light candles with match
3593	4	4
3594	57	examine switch a
3595	57	x pass
3596	57	examine moss
3597	0	put printer on table
3598	46	read label
3599	76	push dionysus southwest
3600	65	gnusto ledak
3601	13	turn knob to high
3602	64	open blue box
3603	13	turn sceptre
3604	1	smash padlock with pickaxe
3605	21	drop wine
3606	54	unlock box with key
3607	67	get bricks
3608	67	get stamp
3609	14	put gum in cauldron
3610	58	wave spindle
3611	19	search valuables
3612	67	get black
3613	67	get gloves
3614	76	push button 9
3615	67	get newspaper
3616	57	x tables
3617	50	eddie, hello
3618	21	drop pager
3619	67	get oil can
3620	11	look at stephanie
3621	57	examine ring
3622	10	cheryl, pull rods
3623	64	adventurer, open door
3624	25	go under wall
3625	67	take handkerchief
3626	21	drop shovel
3627	67	get rug
3628	67	take small key
3629	65	bekdab golem
3630	67	get cloth
3631	67	take stopper
3632	28	point it at knight
3633	67	get bread
3634	67	get sphere
3635	60	slide e
3636	50	hello sailor
3637	15	burn string
3638	14	put arrow in crossbow
3639	41	turn on hair dryer
3640	10	pull railing
3641	65	click lpr
3642	67	take compass rose
3643	54	unlock chain with keys
3644	67	get carton
3645	67	take thyme
3646	67	get robe
3647	57	x electronics
3648	73	throw body in pit
3649	21	drop leaflet
3650	57	x fountain
3651	13	turn dial to 3
3652	21	drop all
3653	65	egdelp golem
3654	57	examine body
3655	65	ozmoo myself
3656	67	get large key
3657	67	get bell
3658	26	learn yomin
3659	65	fwoosh
3660	46	read stained scroll
3661	21	drop yo-yo
3662	13	turn switch with screwdriver
3663	57	examine tomb
3664	54	unlock west door
3665	8	press down button
3666	67	take red scroll
3667	67	get paper
3668	71	enter car
3669	57	examine cylinder
3670	64	open office door
3671	64	open bin
3672	62	cut line with knife
3673	67	get line
3674	67	get mud
3675	50	say boo
3676	76	push tree north
3677	41	turn radio off
3678	22	lower short pole
3679	56	set third wheel to 8
3680	67	get sceptre
3681	57	x hermit
3682	64	open icebox
3683	67	get silver
3684	67	take 3
3685	21	drop water
3686	57	examine red statuette
3687	57	examine tombs
3688	35	shake pack
3689	34	remove fifth brick
3690	40	no
3691	59	eat berries
3692	21	drop vial
3693	67	take eyes with tongs
3694	0	put flag on bed
3695	65	gnusto tinsot
3696	67	take perfume
3697	71	enter shack
3698	67	get garlic
3699	16	insult joe
3700	76	push statue n
3701	71	enter right end of plank
3702	24	kill eranti
3703	67	get shimmering scroll
3704	21	drop stick
3705	21	drop teapot
3706	14	put coin in jukebox
3707	51	give ticket 5802 to barker
3708	64	open filing cabinet
3709	0	put net on hole
3710	11	look at scene
3711	67	get hook
3712	50	say "float"
3713	41	turn on videophone
3714	67	get long steel key
3715	69	ask librarian for book
3716	21	drop all except radio
3717	66	wear suit
3718	67	take dusty brick
3719	5	lie on bed
3720	76	push table e
3721	67	take white scroll
3722	34	remove balls
3723	47	drink whiskey
3724	67	get blanket
3725	21	drop lantern
3726	65	nitfol turtle
3727	41	turn on floyd
3728	13	turn it
3729	46	read subway
3730	67	get miniaturization card
3731	51	give fish to grue
3732	76	push bell
3733	67	get tweezers
3734	31	light salt with bug
3735	14	put shiny in pot
3736	21	drop pickaxe
3737	46	read scriptures
3738	77	fill tank with air
3739	67	get vial, calendar and matchbook
3740	67	get emerald cluster
3741	62	cut green with scalpel
3742	76	push it south
3743	14	put white rod in pot
3744	67	take box
3745	67	get eggs
3746	67	take hamburger
3747	0	put firewood on hearth
3748	64	open locket
3749	47	drink wine
3750	64	open jewelry box
3751	64	open umbrella
3752	5	lie down in front of bulldozer
3753	67	get berries
3754	36	close outer
3755	67	get wrought iron key
3756	67	get note
3757	80	show ribbon to chuckles
3758	8	press switch a
3759	19	search furniture
3760	67	take lantern
3761	67	take wings
3762	0	put house on triangle
3763	67	take fuse
3764	62	cut blue tassel
3765	57	x button
3766	57	x watch
3767	67	get pacquet, paper and crayon
3768	51	give gram to danielle
3769	57	x compass
3770	51	give sushi to samurai
3771	21	drop newspaper
3772	42	pour fluid in hole
3773	80	show case to jenny
3774	80	show crossbow to dragon
3775	21	drop branch
3776	64	open floyd
3777	57	x trapdoor
3778	56	set second wheel to 2
3779	65	gnusto krebf spell
3780	8	press green button
3781	57	x thug
3782	59	eat green
3783	11	look at screen
3784	57	x it
3785	21	drop knife
3786	67	take balsa beam from northern niche
3787	14	put golden cluster in knapsack
3788	73	throw axe at cord
3789	21	drop torch
3790	59	eat bar
3791	25	go chandelier
3792	19	search mess
3793	17	move bookshelf
3794	14	put trunk in case
3795	25	w
3796	54	unlock crypt
3797	77	fill milkbottle with pondwater
3798	28	point east
3799	14	put coin in pocket
3800	25	go to windy cave
3801	65	yomin ogre
3802	65	meef vines
3803	57	x drain
3804	71	enter square
3805	83	climb can
3806	14	put silver sphere in pot
3807	44	hole, w
3808	65	kulcad stairs
3809	54	unlock cupboard with key
3810	14	put ace in projector
3811	8	press green
3812	67	take cup
3813	57	x pots
3814	57	x console
3815	19	search seat
3816	73	throw star at young woman
3817	67	take axe
3818	67	take pebble
3819	34	remove cloak
3820	57	x electric panel
3821	65	taclor me
3822	19	search grass
3823	36	close panel
3824	67	get battery
3825	57	examine drill
3826	65	gloth dough
3827	67	get dagger
3828	20	tie chain to rod
3829	42	pour water on beanstalk
3830	76	push yellow
3831	57	x blank card
3832	57	examine switch b
3833	17	move desk
3834	34	remove bit
3835	75	wait for 36 hours
3836	32	play organ
3837	14	put emerald cluster in knapsack
3838	21	drop lockpick
3839	14	put packet in pot
3840	67	get orange card
3841	67	get bauble
3842	19	search refuse
3843	8	press down
3844	65	gnusto gondar spell
3845	33	ask pedlar about beans
3846	51	give shilling to wiggins
3847	57	examine radio
3848	50	say even
3849	66	wear mask
3850	47	drink drink
3851	46	read diary
3852	57	x brick
3853	66	wear pendant
3854	67	get net
3855	21	drop robe in shaft
3856	57	x rock
3857	68	g
3858	14	put string in brick
3859	67	take thorn
3860	67	take sword
3861	0	put bronze on left
3862	65	blorb adventurer
3863	64	open slot
3864	67	get fan
3865	11	look
3866	11	look in fountain
3867	21	drop cracked
3868	83	climb on table
3869	46	read brittle scroll
3870	70	look up elijah inrecord
3871	21	drop notice
3872	30	break wall
3873	57	x arrangement
3874	67	take carpet
3875	67	take gold box
3876	14	put honey in cauldron
3877	67	get candles
3878	67	take tea
3879	65	liskon self
3880	31	light torch
3881	21	drop stone
3882	57	examine hive
3883	13	turn ring to second symbol
3884	57	x clingfilm
3885	67	get scraps
3886	61	buy peanuts
