0	57	examine post
1	57	examine bandage
2	65	gnusto fiznav
3	65	gnusto wigro
4	64	open panel
5	67	take fragment from zipper
6	70	look up cholok in leshosh
7	14	put coal in basket
8	57	x button
9	66	wear clown mask
10	0	put copper key on keyring
11	21	drop key and brush
12	51	give card to alan
13	14	put opal cluster in knapsack
14	58	wave pole
15	33	ask female about bar
16	67	get luck
17	14	put battery in panel
18	12	note sink
19	72	stand on chair
20	21	drop journal and key
21	67	take hair dryer
22	60	slide s
23	55	turn off machine
24	21	drop grater
25	33	ask male about daddy
26	66	wear badge
27	65	jindak
28	66	wear locket
29	51	give note to man
30	11	look in hole
31	57	examine glass case
32	57	examine skeleton
33	14	put butter in pot
34	67	get shovel
35	57	x chopper
36	66	wear cap
37	57	x camera
38	14	put golden chalice in knapsack
39	56	set dial to 948
40	67	get bird
41	14	put coin in slot
42	57	x compass
43	57	examine white door
44	67	get all
45	67	take chest
46	14	put grenade in cupboard
47	67	get lump
48	57	examine machine
49	65	gnusto ledak
50	67	get blanket
51	67	take dino
52	5	lie in tiny little bed
53	64	open can
54	54	unlock bronze door with key
55	57	x bed
56	46	read memo
57	11	look in overalls
58	67	get particule
59	69	ask for mycroft holmes
60	62	cut flower
61	57	x ladder
62	57	examine stump
63	67	take 10
64	67	get interface
65	67	get balm
66	67	get dynamite
67	67	get kitchen card and upper card
68	64	open cabinet
69	67	get emerald cluster
70	62	cut jacket with glass
71	33	ask hermit about entrance
72	21	drop firestone
73	57	x blank card
74	14	put ball in machine
75	51	give match to man
76	57	x opener
77	14	put gold in toolkit
78	21	drop shawm
79	66	wear boots
80	30	break glass with hammer
81	33	ask male about invitation
82	56	set right dial to 4
83	67	get bar
84	59	eat food
85	67	get fan
86	7	rub bug
87	73	throw ball at umbrella
88	10	pull line
89	48	dig
90	34	remove second board
91	20	tie rope to railing
92	83	climb scarf
93	67	take headphones
94	11	look in displaycase
95	57	x cage
96	67	get bladder
97	41	turn on homing
98	21	drop knife
99	8	press lever
100	67	get jewelry
101	16	insert oar in oarlock
102	14	put gray rod in pot
103	78	jump lake
104	67	get clear sphere
105	34	remove first brick
106	50	idiot
107	10	pull leaves
108	44	repeatedly "turn sceptre" until the coffin opens
109	57	examine computer
110	57	examine diagram
111	65	click on edit
112	79	talk to boy
113	76	push dusty n
114	64	open pram
115	21	drop pouch
116	0	put it on yellowed paper
117	0	put brass key on keyring
118	67	take all from pot
119	0	put pouch under pipe
120	14	put all in fireplace
121	33	ask k9 about k9
122	67	get cube
123	67	get watch
124	57	x cubicles
125	73	throw sand
126	67	get ruby cluster
127	67	get flashlight
128	67	take garlic
129	67	take hoard
130	57	x invite
131	34	remove fused bedistor with pliers
132	10	pull branch
133	57	examine blue carpet
134	57	examine cylinder
135	21	drop hair dryer
136	21	drop matches
137	65	play arcade
138	67	take clock
139	71	enter dory
140	67	get bees
141	14	put glass in crack
142	46	read missive
143	19	search shape
144	30	break cabinet
145	14	put bauble in case
146	59	eat gigantic quantity of just-right porridge
147	39	touch red
148	46	read news in newspaper
149	67	take amber
150	80	show brick to pig
151	21	drop branch
152	11	look in tear
153	46	read huge tome
154	34	remove armour
155	67	get wallet
156	0	put clover on coin
157	14	put cave cube in bottom right socket
158	16	insert violet card in slot
159	65	fwoosh
160	76	push pram south
161	64	open box with tool
162	21	drop coconut
163	14	put it in coffin
164	73	throw body in pit
165	57	x dresser
166	57	examine radio
167	5	lie down in front of bulldozer
168	46	read envelope
169	51	give jewels to guard
170	33	ask barman about job
171	64	open chest with needle
172	57	examine symbols
173	34	remove handcuffs
174	67	take dusty brick
175	65	gnusto gondar spell
176	9	write 3 on cube
177	57	examine lever
178	0	put glob on case
179	65	click designers_manual
180	83	climb beanstalk
181	14	put bread in zipper
182	36	close slot
183	14	put gold in slot
184	21	drop padlock
185	21	drop chair
186	50	eddie, hello
187	67	get buoy
188	67	get poe
189	62	cut blue wire
190	67	take lens
191	67	get album
192	52	blow it
193	33	ask gnome about mother
194	21	drop letter
195	67	get eight
196	67	get club
197	28	point at blue carpet
198	33	ask gnome about fire
199	64	open forge
200	57	x hawk
201	64	open jewellery box
202	67	get stick
203	67	get gumball
204	14	put gnomon in hole
205	16	insert film in film projector
206	36	close drawer
207	14	put jar in purse
208	81	raise short pole
209	71	enter shack
210	36	close panel
211	65	gnusto swanzo spell
212	11	look at controls
213	46	read prayer
214	14	put hand in cauldron
215	33	ask dragon about jewel
216	67	get pack
217	14	put scarab in small recess
218	57	x forest
219	67	get pyramid
220	46	read moldy book
221	57	examine fawkes
222	26	learn lesoch
223	16	insert shiny board in panel
224	29	follow mouse
225	19	search guard
226	67	get head
227	29	follow pig
228	28	point it at metal
229	33	ask hawker about candy
230	46	read red scroll
231	64	open clam with trident
232	14	put it in thing
233	67	get gloves and crowbar
234	57	x form
235	64	open cauldron
236	14	put key in hole
237	67	get glass
238	67	get cloak
239	49	hit comb
240	3	get out of cask
241	33	ask k9 about control
242	67	take fragment
243	61	buy beer
244	67	take fuse
245	21	drop matchbox
246	58	wave spar
247	67	take envelope
248	75	dungeon master, wait
249	14	put rag in pot
250	57	examine slip
251	25	n
252	57	x moss
253	17	move moose
254	7	rub locket
255	54	unlock door with key
256	25	nw
257	73	throw rag at fire
258	21	drop emerald
259	50	say ialdabaoloth
260	67	get canteen
261	5	lie on bed
262	17	move rug
263	14	put large plug in large receptacle
264	58	wave spindle
265	67	get guano, scroll and amber vial
266	65	gnusto gaspar spell
267	67	get treatise
268	51	give pork to wolf
269	51	give coin to gnome
270	31	light coal
271	8	press start
272	20	tie scarf to signpost
273	41	turn on electricity
274	67	take all but pram
275	67	get microphone
276	14	put sceptre in first socket
277	0	put mukhtar on table
278	21	drop dino
279	65	frotz temple
280	46	read sapphire scratch with glass
281	21	drop myrrh
282	67	get miniaturization card
283	80	show note to chuckles
284	13	turn dial right 3
285	57	examine meteor
286	65	gnusto vaxum spell
287	65	foe
288	64	open grate
289	67	get wrought iron key
290	82	shoot rope with crossbow
291	25	mouse, south
292	14	put prize cube in top left socket
293	21	drop glasses
294	50	say candle
295	64	open bag
296	67	get timber
297	33	ask dragon about black
298	67	get chain
299	0	put pallet on boulder
300	33	ask dragon about white
301	65	guncho krill
302	67	get pumpkin
303	67	get fork
304	63	listen to dial
305	57	examine snooker table
306	19	search ruins
307	83	climb out of pipe
308	65	mosaic, lagach
309	57	examine magpie
310	13	turn m
311	21	drop dummy
312	21	drop ring
313	57	x couch
314	59	eat it
315	21	drop crampons
316	59	eat green
317	12	note it
318	67	take hand
319	65	gnoeval
320	80	show hand to urchin
321	42	pour water on coin
322	75	wait for 36 hours
323	67	get flint
324	55	turn off flashlight
325	67	take icicle
326	14	put ruby in red boot
327	21	drop container and assignment
328	11	look in safe
329	67	get trident
330	57	x panels
331	67	get jewellery box
332	67	take kitten
333	73	throw rock at stick
334	33	ask bum about himself
335	56	set second wheel to 2
336	65	caskly chewed scroll
337	76	push play
338	57	examine ship
339	64	open secret door
340	66	wear hat
341	46	read notes
342	67	get epic poem
343	57	x clingfilm
344	25	go through curtain
345	44	hole, n
346	67	get printer
347	57	examine shadow
348	21	drop pump
349	64	open floyd
350	3	get out of bucket
351	67	get note
352	67	get fruit
353	57	examine table
354	76	push piano north
355	67	get earth crystal
356	57	examine lump
357	67	take kettle
358	57	examine fireplace
359	31	light candle with fire
360	51	give lens to norbert
361	67	get off chair
362	14	put piece in locket
363	47	drink liquid
364	57	x brick
365	13	turn it on
366	65	gnusto shiny scroll
367	0	put bazooka on claw
368	67	get penguin
369	64	open fur sack
370	35	shake pan
371	57	x farm
372	76	push blue
373	67	get pages
374	75	wait
375	21	drop magazine
376	26	learn blorb
377	11	look at stephanie
378	67	get maiden
379	51	give paper to professor
380	57	x bushes
381	41	turn on slide projector
382	67	get bench
383	50	say agamemnon
384	57	x note
385	67	get ekmek
386	64	open shield
387	33	ask george about bag
388	57	x coach
389	21	drop pile
390	57	x dragon
391	65	gnusto scroll
392	67	get coffer
393	64	open locker
394	16	insert new battery in laser
395	57	examine bookcase
396	64	open curtains
397	13	turn e
398	21	drop pin
399	21	drop gores
400	67	take eyes with tongs
401	14	put it in niche
402	56	set first wheel to 9
403	49	hit crulley with coffer
404	57	x chest
405	8	press emergency button
406	67	take bar
407	56	set compass to crane
408	66	wear cloak
409	68	g
410	65	egdelp golem
411	9	write chasm on featureless cube
412	67	get accordion
413	10	pull antenna
414	78	jump
415	83	climb on stage
416	57	examine emerald
417	15	burn pole with torch
418	21	drop food
419	49	hit bung with mace
420	65	blorple 5
421	50	say "float"
422	14	put all in zipper except book
423	57	x handle
424	13	turn gnomon
425	67	take hamburger
426	57	x cat
427	0	put flag on bed
428	56	set fifth wheel to 3
429	21	drop firework
430	8	press channel
431	71	enter gazebo
432	65	bekdab golem
433	71	enter waterfall
434	33	ask barkeep about thad
435	57	x attendant
436	34	remove ring
437	67	get paddle
438	65	pick cuffs with needle
439	76	push button
440	57	examine hole
441	0	put red flag on spotted
442	57	x book
443	64	open bottle
444	57	x coat
445	67	get rope
446	57	examine watch
447	57	x machine
448	29	k9, follow me
449	67	get coins
450	71	enter tardis
451	0	put ladder under trap
452	76	push railing
453	47	drink medicine
454	71	dock
455	51	give gloves to zombie
456	11	look in keg
457	64	open package
458	21	drop screwdriver
459	33	ask george about beetlebaum
460	25	go to pig
461	14	put 10 in box
462	41	turn on computestor
463	46	read back of yellow paper
464	25	go north
465	54	unlock cabinet with shiny key
466	67	get white
467	19	search furniture
468	67	get stethoscope
469	67	take coin
470	27	strike rod of bronze
471	76	push pram east
472	67	get spar
473	57	examine corpse
474	57	examine blossoms
475	57	examine tomb
476	64	open claws
477	33	ask george about gumball
478	19	search ash
479	26	learn nitfol
480	57	x natives
481	41	turn on lamp
482	67	get scalpel
483	19	search crates
484	13	turn isis
485	64	open net
486	57	examine compressor
487	57	x blade
488	77	fill bucket with water
489	30	break frame
490	33	ask belboz about cube
491	67	take implementeers
492	80	show card to chuckles
493	0	put bronze on left
494	67	get all from basket
495	67	take a picture
496	67	get indigo card
497	51	give pass to reunite
498	21	drop flint
499	67	get garlic
500	67	get plans
501	0	put peanut butter on celery
502	67	take all except key, whip, stool
503	9	write 6 on cube
504	34	remove bandage
505	76	push joystick west
506	21	drop pole
507	67	get magic porridge pot
508	26	learn izyuk
509	67	take black rod
510	67	get tin
511	57	x feather
512	67	get ticket
513	67	take amethysts
514	8	press buy
515	67	get chisel
516	51	give it to girl
517	67	get blue card
518	57	examine toaster
519	46	read old book
520	67	get pork chops
521	19	search garbage
522	67	take book
523	57	x indicator
524	28	point at vodka
525	64	open icebox
526	53	smell it
527	57	x male
528	4	jacket
529	67	get rod
530	11	look at ron
531	57	x flowers
532	57	x pass
533	67	get satchel
534	71	enter cab
535	11	look at shape
536	34	remove cap
537	14	put ebony in eastern niche
538	67	get mace
539	21	drop bottle
540	64	open lab uniform
541	65	click ftp
542	57	x boots
543	65	foblub man
544	21	drop broom
545	78	jump onto riser
546	19	search grass
547	64	open dish washer
548	14	put round stone into grating
549	57	x carpark
550	21	drop it and kit
551	25	go stump
552	67	get pliers
553	57	examine white  statuette
554	36	close door
555	57	examine cups
556	21	drop box
557	14	put fig in urn
558	64	open hatch
559	14	put embers in coat
560	80	show book to gnome
561	57	x grenade
562	25	norbert
563	40	berknip
564	0	put dart on claw
565	33	ask charles about chest
566	34	remove cloak
567	67	take key
568	14	put all in zipper
569	51	give box of chocolates to jemima
570	21	drop lamp
571	64	open coffin
572	28	point it at lemniscus
573	67	get balls
574	67	get red statuette
575	67	get bomb
576	65	gnusto meef spell
577	9	write 8 on cube
578	35	shake pack
579	46	read brochure
580	19	search ice
581	16	insert beam in niches
582	14	put packet in pan
583	57	examine statue
584	31	light candles with match
585	14	put match in raincoat
586	71	enter handcar
587	22	lower grate
588	26	learn frotz
589	73	throw box at outcropping
590	57	x keypad
591	69	ask for akbar
592	21	drop all except 10, book
593	57	x nest
594	57	x boot
595	35	sharpen knife on rock
596	14	put golden cluster in knapsack
597	44	robot, east and south
598	35	shake lamp
599	39	touch calibration
600	46	read green
601	67	get tools
602	25	go to statue
603	26	learn bozbar
604	14	put guano in cannon
605	48	dig in tub
606	83	climb idol
607	51	dragon, give ring to me
608	11	look in closet
609	67	take 12
610	67	get bazooka
611	73	throw axe at cord
612	25	fore
613	65	melbor myself
614	67	take bottle
615	57	x copier
616	76	push green
617	14	put scalpel in toolkit
618	67	get screwdriver
619	67	get lamp, glass and ampoule
620	67	take light
621	24	kill eranti
622	21	drop blue paper and yellow paper
623	57	examine bones
624	27	strike rod of fire
625	8	press information
626	67	get bottle
627	40	sleaze
628	14	put diamond in case
629	67	get mug
630	71	enter door
631	76	push boulder
632	57	x crowbar
633	21	drop egg
634	67	take bandage
635	67	get mirror 1
636	67	take brown rod
637	25	d
638	51	give gram to jim
639	67	take all
640	76	push joystick east
641	65	covert
642	50	guard, hello
643	67	take axe
644	67	get wheel
645	57	x k9
646	67	get bucket
647	51	give hairpin to mary
648	80	show blue to trent
649	46	read of unseen terror
650	66	wear mask
651	64	open stone door
652	10	pull flower
653	64	open catch
654	51	give encyclopedia to marion
655	14	put chalice in case
656	67	get painting
657	21	drop buoy
658	57	x hermit
659	14	put red cake in pool
660	67	get apple
661	64	knight, open flagstone
662	81	raise beam
663	57	x lever
664	51	give novel to alan
665	61	buy peanuts
666	0	put icicle on lump
667	21	drop biscuit, paper
668	79	talk to reunite
669	11	look at frank
670	67	get popcorn
671	76	push dispenser button
672	64	open case
673	24	kill dragon
674	67	take key from zipper
675	14	put screwdriver in basket
676	10	pull cord
677	65	espnis idol
678	66	wear gown
679	57	examine fin
680	64	open bin
681	67	get sceptre
682	67	take egg
683	57	x barkeep
684	13	turn h
685	21	drop decaf
686	21	drop flat key
687	67	get tea
688	28	point at coconut
689	57	x console
690	21	drop net
691	76	push painting
692	64	open blue bottle
693	21	drop bear
694	79	talk to sleaze
695	67	get it
696	64	open mailbox
697	67	get bone
698	57	examine missile
699	57	x mukhtar
700	67	get pork
701	74	sit in cask
702	39	touch table
703	67	get line
704	39	touch pad
705	67	take jar
706	14	put cube in cauldron
707	33	ask gnome about page
708	76	push rock
709	36	close receptacle
710	14	put bomb in sewer
711	58	wave hairband
712	0	put oak on table
713	67	get dumbells
714	67	get mousetrap
715	67	take foot
716	64	open packet
717	3	exit
718	31	light gas
719	30	break wall
720	46	read leaflet
721	25	right
722	14	put mana in bottom socket
723	8	press ignition
724	46	read diary
725	28	point it at me
726	64	open door with crowbar
727	28	point down
728	67	get golden cluster
729	57	x books
730	57	x control
731	57	x crossbow
732	14	put packet in pot
733	76	push it south
734	41	turn on machine
735	64	open aqua vial
736	74	sit
737	21	drop shim
738	67	get oil can
739	34	remove clothes
740	8	press bottom
741	70	look up ternalim in fresto
742	14	put bar in case
743	47	drink coke
744	66	wear ring
745	67	get hydrant
746	64	open car
747	57	examine chair
748	67	get all from closet
749	71	enter curtain
750	14	put link in drawer
751	0	put laudanum on pork
752	57	examine dial
753	67	take 7
754	39	touch thing with pole
755	57	x bladder
756	64	open cube
757	17	move lighted portrait
758	0	put pebble on second disk
759	71	enter boat
760	67	get coal
761	67	get yellow card
762	33	ask k9 about cybermen
763	67	take coin from basis
764	57	x bones
765	51	give fish to grue
766	46	read label
767	40	reply
768	0	put raisins on celery
769	76	push chandelier
770	64	open outer door
771	51	give fluff to arthur
772	25	east
773	67	get clover
774	64	open royal-blue box
775	79	talk to britney
776	57	examine lemming
777	14	put pouch in toolkit
778	17	move carpet
779	14	put red sphere in pot
780	21	drop gigantic bowl
781	64	open purple book
782	67	get gas
783	58	wave clover
784	67	get boots
785	67	get tablets
786	65	exex turtle
787	53	smell car
788	57	examine cage
789	33	ask delbin about minirva
790	80	show scrap to chuckles
791	26	learn izyuk spell
792	67	take balsa beam
793	21	drop bag
794	56	set radio to 1170
795	67	get firewood
796	64	open air supply system with tool
797	36	close outer door
798	65	gnusto zemdor
799	64	open crate
800	57	x huge statue
801	27	strike rod of ice
802	14	put painting in case
803	67	take cola
804	65	gnusto swanko
805	57	x arcade
806	14	put decaf in pot
807	36	close jar
808	67	get glasses
809	17	move desk
810	26	learn krebf
811	67	take ash tray
812	57	x creature
813	34	remove plug
814	33	ask alan about key
815	80	show $500
816	54	unlock crypt
817	65	liskon snake
818	67	get towel
819	67	get stained scroll
820	13	turn neith
821	11	look in crypt
822	57	examine plans
823	4	city
824	67	get all from cupboard
825	33	ask charles about temple
826	14	put lens in telescope
827	21	drop all but lens
828	25	northeast
829	14	put invite in copier
830	14	put coal in furnace
831	64	open chest
832	67	take iron key
833	65	caskly moldy book
834	67	get bills
835	11	look
836	54	unlock door with iron key
837	76	push ass
838	67	get grater
839	14	put ring, book in sack
840	67	get link
841	14	put coins in fur sack
842	36	close cage
843	57	examine pedestal
844	21	drop cardboardbox
845	67	get pendant
846	83	climb on table
847	67	get cutter
848	67	get berries
849	67	get fluff
850	50	blizzard
851	37	inventory
852	14	put all in toolkit
853	74	sit on dragon
854	57	x mural
855	30	break ampoule
856	67	get box and journal
857	3	exit shack
858	64	dragon, open door
859	13	turn it left 7
860	11	look at bookshelf
861	64	open lid with spade
862	54	unlock box with key
863	67	get black scroll
864	20	tie chest to rope
865	73	throw rope into chute
866	21	drop head
867	67	get yellow
868	57	examine plant pots
869	20	tie rope to k9
870	57	x frank
871	54	unlock door with keys
872	10	pull mat
873	67	get weeds with fork
874	54	unlock chain with brooch
875	14	put bug in sack
876	80	show mouse to elephant
877	76	push lever
878	67	get real mirror
879	67	take all from basis
880	57	examine mouth
881	67	take green sphere
882	26	learn liskon
883	76	push dionysus southwest
884	14	put c battery in drill
885	67	get grimoire from box
886	21	drop card
887	57	examine barrels
888	67	get green
889	21	drop crown, stamp, zorkmid and ruby
890	17	move bench
891	33	ask angela about affliction
892	19	search sludge
893	57	x information stud
894	25	aft
895	67	get chewed scroll
896	36	close oven
897	67	get axe
898	67	get zorkmid
899	57	examine toadstools
900	57	examine huge bed
901	21	drop plug
902	11	look out window
903	31	light firewood with match
904	57	x chandelier
905	65	gnusto espnis
906	14	put laudanum in blue goblet
907	76	push green button
908	0	put scraps on anvil
909	51	give headdress to shaman
910	67	get matchbox
911	57	x counter
912	0	put oil on hatch
913	51	give eggs
914	77	fill bath
915	14	put screwdriver in toolkit
916	50	say alakazam
917	26	learn ozmoo
918	66	wear fur
919	67	get match
920	57	examine rope
921	39	touch bottom
922	57	examine shiny scroll
923	34	remove old battery
924	67	take egg from pot
925	14	put medicine bottle in shaft
926	67	take circuit
927	46	read letter
928	57	examine chasm
929	42	pour vodka in cola
930	44	hole, w
931	65	gnusto shazok
932	21	drop door
933	67	get spoon
934	80	show card to librarian
935	11	look in pit
936	57	examine screen
937	0	put on parka
938	14	put clock in pot
939	57	x block
940	50	say kaluze
941	27	strike returning
942	66	wear crampons
943	26	learn shazok
944	67	take analgesic
945	14	put pass in slot
946	67	get gum
947	20	tie rope to rod
948	69	ask coach for trophy
949	66	wear jacket
950	19	search bones
951	64	open front door
952	67	get locket
953	21	drop amulet
954	76	push pine panel
955	0	put gold coin on right
956	14	put chasm cube in bottom left socket
957	57	x mushroom
958	69	ask for pigeon
959	64	open pouch
960	14	put sack in tesseract
961	80	show ribbon to chuckles
962	33	ask her about key
963	60	slide k
964	58	wave scroll
965	67	get husbandry
966	67	take balloon
967	58	wave crook
968	13	turn ring to sixth symbol
969	57	examine air tank
970	57	examine sapphire
971	67	take erbium
972	80	show ring to michael
973	67	take gold coin from right pan
974	54	unlock grate with keys
975	57	x chairs
976	21	drop chest
977	67	get mirror
978	64	open journal
979	82	shoot mushroom with crossbow
980	42	pour water on plant
981	67	take chelsea
982	57	examine model
983	33	ask k9 about reactor
984	14	put branch in pit
985	21	drop sack
986	67	get tobacco,knife,pipe
987	57	examine herbs
988	30	break door
989	71	enter
990	67	get sash
991	67	get firework
992	54	unlock cupboard with key
993	8	press button
994	67	get garter
995	51	give key to alan
996	80	show case to jenny
997	21	drop drive
998	77	fill canteen
999	57	examine boy
1000	67	take blue carpet
1001	51	give gram to silas
1002	67	get featureless rod
1003	55	turn off electricity
1004	60	slide c
1005	21	drop pencil
1006	79	talk to empirious
1007	57	examine switch b
1008	64	open access panel
1009	67	get all from cabinet
1010	21	drop dragon and paper
1011	81	lift plywood cover
1012	14	put bracelet in case
1013	33	ask gnome about statue
1014	21	drop scarf
1015	57	x bulbs
1016	67	take ledger
1017	16	insert blue card in slot
1018	49	hit creature with hook
1019	78	jump to beanstalk
1020	21	drop remote control
1021	67	take gothic key
1022	79	talk to man
1023	57	examine stars
1024	34	remove goggles
1025	41	turn on space heater
1026	49	hit box
1027	60	slide i
1028	67	get eight of wands
1029	57	x generator access
1030	67	get carton
1031	14	put cube in pot
1032	21	drop candle
1033	50	say ptolemy
1034	67	get remote control
1035	51	give garnet to akbar
1036	80	show file to district attorney
1037	11	look in zipper
1038	0	put firewood on hearth
1039	54	unlock hatch with brass key
1040	57	examine statues
1041	0	put gum on stick
1042	56	set compass to hawk
1043	76	push poseidon northeast
1044	78	jump to brown rock
1045	57	x papers
1046	13	turn dial to 3
1047	79	talk to alltext
1048	19	search painting
1049	67	take flat key
1050	76	push golden machine south
1051	65	blorple x10
1052	57	examine pigeons
1053	57	examine dish
1054	46	read plaque
1055	67	get pillar
1056	34	remove brick
1057	41	turn on floyd
1058	10	pull quartz
1059	39	touch information
1060	3	get out of bunk
1061	62	cut clingfilm with knife
1062	57	x gaping
1063	14	put shiny in pot
1064	67	get bauble
1065	67	get indigo vial
1066	21	drop bible
1067	76	push red
1068	64	open secret panel
1069	66	wear razor
1070	65	click on more
1071	8	press blue button
1072	57	examine floor
1073	33	ask hermit about exit
1074	67	get pole
1075	68	again
1076	71	enter access panel
1077	63	listen to girl
1078	60	slide o
1079	71	enter coffin
1080	26	learn caskly
1081	80	show crossbow to dragon
1082	13	turn sceptre
1083	14	put card in pocket
1084	51	give $56
1085	57	examine dining table
1086	28	point machine at tree
1087	64	open outer
1088	21	drop fifth brick
1089	57	x computers
1090	67	get pizza box
1091	19	search straw
1092	73	throw all but book into lower chute
1093	57	x electronics
1094	67	take burin from zipper
1095	67	take beam from eastern niche
1096	64	open historical
1097	67	get lye
1098	67	take beads
1099	71	enter right end of plank
1100	48	dig ground
1101	57	examine red statuette
1102	31	light newspaper with pipe
1103	25	go through south wall
1104	64	open satchel
1105	51	give pork chops to wolf
1106	67	get booklet
1107	57	examine boots
1108	14	put entrails in body
1109	14	put ladder across rift
1110	21	drop mousetrap
1111	65	gnusto egdelp
1112	76	push filthy n
1113	13	turn ring to third symbol
1114	10	pull breaker
1115	67	get gloves
1116	0	put it on tomb
1117	67	get book
1118	67	get oil
1119	67	get safe
1120	65	blorple 9
1121	57	examine hive
1122	21	drop cage
1123	60	slide l
1124	33	ask holmes about ash
1125	14	put acorns in net
1126	51	give gold key, portrait and bills to demon
1127	76	push coffin w
1128	64	open cage
1129	67	get box
1130	64	open raincoat
1131	67	get crown
1132	46	read it
1133	14	put paper in receptacle
1134	57	x pan
1135	26	learn fweep
1136	67	take hammer
1137	46	read cracked
1138	71	enter outflow pipe
1139	57	examine light
1140	67	take briefcase
1141	21	drop knapsack
1142	4	2
1143	14	put ledger in pot
1144	21	drop all except radio
1145	57	examine splinter
1146	21	drop rug
1147	77	fill tank
1148	3	get out of bed
1149	65	gnusto krebf spell
1150	46	read emerald scratch with glass
1151	64	open cell door
1152	57	examine shroud
1153	46	read dirty scroll
1154	26	learn bekdab
1155	14	put it in hat
1156	57	examine film projector
1157	76	push rod
1158	57	examine tree
1159	57	x hand
1160	67	get nasty knife
1161	21	drop boots
1162	57	examine fence
1163	83	climb can
1164	66	wear pendant
1165	67	get candy
1166	26	learn espnis
1167	65	mix pan
1168	34	remove jacket
1169	67	get peg
1170	67	take crumpled scroll
1171	67	take cereal
1172	57	x boxes
1173	11	look in cannon
1174	11	look in pocket
1175	67	get all from drawer
1176	31	light match
1177	70	look up 1420 in map
1178	67	take dish
1179	51	give gram to alicia
1180	67	get brick
1181	57	examine slot
1182	36	close shield
1183	67	take gloves
1184	61	buy candy from hawker
1185	67	get mail
1186	64	open freezer
1187	40	answer "a well"
1188	57	examine goblin
1189	13	turn bolt with wrench
1190	34	remove new brick with crowbar
1191	14	put canteen in knapsack
1192	67	take all but parchment
1193	26	learn gondar
1194	67	get piece of paper and business card
1195	33	ask him about nelson
1196	57	examine charles
1197	51	give magazine to madman
1198	14	put it in receptacle
1199	65	frotz lantern
1200	36	close hatch
1201	67	get horn
1202	65	pulver river
1203	67	get ruby
1204	67	get coke and carton
1205	65	rezrov alabaster
1206	69	ask gnome for ball
1207	36	close canteen
1208	30	break seal with pickaxe
1209	44	rock, e
1210	76	push purple
1211	14	put match in toolkit
1212	14	put egg in pan
1213	16	insert opal cluster in fourth hole
1214	42	pour liquid on body
1215	76	push demeter southwest
1216	19	search mess
1217	13	turn knob
1218	32	play accordion
1219	57	examine winch
1220	0	put it on henry's tomb
1221	18	tell bum about skull
1222	14	put letter opener in keyhole
1223	67	get novel
1224	67	get oar
1225	57	x gnome
1226	51	give hat to pelican
1227	67	get star
1228	66	wear it
1229	48	dig in sand
1230	76	push right button
1231	49	hit dragon with sword
1232	21	drop banana
1233	14	put probe in slab
1234	67	get secateurs
1235	5	lie in bed
1236	21	drop bowl
1237	67	get c battery
1238	11	look inside tube
1239	36	close it
1240	67	take bag
1241	0	put ladder under tree
1242	67	take bowl
1243	67	get brain
1244	0	put lye on moss
1245	46	read map
1246	67	get ace
1247	57	examine coffin
1248	0	put all on box
1249	58	wave staff
1250	11	l in box
1251	13	turn c
1252	67	get antimacassar
1253	67	get fish
1254	64	open lid
1255	29	follow ford
1256	57	examine gnomon
1257	46	read scrawled
1258	0	put pack on gum
1259	39	touch generator
1260	21	drop mine
1261	52	blow shawm
1262	67	get paintbrush
1263	0	put ash on journal
1264	76	push golden machine east
1265	14	put diamond cluster in first hole
1266	49	hit dog
1267	21	drop cap
1268	14	put arrow in crossbow
1269	33	ask bly about problem
1270	21	drop candles
1271	13	turn dial
1272	57	examine notice
1273	67	get aqua vial
1274	26	learn meef, meef and swanzo
1275	10	pull pipe
1276	57	examine crabs
1277	57	x drain
1278	76	push moldy s
1279	51	give manual
1280	49	hit icicle with umbrella
1281	34	remove brick with crowbar
1282	58	wave sceptre
1283	70	look up indanaz in leshosh
1284	57	examine barrow
1285	57	examine remote control
1286	21	drop newspaper
1287	10	pull anchor
1288	67	get corn
1289	54	unlock gate
1290	67	get arrow
1291	71	enter pram
1292	65	blorple 8
1293	14	put it in bag
1294	57	x generator
1295	19	search table
1296	67	get crampons
1297	67	get rod of ice
1298	67	get flute
1299	21	drop flippers
1300	67	get rug
1301	14	put brown rod in hole
1302	21	drop meter
1303	21	drop multi
1304	64	open handbag
1305	67	get matches
1306	0	put bronze key on keyring
1307	21	drop dusty book
1308	67	get bag
1309	41	turn on bulb
1310	8	press gray button
1311	46	read card
1312	67	get hat
1313	80	show envelope to johnny
1314	51	give gold locket to creature
1315	70	look up croseus in album
1316	67	take dornberries
1317	57	x contact points
1318	83	climb rope
1319	0	put beam under lintel
1320	2	drive to buckingham palace
1321	57	examine door
1322	21	drop bucket
1323	14	put featureless rod in coffin
1324	54	unlock box with screwdriver
1325	14	put gold in plate
1326	16	insert emerald cluster in third hole
1327	67	take butter from pot
1328	67	get
1329	57	x ariana
1330	67	get knife
1331	80	show keepsake to knight
1332	32	play syrinx
1333	3	get out of cot
1334	57	examine fusebox
1335	67	get chalice
1336	57	x district attorney
1337	67	get blueprint
1338	73	throw club at aquarium
1339	67	take balsa beam from northern niche
1340	61	buy sandwich
1341	46	read note
1342	80	show amulet to michael
1343	14	put crossbow in sack
1344	3	get out of chair
1345	83	climb pillar
1346	57	x building
1347	8	press med
1348	71	enter hole
1349	3	get out of golden machine
1350	57	x panel
1351	57	x comb
1352	57	x insect
1353	57	x apparatus
1354	74	sit in tiny little chair
1355	13	turn dial to 1
1356	73	throw axe at dwarf
1357	63	listen
1358	56	set left dial to 7
1359	11	look at window pane
1360	67	get soap
1361	67	get sharp stone
1362	51	give magazine to doc
1363	67	get figure
1364	50	boo
1365	57	examine volt meter
1366	67	get key
1367	67	get flask
1368	33	ask doc about syringe
1369	21	drop magnet
1370	11	look in it
1371	48	dig in ground
1372	42	pour water on net
1373	21	drop kitchen card
1374	21	drop coins
1375	14	put pliers into thing
1376	51	give pass to sleaze
1377	66	wear armour
1378	14	put gum in cauldron
1379	31	light lamp
1380	46	read sign
1381	19	search shelves
1382	69	ask mary for ladder
1383	63	listen to conversation
1384	67	get silver chalice
1385	67	take boots
1386	67	take bread from zipper
1387	67	take handkerchief
1388	13	turn dial left
1389	67	get crow
1390	31	light lantern
1391	80	show green to trent
1392	57	x contraption
1393	80	show invitation to butler
1394	67	get scarab
1395	64	open notebook
1396	21	drop bar
1397	28	point it at knight
1398	33	ask farmer about oyster
1399	34	remove fifth brick
1400	67	get daisy
1401	65	gnusto crumpled
1402	39	touch blue
1403	39	touch man
1404	57	examine memorial
1405	67	take bucket
1406	21	drop all
1407	25	go to windy cave
1408	42	pour water in silver chalice
1409	67	take coin from zipper
1410	67	get scroll
1411	57	examine dagger
1412	57	x mask
1413	2	drive to the embankment
1414	80	show can to pet
1415	67	get newspaper
1416	14	put blue in glasses
1417	0	put printer on table
1418	21	drop peridots
1419	28	point east
1420	34	remove gloves
1421	51	give brain to timelord
1422	67	get test
1423	69	ask librarian for book
1424	21	drop screw
1425	67	get keys
1426	51	give case to harry
1427	39	touch orange
1428	10	pull dial
1429	14	put red in glasses
1430	80	show ledger to magistrate
1431	57	x desks
1432	21	drop balsa wood beam
1433	65	gnusto malyon spell
1434	13	turn crank
1435	65	liskon self
1436	67	get beer
1437	12	note counter
1438	67	take gnomon
1439	44	hole, e
1440	67	get coin
1441	70	look up mordecai in record
1442	67	take headdress
1443	64	open demijohn
1444	66	wear air tank
1445	8	press brown button
1446	67	get piece
1447	57	x box
1448	65	izyuk me
1449	34	remove frock
1450	76	push fountain
1451	67	get pump
1452	57	x clock
1453	76	push button enter
1454	25	mouse, west
1455	57	examine pram
1456	57	examine enclosure
1457	30	break bottle
1458	11	look at screen
1459	14	put egg in pot
1460	67	get ampoule
1461	36	close locket
1462	55	turn off lantern
1463	4	4
1464	14	put honey in cauldron
1465	0	put blanket on grue
1466	65	gnusto throck
1467	64	open curtain
1468	57	x body
1469	51	give cola to guard
1470	54	unlock cage
1471	14	put emerald cluster in knapsack
1472	67	get vial, calendar and matchbook
1473	56	set constellations to horse
1474	65	rewind tape
1475	67	get green card
1476	50	aragon
1477	14	put green sphere in pot
1478	67	get firestone
1479	67	take flour
1480	33	ask bly about monster
1481	62	cut cable
1482	70	look up squirrel in leshosh
1483	11	look into wagon
1484	31	light it
1485	51	give pork to crocodile
1486	14	put eyes in body
1487	60	slide lower card through slot
1488	67	take bird
1489	11	look in cabinet
1490	65	gnusto melbor spell
1491	33	ask about evidence
1492	1	smash seal
1493	2	drive to the monument
1494	80	show photograph to charles
1495	57	x coin
1496	67	take lemming
1497	76	push left button
1498	19	search couch
1499	22	lower flag
1500	21	drop room key
1501	20	tie bucket to rope
1502	46	read frayed scroll
1503	67	get lamp
1504	70	look up heinrich in record
1505	57	examine cottage
1506	50	echo
1507	21	drop pipe
1508	57	x hawks
1509	67	get drawing paper
1510	21	drop rune
1511	79	talk to gnome about mogglev
1512	21	drop notice
1513	57	x hat
1514	25	south
1515	67	take ebony
1516	57	examine searchlight
1517	67	get string
1518	13	turn it right 5
1519	43	sleep
1520	58	wave it
1521	67	get opal cluster
1522	64	open locket
1523	57	examine tracks
1524	67	get wishbringer
1525	83	climb ladder
1526	12	note tables
1527	57	examine dog
1528	65	kulcad stairs
1529	39	touch nw rune with rose
1530	26	learn jindak
1531	57	examine it
1532	67	take gores
1533	17	move handle
1534	24	kill thief with nasty knife
1535	67	get shredded scroll
1536	10	pull railing
1537	17	move rail with bar
1538	14	put carton in oven
1539	82	shoot prey
1540	11	look in box
1541	14	put peg in hole
1542	54	unlock door
1543	64	open jewelry box
1544	49	hit elf
1545	67	get ladder
1546	33	ask female about male
1547	57	examine pockets
1548	51	give gram to queenie
1549	49	hit floor with axe
1550	65	gnusto taclor
1551	13	turn knob to high
1552	14	put knife in zipper
1553	65	gloth dough
1554	50	exodus
1555	21	drop crayon and pacquet
1556	21	drop robe in shaft
1557	16	insert ruby cluster in second hole
1558	46	read research paper
1559	21	drop pyramid
1560	50	say even
1561	61	buy bag
1562	57	x clover
1563	57	examine moss
1564	67	take crowbar
1565	28	point it at goats
1566	57	examine stamps
1567	67	take jug
1568	65	gnusto gloth
1569	65	lleps urbzig
1570	67	get sphere
1571	67	get letter opener
1572	34	remove mask
1573	57	examine mousetrap
1574	21	drop key
1575	61	buy flashlight and repellent
1576	57	examine thin man
1577	66	wear fish
1578	10	pull pin
1579	33	ask governor about key
1580	21	drop all but pager
1581	0	put kettle on stove
1582	67	take flimsy scroll
1583	14	put fluff in bag
1584	21	drop keys
1585	42	pour liquid on torch
1586	57	examine boats
1587	59	eat fruit
1588	21	drop flashlight
1589	54	unlock handcuffs with key
1590	47	drink ochre potion
1591	57	examine hooks
1592	67	get teapot, mat, letter opener, matchbook and paper
1593	46	read notice
1594	38	clean dirty floor with moss
1595	10	pull knob
1596	13	turn switch off
1597	65	blorple 11
1598	57	x crack
1599	10	pull clean hook
1600	51	give gram to ed
1601	64	open shark repellent
1602	54	unlock chain with keys
1603	57	examine cauldron
1604	67	get orb
1605	14	put figurine in case
1606	64	open manhole with crowbar
1607	33	ask fairy godmother about cinderella
1608	57	x gate
1609	14	put all into thing
1610	82	shoot pod with bazooka
1611	67	get jar
1612	64	open pot
1613	46	read list
1614	34	remove padlock
1615	21	drop pot
1616	67	get plotter
1617	56	set compass to swallow
1618	57	x kettle
1619	67	get chest
1620	36	close reactor
1621	54	unlock box 600 with key
1622	9	write 7 on cube
1623	64	open briefcase
1624	14	put rods in socket
1625	67	get orange card
1626	0	put chain on hook
1627	64	open flask
1628	64	open hatch with screwdriver
1629	41	turn drill on
1630	21	drop label
1631	59	eat green goo
1632	21	drop cork
1633	78	jump off equipment
1634	57	x coffee
1635	57	examine tombs
1636	76	push pram e
1637	14	put black in slot
1638	67	get pillow
1639	75	wait for 35 minutes
1640	51	give gram to danielle
1641	21	drop shield
1642	10	pull lever
1643	71	enter inflow pipe
1644	27	strike rod of husbandry
1645	21	drop radio and pole
1646	73	throw red at smoke
1647	67	get gigantic bowl
1648	65	blorple 2
1649	57	x footprints
1650	51	give cola to britney
1651	57	x bubble
1652	25	ahead
1653	65	egdelp cabinet
1654	67	get emerald
1655	60	slide n
1656	12	note dryer
1657	42	pour cold porridge in gigantic bowl
1658	76	push button 9
1659	67	take cushion
1660	57	x librarian
1661	67	take flour from pot
1662	69	ask hacker for master key
1663	67	get out
1664	21	drop bread
1665	57	x knife
1666	59	eat blue cake
1667	36	close cold box
1668	46	read killing
1669	21	drop mud
1670	57	examine rolls
1671	19	search seat
1672	69	ask spirit for name
1673	77	fill pot with water
1674	67	get amber
1675	14	put amber in socket
1676	67	get knapsack
1677	11	look through binoculars at shelter
1678	50	odysseus
1679	50	say firefly to jim
1680	57	x it
1681	57	x magazines
1682	67	get candle
1683	21	drop coin
1684	65	gnusto tossio
1685	31	light pipe with match
1686	57	x forcefield stud
1687	11	look in telescope
1688	54	unlock hatch
1689	59	eat bar
1690	54	unlock chain with key
1691	57	examine children
1692	13	turn sphere
1693	51	give mirror 1 to michael
1694	19	search slabs
1695	57	examine switch
1696	57	examine crypt
1697	9	write cave on cube
1698	65	frotz coin
1699	71	enter stall
1700	21	drop plotter
1701	67	get rasp
1702	67	get electromagnet
1703	46	read crypt
1704	67	take crumpled
1705	57	x minerals
1706	0	put mat under door
1707	21	drop drill
1708	67	take 4
1709	36	close cabinet
1710	67	get homing
1711	67	get diamonds
1712	73	throw bricks
1713	41	turn on magnet
1714	8	press red button
1715	21	drop aqua vial
1716	8	press 4
1717	67	get vase
1718	31	light candle with match
1719	57	x pedestal
1720	41	turn on torch
1721	76	push demeter northwest
1722	57	examine urchin
1723	57	x grill
1724	67	get paper
1725	57	examine thumb
1726	57	examine dynamite
1727	28	point it at mural
1728	67	get dragon
1729	67	get improbability drive
1730	57	x dent
1731	33	ask george about frank
1732	67	take compass rose
1733	14	put coal in machine
1734	46	read ledger
1735	57	examine drill
1736	8	press project status stud
1737	56	set center dial to 3
1738	41	turn on hair dryer
1739	66	wear sack
1740	57	x car
1741	77	fill jug
1742	8	press island
1743	67	get mask
1744	67	get poetry
1745	70	consult scriptures about planes
1746	82	shoot thad
1747	66	wear gas mask
1748	12	note stools
1749	67	get all from table
1750	52	blow dust
1751	0	put golden chalice on left disc
1752	25	out
1753	67	get alpha
1754	16	insert red card in slot
1755	57	x mine
1756	21	drop scroll
1757	67	take bean pole
1758	11	l in cabinet
1759	57	x globe
1760	33	ask allarah about white
1761	67	take cube
1762	26	learn gloth
1763	14	put coin in jukebox
1764	50	here kitty kitty
1765	73	throw iron key at cat
1766	57	x gun
1767	71	enter roller
1768	44	remove opener and drop it
1769	65	gondar dragon
1770	65	bozbar tortoise
1771	73	throw plank
1772	57	x painting
1773	67	take gray rod
1774	54	unlock door with steel key
1775	75	wait for johnny
1776	21	drop secateurs
1777	24	kill figure with sword
1778	28	point it at rod of life
1779	57	examine ash
1780	67	get label
1781	65	blorb adventurer
1782	19	search refuse
1783	14	put satchel in front of panel
1784	67	get hand
1785	57	examine satellite
1786	57	examine washing machine
1787	51	give card to woman
1788	65	manaz
1789	76	push knob
1790	15	burn speck
1791	65	frotz burin
1792	46	read business card
1793	33	ask fairy godmother about horse
1794	64	open box
1795	21	drop chain
1796	14	put brick in hole
1797	67	get puzzle box
1798	64	open jar
1799	51	give fragment to green rock
1800	0	put patch on pipe
1801	67	get film and slide
1802	21	drop perfume
1803	67	get cheese
1804	57	x card
1805	66	wear sash
1806	51	give copy to male
1807	67	get wine
1808	54	unlock door with brass key
1809	61	buy box
1810	67	get acorns
1811	67	get mud
1812	73	throw ball in pond
1813	76	push piano east
1814	67	take ball
1815	67	get portrait
1816	11	look at woods
1817	83	climb piano
1818	0	put gear on post
1819	57	x crane
1820	33	ask allarah about red
1821	67	get ring
1822	67	get staff
1823	0	put key on keyring
1824	67	get flowerpot
1825	57	examine television
1826	26	learn huncho
1827	14	put firework in toolkit
1828	65	huncho vase
1829	70	look up verlac
1830	67	get drill
1831	57	examine electrodes
1832	65	malyon idol
1833	67	get key, jewels and whistle
1834	14	put red sphere in ruby stand
1835	67	get container
1836	46	read pale scroll
1837	67	take leaf
1838	59	eat berries
1839	41	turn on light
1840	57	x blocks
1841	14	put lens in spotlight
1842	65	aimfiz belboz
1843	57	examine sundial
1844	65	rezrov box
1845	4	1
1846	11	look shelf
1847	14	put all in pocket
1848	67	get fig
1849	0	put balloon on pentagon
1850	80	show it to holmes
1851	50	dehlila
1852	14	put pan in water
1853	57	x figure
1854	11	look in bottle
1855	67	take damp scroll
1856	8	press 0
1857	67	get violin, necklace, ruby, zorkmid, stamp, crown and dragon
1858	57	x dials
1859	0	put maiden on pack
1860	67	get blue paper
1861	56	set slider to 31
1862	67	get padlock
1863	57	examine large chair
1864	33	ask male about officer
1865	46	read book
1866	67	get opal
1867	67	get awl
1868	33	ask computestor about videophone
1869	67	get bracelet
1870	67	get branch
1871	21	drop plans
1872	65	gnusto huncho
1873	26	learn rezrov
1874	59	eat brown goo
1875	67	get battery
1876	67	take all from chest
1877	21	drop mirror
1878	65	gnusto tinsot
1879	67	get bones with chopsticks
1880	51	give carton to hacker
1881	67	get torn square
1882	11	look in mouth
1883	67	get pearl
1884	33	ask male about female
1885	14	put dagger in chest
1886	11	look at mural
1887	11	look at tag through lens
1888	71	enter pub
1889	2	drive to trafalgar square
1890	60	slide t
1891	11	look into relay
1892	67	get gold leaf scroll
1893	14	put ace in projector
1894	21	drop historical
1895	66	wear clothes
1896	21	drop crown
1897	83	climb down
1898	18	tell gnome about grunk
1899	67	get bear
1900	67	get smelly scroll
1901	57	x paint splotches
1902	11	look for pig
1903	11	look through astrolabe
1904	33	ask detective about chelsea
1905	57	x carvings
1906	14	put coin in loans
1907	26	learn lobal
1908	67	get toaster
1909	76	push bed
1910	23	take off jacket
1911	57	examine book
1912	55	turn off saw
1913	70	look up index in history book
1914	57	examine plant
1915	64	open grating
1916	48	dig plot with shovel
1917	57	x cup
1918	46	read dusty scroll
1919	65	mix cauldron with spoon
1920	11	look in nest
1921	57	examine blue statuette
1922	11	look in pram
1923	67	get pile
1924	65	ozmoo myself
1925	57	x floorboards
1926	46	read ruby scratch with glass
1927	21	drop it and pliers
1928	30	break padlock with hook
1929	42	pour water on beanstalk
1930	64	open metal cover
1931	19	search grate
1932	21	drop blanket
1933	70	look up elijah inrecord
1934	1	smash cabinet
1935	51	give money to hawker
1936	67	get token
1937	42	pour fluid in hole
1938	14	put it in projector
1939	67	get magic bean
1940	51	give bone to poodle
1941	67	get blue sphere
1942	51	give cereal to hermit
1943	21	drop first brick
1944	14	put crystal in space
1945	66	wear sandals
1946	67	get rubies
1947	65	gnusto luncho
1948	30	break bubble with axe
1949	52	blow in tube
1950	67	take glasses
1951	67	get cup
1952	51	give alpha to apollonius
1953	36	close roof
1954	67	get brass key
1955	65	nitfol turtle
1956	8	press down
1957	57	x marker
1958	21	drop beer can
1959	67	get egg
1960	73	throw brown at black
1961	11	look at device
1962	14	put it in hole
1963	11	look in panel
1964	64	open dumpster
1965	67	get rod of life
1966	57	x implementor
1967	21	drop all cubes
1968	11	look at queenie
1969	33	ask belboz about me
1970	31	light fuse with match
1971	65	fiznav boat
1972	14	put scarab in case
1973	67	take blue
1974	51	give opal, ruby, sapphire and emerald to guard
1975	46	read opal scratch with glass
1976	65	gnusto rezrov spell
1977	14	put red powder in kettle
1978	65	blorple 4
1979	67	take capsule
1980	76	push newspaper under door
1981	58	wave handkerchief
1982	67	get figurine
1983	24	kill sofia with opener
1984	21	drop nasty knife
1985	64	open buoy
1986	10	pull ropes
1987	65	gnusto ozmoo spell
1988	57	x mirror
1989	67	get package
1990	45	pray to kraxis
1991	51	give flask to bum
1992	67	get dead mouse
1993	33	ask george about town
1994	5	lie on couch
1995	57	x horriblis
1996	61	buy c battery and putty
1997	67	get gown
1998	67	take carpet
1999	65	meef weeds
2000	21	drop matchbook
2001	67	take bread
2002	57	examine mesa
2003	14	put headdress in pot
2004	11	look at fireplace
2005	76	push boulders
2006	46	read back of blue paper
2007	36	close lid
2008	57	x gauge
2009	21	drop bandage
2010	64	open lamp
2011	14	put astrolabe in mounting
2012	39	touch panel
2013	57	examine flytrap
2014	8	press blue
2015	64	open slot
2016	65	krebf shredded scroll
2017	39	touch flower
2018	28	point at cola
2019	31	light firework
2020	21	drop cloth
2021	67	take coconut
2022	57	x pair
2023	57	x knob
2024	66	wear amulet
2025	67	get all cards
2026	21	drop pack
2027	67	get scarf
2028	26	learn egdelp
2029	21	drop all bricks
2030	67	get hyrax
2031	81	lift seat
2032	22	lower ladder
2033	33	ask him about librarian
2034	67	get diamond
2035	14	put rope in unit
2036	46	read faded scroll
2037	21	drop bees
2038	67	take flag
2039	57	x fungus
2040	21	drop portrait and bills
2041	20	tie rope to handle
2042	14	put hand in hive
2043	67	get sapphire
2044	67	get lamp and sword
2045	76	push pet
2046	57	x door
2047	14	put amulet in slot
2048	65	lobal me
2049	76	push ball southwest
2050	74	sit in medium-sized chair
2051	14	put epic poem in kappa
2052	67	take hairpin
2053	14	put match in wax
2054	21	drop lump
2055	8	press east wall
2056	21	drop photo
2057	51	give blue goblet to butler
2058	54	unlock car
2059	21	drop carpet
2060	13	turn ring to seventh symbol
2061	33	ask harry about eddie smaldone
2062	14	put diamond in basket
2063	46	read instructions
2064	33	ask bum about anna
2065	33	ask belboz about figure
2066	64	open book
2067	66	wear shield
2068	67	get cue ball
2069	64	open pizza box
2070	76	push piano south
2071	21	drop bladder
2072	54	unlock door with wrought iron key
2073	57	x magnetite
2074	0	put silver coin on left
2075	39	touch control stud
2076	59	eat peanuts
2077	14	put fuse in generator
2078	67	get moss
2079	73	throw it at rabbit
2080	0	put long steel key on keyring
2081	14	put all in thing
2082	46	read back of brown paper
2083	73	throw gun at herman
2084	61	buy blue carpet
2085	10	pull rods
2086	77	fill bowl
2087	26	learn fiznav
2088	21	drop parchment
2089	14	put flimsy scroll in zipper
2090	80	show bar to tina
2091	34	remove coat
2092	67	get sprig
2093	72	stand on charles
2094	57	examine log
2095	67	get invitation
2096	14	put sceptre in second socket
2097	16	insert good bedistor in cube
2098	65	ledak painting
2099	67	get blue
2100	46	read grave
2101	33	ask fairy godmother about dress
2102	50	plover
2103	62	cut green with scalpel
2104	67	get salt
2105	67	get dragon and paper
2106	51	give ekmek to andromeda
2107	80	show red to trent
2108	64	open bio-lock door
2109	67	get lens
2110	67	get kappa
2111	67	get rock
2112	65	click if-archive
2113	57	examine sheets
2114	67	get water
2115	8	press 3
2116	46	read muddy scroll
2117	50	hello sailor
2118	67	get steel key
2119	14	put bladder in sack
2120	17	move bookshelf
2121	67	take card
2122	67	get clothes
2123	65	nitfol frogs
2124	57	examine porridge oats
2125	80	show note to charles
2126	36	close link
2127	9	write 2 on cube
2128	25	north
2129	64	marvin, open the hatch
2130	42	pour water on powder
2131	45	pray
2132	51	give food to bear
2133	67	get tarot box
2134	76	push red button
2135	67	get bananas
2136	67	get collar
2137	14	put rods in coffin
2138	14	put homing in hatch
2139	67	get device
2140	60	slide e
2141	73	throw club at herman
2142	67	take cup
2143	67	get ball
2144	14	put dynamite in toaster
2145	21	drop antimacassar
2146	14	put cereal in pot
2147	40	no
2148	20	tie chain to rod
2149	65	izyuk myself
2150	0	put branch under boulder
2151	67	get red, blue and green cake
2152	46	read blackened
2153	65	gnusto caskly
2154	67	get net
2155	59	eat stew
2156	36	close outer
2157	39	touch ne rune with rose
2158	67	get bean pole
2159	46	read glittering scroll
2160	64	open safe
2161	21	drop mask
2162	58	wave stick
2163	16	insert interface in nutrimat
2164	67	get stone
2165	57	x cutout
2166	57	examine bench
2167	67	take green bottle
2168	67	get matchbook
2169	80	show brick to gnome
2170	54	unlock compartment
2171	59	eat beef
2172	0	put handcuffs on rods
2173	40	swordfish
2174	8	press down button
2175	67	get silver
2176	14	put sheet in tray
2177	67	take 3
2178	57	x fountain
2179	76	push locker east
2180	57	examine tiny metal
2181	51	give goggles to cheryl
2182	46	read faded
2183	65	fie
2184	46	read brittle scroll
2185	51	give pincer to marvin
2186	67	take 1
2187	2	drive to tower of london
2188	67	get eggs
2189	41	turn on flashlight
2190	80	show keys to michael
2191	0	put magnet on mine
2192	67	get rod of returning
2193	14	put bit in cup
2194	26	learn melbor
2195	14	put lye in coat
2196	67	get red sphere
2197	23	take off dress
2198	67	get passbook and room key
2199	67	take dusty scroll
2200	31	light flashlight
2201	26	learn blorple
2202	55	turn drill off
2203	67	take crunchy cereal
2204	21	drop dodo
2205	66	wear skis
2206	67	get can
2207	57	x device
2208	67	take berries from pot
2209	21	drop cutter, flask and axe
2210	2	drive to covent garden
2211	76	push moldy n
2212	67	take clover
2213	19	search oats
2214	67	get relay
2215	14	put scraps in forge
2216	71	enter shower
2217	21	drop shiny key
2218	76	push autopilot button
2219	67	get meter
2220	67	get caliper
2221	67	get vial
2222	51	give book to gnome
2223	14	put gold in unit
2224	46	read pages
2225	20	tie rope to altar
2226	14	put heart in statue
2227	48	dig ground with axe
2228	14	put paper in pocket
2229	64	open jeep
2230	66	wear snorkel
2231	65	bozbar horse
2232	67	get skis
2233	57	examine parchment
2234	57	x bats
2235	16	insert orange card in slot
2236	67	get porridge oats
2237	10	pull lining
2238	14	put blue sphere in sapphire stand
2239	21	drop hammer
2240	21	drop pigeon
2241	83	climb down rope
2242	67	get volume
2243	25	go chandelier
2244	13	turn roller on
2245	57	x city
2246	73	throw laser into void
2247	51	give bread to old man
2248	67	take lantern
2249	28	point rod of returning at me
2250	14	put sceptre in case
2251	65	agganrw
2252	16	insert indigo card in slot
2253	57	examine output
2254	71	enter cloud
2255	57	x label
2256	50	away
2257	11	look in cauldron
2258	14	put ruby cluster in knapsack
2259	67	get dagger
2260	67	take celery
2261	28	point it at thorns
2262	67	get honey
2263	40	sword
2264	14	put card in slot
2265	67	get ox
2266	21	drop kit
2267	64	open fridge
2268	25	go through north wall
2269	71	enter dumb waiter
2270	11	look in crack
2271	6	wake implementor
2272	65	blorple 1
2273	62	cut growth with cutter
2274	65	gnusto zifmia spell
2275	57	examine grimoire
2276	64	open closet
2277	58	wave bean pole
2278	51	give garter to papa
2279	51	give form to barman
2280	23	take off gown
2281	64	open cover
2282	8	press sequence stud
2283	33	ask alan about novel
2284	33	ask gnome about color magnet
2285	81	raise basket
2286	7	rub lamp
2287	38	clean skeleton with moss
2288	64	open portrait
2289	57	x boat
2290	74	sit in large chair
2291	21	drop it
2292	9	write 12 on cube
2293	67	get memo
2294	57	x electric panel
2295	57	x east mural
2296	57	x me
2297	67	take can
2298	54	unlock filing cabinet with key
2299	57	x duct
2300	13	turn nephthys
2301	14	put canary in case
2302	60	slide kitchen card through slot
2303	57	examine teachers
2304	57	examine icicles
2305	54	unlock cabinet with key
2306	67	get pot
2307	65	gnusto exex spell
2308	50	say my name
2309	67	get crumpled scroll
2310	67	get trowel
2311	65	gnusto bekdab
2312	73	throw it
2313	14	put celery in purse
2314	51	give corn to bird
2315	25	go to gnome
2316	33	ask her about rare books
2317	67	take dummy
2318	11	look at shadow
2319	23	take off scarf
2320	46	read paper
2321	57	examine walkie
2322	21	drop all but flashlight
2323	14	put clear sphere in diamond stand
2324	21	drop dagger
2325	11	look behind painting
2326	51	give pan to guard
2327	38	clean podium
2328	46	read crumpled scroll
2329	13	turn ring to fifth symbol
2330	57	examine spade
2331	50	hello
2332	51	give mouse to fairy godmother
2333	14	put it in cannon
2334	77	fill battery
2335	57	examine toadstool
2336	64	open canteen
2337	64	open sack
2338	47	drink water
2339	66	wear flippers
2340	35	shake safe
2341	41	turn on microphone
2342	57	x chair
2343	56	set dial to 776
2344	34	remove balls
2345	14	put it in opening
2346	64	open carton
2347	65	gnusto cleesh spell
2348	14	put bag in case
2349	3	exit scimitar
2350	62	cut coconut with axe
2351	54	unlock drawer
2352	36	close pizza box
2353	76	push bookcase
2354	73	throw sceptre in boat
2355	21	drop briefcase
2356	46	read scroll
2357	36	close matchbook
2358	17	move cover
2359	51	give gram to meghan
2360	47	drink potion
2361	64	open quartz cover
2362	14	put pan in oven
2363	21	drop ox
2364	64	open piano
2365	83	climb porous wall
2366	57	x horse
2367	26	learn exex
2368	14	put coffin in case
2369	13	turn dial left 4
2370	67	get leaflet
2371	57	examine key
2372	14	put coin in net
2373	67	get coffin
2374	41	turn on lantern
2375	19	search pocket
2376	67	get nugget
2377	76	push can against wall
2378	57	examine keg
2379	51	give celery to barb
2380	22	lower basket
2381	65	blorple 10
2382	14	put link in chalice
2383	26	learn pulver
2384	0	put eight on pack
2385	21	drop cracked
2386	14	put ladder in well
2387	20	tie rope to timber
2388	64	open furnace
2389	57	examine card
2390	14	put bladder in geyser
2391	6	wake falcon with salts
2392	21	drop all except bread
2393	67	get pots
2394	66	wear goggles
2395	25	go ledge
2396	65	rezrov cabinet
2397	67	get paint
2398	46	read culture
2399	60	slide shuttle card through slot
2400	67	take all from toolshed
2401	0	put mail on satchel
2402	67	get bricks
2403	62	cut line with axe
2404	25	northwest
2405	67	take decaf from pot
2406	21	drop dusty brick
2407	51	give case to jenny
2408	67	take dirty scroll
2409	36	close circuit breaker
2410	67	take all but lantern
2411	14	put coin in pocket
2412	67	get new battery
2413	67	get tweezers
2414	57	x paper
2415	67	get flash
2416	0	put it on hand
2417	50	say carte
2418	67	get laser
2419	46	read page
2420	33	ask allarah about jewel
2421	51	give paper to girl
2422	46	read slip of paper
2423	74	sit on chair
2424	67	get rusty key
2425	33	ask bum about brother
2426	57	examine bird
2427	21	drop book
2428	46	read matchbook
2429	67	get sack
2430	21	drop pillow
2431	21	drop nugget
2432	0	put collar on dog
2433	57	examine plate
2434	21	drop rusty knife
2435	67	get sketch
2436	65	pick lock with sharp pick
2437	57	x dispenser
2438	51	demon, give me wand
2439	67	take gun
2440	57	x arrangement
2441	21	drop leaflet
2442	16	insert green card in slot
2443	67	take all from basket
2444	21	drop canteen and shuttle card
2445	50	plugh
2446	57	examine lights
2447	76	push button 1
2448	1	smash case with broom
2449	57	x column
2450	57	x copy
2451	14	put rasp into thing
2452	57	x left screen
2453	14	put dornberries in pot
2454	25	e
2455	20	tie rope to branch
2456	51	give form to female
2457	77	fill bottle
2458	57	examine ring
2459	26	learn malyon
2460	69	ask cheryl for hologram
2461	33	ask bum about crypt
2462	9	write 5 on cube
2463	57	x leaf
2464	72	stand on bench
2465	36	close furnace
2466	57	examine woman
2467	57	x outcrop
2468	21	drop brown
2469	8	press powerup
2470	13	turn ring
2471	70	look up trophy in history book
2472	65	fweep me
2473	57	x lye
2474	57	x dust
2475	73	throw rope north
2476	13	turn it
2477	14	put maiden in projector
2478	25	go panel
2479	36	close plate
2480	57	x flower
2481	3	get out of forklift
2482	67	get spices
2483	57	x murals
2484	64	open oven
2485	11	look in bucket
2486	57	x female
2487	33	ask k9 about sequence
2488	57	x grille
2489	67	get spray
2490	19	search pizza
2491	64	open orange vial
2492	67	get long steel key
2493	67	take green rod
2494	57	examine panel
2495	11	look at list
2496	8	press forcefield
2497	17	move barrel
2498	65	espnis thug
2499	67	get mine
2500	13	turn selkis
2501	21	drop jacket
2502	33	ask male about work
2503	44	dungeon master, turn dial to 8 and press button
2504	67	get worm
2505	51	give candy to lizard
2506	67	get cage
2507	67	get scraps
2508	13	turn screw
2509	57	examine body
2510	8	press north wall
2511	67	take knife
2512	21	drop dumbells
2513	57	x key
2514	67	ask wiggins to get garnet
2515	26	learn snavig
2516	21	drop green rod
2517	0	put hand on statue
2518	14	put egg in case
2519	42	pour coffee in drain
2520	46	read blueprint
2521	57	examine switch a
2522	77	fill milkbottle with pondwater
2523	57	examine wardrobe
2524	14	put line in socket
2525	67	take gold key
2526	73	throw book at outcrop
2527	67	take grenade
2528	67	get puzzle box and flute
2529	57	x grass
2530	67	take ladder
2531	67	get rods from sack
2532	67	get suit
2533	16	insert cube in opening
2534	8	press red
2535	57	x fan
2536	21	drop bench
2537	64	adventurer, open door
2538	46	read newspaper
2539	64	open guage
2540	66	wear glasses
2541	39	touch tool stud
2542	21	drop fruit
2543	21	drop camera
2544	57	examine rose
2545	41	turn on drive
2546	66	wear coat
2547	11	look in coat
2548	21	drop eggs
2549	64	open northern door
2550	67	get red card
2551	64	open crate with poker
2552	24	kill skink
2553	21	drop booklet
2554	80	show earth crystal to trent
2555	64	open it
2556	27	strike rod of infinity
2557	57	x guard
2558	65	foo
2559	14	put emerald in case
2560	48	dig earth
2561	57	x cupboard
2562	51	give paper to gnome
2563	67	get card
2564	21	drop fish
2565	64	open door
2566	64	open compartment
2567	65	frotz bottle
2568	47	drink tea
2569	46	read crumpled
2570	66	wear shirt
2571	65	click lpr
2572	65	anoppe
2573	11	l in hatch
2574	67	get topaz
2575	14	put berries in pan
2576	76	push coffin s
2577	14	put mirror 1 in caliper
2578	64	open container
2579	14	put box in zipper
2580	67	get kit
2581	21	drop lockpick
2582	11	l up terrock in leshosh
2583	21	drop pager
2584	21	drop popcorn
2585	0	put flask under spout
2586	11	look in fountain
2587	10	pull second peg
2588	65	gnusto fweep spell
2589	64	open matchbox
2590	65	blorple 7
2591	64	open filing cabinet
2592	0	put beam across doorway
2593	80	show pole to gnome
2594	42	pour water on detective
2595	32	play flute
2596	33	ask allarah about black
2597	50	say oil
2598	11	look behind tapestry
2599	67	get gold locket
2600	57	examine slipper
2601	64	open navy-blue box
2602	67	take ash
2603	64	open coffer
2604	67	get beam
2605	21	drop brass key
2606	67	get beef
2607	14	put control in top socket
2608	26	learn girgol
2609	64	open crypt
2610	46	read history book
2611	34	remove shim
2612	38	clean lump
2613	67	get envelope
2614	39	touch
2615	67	get x3, x4, x5, x6
2616	19	search clothes
2617	67	get crook
2618	36	close raincoat
2619	67	get wig
2620	33	ask delbin about ale
2621	0	put silver chalice on right disc
2622	21	drop map
2623	21	drop lantern
2624	57	examine bottle
2625	67	get golden chalice
2626	21	drop diamonds
2627	57	examine dresser
2628	67	get frog
2629	57	examine box
2630	57	x bowl
2631	76	push ball south
2632	67	get 3
2633	67	get portrait and bills
2634	44	hole, s
2635	8	press status stud
2636	46	read damp scroll
2637	67	get short poem
2638	64	open dresser
2639	21	drop honey
2640	83	climb down chimney
2641	4	paper
2642	14	put jar in knapsack
2643	21	drop pan
2644	21	drop pickaxe
2645	13	turn ring to second symbol
2646	19	search boots
2647	33	ask hacker about keys
2648	11	look in fissure
2649	14	put new battery in torch
2650	21	drop jewelry
2651	21	drop pearl
2652	34	remove hood
2653	7	rub flower
2654	73	throw rod
2655	15	burn rope with candle
2656	26	learn lleps
2657	8	press knob
2658	57	examine waterfall
2659	67	take 9
2660	39	touch obelisk
2661	57	x dusty brick
2662	67	get slip of paper
2663	54	unlock grating with rusty key
2664	57	examine wand
2665	80	show ruby to pigeon
2666	57	examine sculpture
2667	57	examine dusty book
2668	67	get etching
2669	65	golmac me
2670	67	get film
2671	0	put net on hole
2672	26	learn foblub
2673	64	open lab door
2674	67	get brown
2675	34	remove bit
2676	14	put book in cabinet
2677	21	drop green
2678	10	cheryl, pull rods
2679	25	se
2680	57	examine packet
2681	8	press green
2682	57	examine coin
2683	14	put book in large recess
2684	8	press south wall
2685	61	buy electromagnet
2686	55	turn off lamp
2687	67	take beam from southern niche
2688	64	open gate
2689	17	move block
2690	14	put bottle in zipper
2691	66	wear balls
2692	36	close access panel
2693	21	drop paper
2694	66	wear dress
2695	11	look at ring
2696	67	get lantern
2697	67	take feather
2698	67	take keys
2699	81	lift grate
2700	57	x homing
2701	41	turn on film projector
2702	76	push button 7
2703	67	get amulet
2704	60	slide a
2705	66	wear shroud
2706	56	set fourth wheel to 9
2707	67	take butter
2708	67	get medicine bottle
2709	57	x flue
2710	14	put butter in pan
2711	21	drop microphone
2712	46	read journal
2713	33	ask k9 about door
2714	3	get out of basket
2715	67	take gold box
2716	71	enter white door
2717	65	launch command
2718	44	rock, n
2719	73	throw club at belt
2720	33	ask dragon about red
2721	16	insert slide in it
2722	11	look at statue through telescope
2723	39	touch mirror
2724	46	read sports in newspaper
2725	25	ne
2726	67	get rose
2727	67	get magazine
2728	57	x desk
2729	64	open cupboard
2730	70	look up partaim in fresto
2731	57	examine wight
2732	14	put ebony in southern niche
2733	67	get implement
2734	42	pour hot porridge in gigantic bowl
2735	14	put gram in basket
2736	57	examine ball
2737	19	search desk
2738	17	move crank
2739	65	gnusto snavig
2740	46	read ornate scroll
2741	3	get out of boat
2742	0	put ashes on coin
2743	66	wear breeches
2744	14	put brown sphere in pot
2745	40	y
2746	16	insert capsule into reactor
2747	71	enter window
2748	67	get sharp pick
2749	46	read features in newspaper
2750	67	get needle
2751	4	satchel
2752	39	touch mist
2753	21	drop all except bottle
2754	67	get all but dagger
2755	67	get broom
2756	67	get tray
2757	67	get air tank
2758	42	pour liquid on slime
2759	76	push button 3
2760	67	get shuttle card
2761	8	press black
2762	54	unlock chest
2763	51	give note to mr crisp
2764	14	put black rod in hole
2765	46	read letter to woman
2766	50	say boo
2767	21	drop rope
2768	67	get torch
2769	67	get pistol
2770	14	put all in crate
2771	67	get necklace
2772	67	get gem
2773	26	learn swanko
2774	67	get canister
2775	65	foblub yupple
2776	47	drink drink
2777	62	cut line with dagger
2778	67	get teddy
2779	67	get rod of sacrifice
2780	64	open brown bottle
2781	67	take cage
2782	57	examine vegetable plot
2783	65	fee
2784	67	take it
2785	9	write 11 on cube
2786	14	put lemming in cage
2787	11	look at little window
2788	13	turn dial right
2789	14	put hand in liquid
2790	64	open pacquet of paper
2791	54	unlock icebox with square key
2792	57	x curtain
2793	67	take comb
2794	67	get glider
2795	13	turn ring to fourth symbol
2796	14	put compass rose in carving
2797	11	look at scene
2798	21	drop gloves
2799	9	write 4 on cube
2800	67	roustabout, get net
2801	0	put gown on hook
2802	67	get rods from coffin
2803	71	enter car
2804	10	pull hose
2805	74	sit down
2806	19	search thicket
2807	19	search gnome
2808	14	put coin in interest
2809	57	examine tide
2810	67	get rapier
2811	66	wear robe
2812	21	drop calendar
2813	67	get flag
2814	41	turn on engine
2815	67	take coal
2816	71	enter square
2817	21	drop rubies
2818	67	get off carpet
2819	19	search fountain
2820	67	get robe
2821	46	read flimsy scroll
2822	65	gnusto foblub
2823	13	turn dial to 4
2824	25	in
2825	73	throw bottle at thing
2826	21	drop bird
2827	67	get whistle
2828	58	wave beads
2829	50	say -120 to garrulous
2830	49	hit board
2831	67	get amulet and scroll
2832	21	drop fork
2833	26	learn feeyuk
2834	67	get map
2835	10	pull cloth
2836	11	l
2837	0	put flathead on circle
2838	67	get parcel from cupboard
2839	57	examine bridge
2840	35	shake branch
2841	67	get orange vial
2842	64	open receptacle
2843	65	liskon me
2844	14	put cloth in water
2845	62	cut blue tassel
2846	14	put flour in pot
2847	67	get spindle
2848	19	search stand
2849	51	give pumpkin to fairy godmother
2850	65	bunyon
2851	76	push mountain
2852	70	look up edward in record
2853	34	remove hat
2854	34	remove gas mask
2855	21	drop can
2856	46	read poetry
2857	65	gnusto feeyuk
2858	41	turn on stove
2859	67	get up
2860	51	give coin to bartender
2861	34	remove glasses
2862	13	turn dial to 639
2863	80	show egg to adventurer then east
2864	65	huncho me
2865	67	get page
2866	46	read parchment
2867	7	rub it with crayon
2868	46	read booklet
2869	4	3
2870	42	pour milk in cauldron
2871	67	get finch
2872	14	put opener in keyhole
2873	14	put ebony in northern niche
2874	46	read lettering
2875	67	take burin
2876	51	give bananas
2877	67	get cloth
2878	57	x pack
2879	57	examine garlic
2880	67	get wet suit
2881	67	get gold
2882	57	x light
2883	41	turn on autopilot
2884	33	ask kemp about circuit breaker
2885	67	get embers
2886	57	x barman
2887	21	drop necklace and dragon
2888	67	get vellum scroll
2889	57	x metal thing
2890	64	open bird
2891	30	break branch
2892	67	get bearskin rug
2893	65	blorple 12
2894	67	take club
2895	37	i
2896	67	get silver locket
2897	61	buy drink
2898	67	get tube
2899	79	talk to queenie
2900	34	remove junk with forklift
2901	53	smell dirty floor
2902	67	get gear
2903	21	drop radio
2904	2	drive to pinchin lane
2905	67	get bread
2906	67	take binoculars
2907	32	play organ
2908	41	turn on switch
2909	33	ask gnome about prinout
2910	0	put large key on keyring
2911	14	put dust in vent
2912	62	cut branch with knife
2913	67	get flippers
2914	64	open matchbook
2915	67	get spectacles
2916	57	examine safe
2917	57	examine arthur
2918	51	give book to twin
2919	11	look at furnace
2920	76	push filthy s
2921	11	look in rowboat
2922	67	take door
2923	57	examine thyme
2924	57	examine map
2925	65	blorple 3
2926	9	write 1 on cube
2927	67	take astrolabe
2928	13	turn dial to 11
2929	67	get shimmering scroll
2930	47	drink beer
2931	44	open box then get cube
2932	25	go under wall
2933	81	raise lever
2934	78	jump out window
2935	67	take dagger
2936	57	examine silver coin
2937	1	smash padlock with pickaxe
2938	67	get sword
2939	21	drop all but pincer
2940	65	malyon dragon
2941	21	drop package
2942	57	examine carvings
2943	76	push coffin n
2944	57	x ball
2945	11	look at paintings
2946	54	unlock chest with brass key
2947	57	x old man
2948	29	follow gnome
2949	0	put gum on ass
2950	0	put house on triangle
2951	20	tie chain to me
2952	14	put emerald in green boot
2953	67	get brown paper
2954	67	get teapot
2955	14	put pot in case
2956	33	ask george about dehlila
2957	57	examine items
2958	65	meef vines
2959	57	x bay
2960	14	put all except book in zipper
2961	3	get out of long line
2962	65	caskly hut
2963	57	x juke
2964	57	x cooler
2965	13	turn dial to 47
2966	46	read ripped
2967	64	open copier
2968	26	learn ledak
2969	70	look up eustacia in album
2970	67	get coat
2971	57	examine bubble
2972	65	frotz me
2973	67	get x12
2974	19	search picture of cat
2975	8	press green button
2976	59	eat bread
2977	67	get candy and gold key
2978	65	oozelumny
2979	51	give envelope to woman
2980	57	examine refuse
2981	67	get teleportation card and battery
2982	67	get pouch
2983	67	get wand
2984	51	give drink to frank
2985	21	drop scrawled
2986	67	get treasure
2987	21	drop cup
2988	46	read scriptures
2989	19	search machines
2990	21	drop match
2991	67	get pickaxe
2992	77	fill hat with water
2993	67	get crossbow
2994	8	press 5
2995	51	give gram to andrea
2996	46	read gray scroll
2997	67	get large key
2998	64	open desk
2999	65	mural, lagach
3000	14	put mace cube in top right socket
3001	67	get candles
3002	21	drop birdcage
3003	57	x bar
3004	67	take emerald
3005	57	examine reeds
3006	67	take keys with pole
3007	6	wake homer
3008	71	enter dish
3009	70	look up kebarn in leshosh
3010	67	take gumball
3011	65	feeyuk me
3012	14	put red rod in hole
3013	44	robot, north and press triangular button
3014	67	get food
3015	33	ask dragon about trinket
3016	21	drop hoard
3017	31	light candle
3018	67	get all from coffin
3019	50	say minirva
3020	21	drop clipper
3021	9	write 10 on cube
3022	46	read hieroglyphs
3023	77	fill it with water
3024	67	get violet card
3025	53	smell
3026	25	s
3027	67	get pan
3028	67	get all from demijohn
3029	9	write 9 on cube
3030	57	x hole
3031	80	show box to guard
3032	57	examine boulders
3033	67	get pencil
3034	21	drop finch
3035	67	get canary
3036	57	x keys
3037	14	put garlic in cauldron
3038	21	drop all but brain
3039	67	take box
3040	58	wave it in moonlight
3041	64	open blue box
3042	67	get milkbottle
3043	57	examine headphones
3044	11	look into cage
3045	60	slide miniaturization card through slot
3046	59	eat red goo
3047	67	take lamp
3048	76	push dusty s
3049	0	put red flag on speckled
3050	67	get toolkit
3051	76	push bell
3052	51	give bell
3053	15	burn paper
3054	64	open drawer
3055	14	put flour in pan
3056	57	examine coconuts
3057	65	gnusto liskon
3058	65	frotz candle
3059	67	get lockpick
3060	67	get rusty knife
3061	65	frotz book
3062	57	x fuse
3063	57	examine islet
3064	67	get diamond cluster
3065	36	close breaker
3066	21	drop clock
3067	8	press 2
3068	67	get wrench
3069	0	put feather on left
3070	21	drop ladder
3071	25	down
3072	57	x officer
3073	64	open green bottle
3074	74	sit on carpet
3075	14	put moss in nest
3076	57	x kite
3077	21	drop all but candle
3078	67	get stamp
3079	51	give amulet to bum
3080	6	wake gnome
3081	65	click on paper
3082	19	search foundation
3083	73	throw meat in passage
3084	57	x barrels
3085	21	drop red hat
3086	67	get heart from boat
3087	57	x jail
3088	21	drop carton
3089	66	wear gloves
3090	57	x bag
3091	51	give kappa to callimachus
3092	67	get hammer
3093	64	open office door
3094	76	push bunk
3095	21	drop garlic
3096	76	push dionysus southeast
3097	67	get bell
3098	67	get pacquet, paper and crayon
3099	67	take dorkmid
3100	67	get fire
3101	14	put bit in tea
3102	64	open envelope
3103	66	wear balm
3104	64	open slab
3105	10	pull chain
3106	46	read garnet scratch with glass
3107	39	touch powerup stud
3108	57	examine axe
3109	64	open back door
3110	67	get rod of fire
3111	41	turn on toaster
3112	50	oracle, hello
3113	67	take bronze coin from left pan
3114	14	put coin in zipper
3115	67	get skull
3116	19	search snow
3117	67	take dodo
3118	21	drop knife and crowbar
3119	21	drop crumpled
3120	57	x patch
3121	67	get file
3122	17	move floorboards
3123	73	throw green at gray
3124	64	open kit
3125	21	drop painting
3126	25	left
3127	14	put knife in purse
3128	57	examine pedlar
3129	21	drop passbook
3130	21	drop flask
3131	67	get hook
3132	72	stand on beam
3133	5	lie down
3134	67	get black
3135	57	x man
3136	21	drop axe
3137	39	touch notch
